timestamp,meter_type,usage,unit
2024-01-01 00:00:00,electricity,0.72,kWh
2024-01-01 00:00:00,water,3.35,L
2024-01-01 01:00:00,electricity,0.677,kWh
2024-01-01 01:00:00,water,2.534,L
2024-01-01 02:00:00,electricity,0.731,kWh
2024-01-01 02:00:00,water,2.572,L
2024-01-01 03:00:00,electricity,0.791,kWh
2024-01-01 03:00:00,water,3.208,L
2024-01-01 04:00:00,electricity,0.67,kWh
2024-01-01 04:00:00,water,2.977,L
2024-01-01 05:00:00,electricity,0.67,kWh
2024-01-01 05:00:00,water,2.836,L
2024-01-01 06:00:00,electricity,2.583,kWh
2024-01-01 06:00:00,water,50.484,L
2024-01-01 07:00:00,electricity,2.402,kWh
2024-01-01 07:00:00,water,46.012,L
2024-01-01 08:00:00,electricity,2.126,kWh
2024-01-01 08:00:00,water,45.283,L
2024-01-01 09:00:00,electricity,2.352,kWh
2024-01-01 09:00:00,water,49.211,L
2024-01-01 10:00:00,electricity,1.636,kWh
2024-01-01 10:00:00,water,17.19,L
2024-01-01 11:00:00,electricity,1.636,kWh
2024-01-01 11:00:00,water,21.388,L
2024-01-01 12:00:00,electricity,1.758,kWh
2024-01-01 12:00:00,water,16.298,L
2024-01-01 13:00:00,electricity,1.388,kWh
2024-01-01 13:00:00,water,19.419,L
2024-01-01 14:00:00,electricity,1.42,kWh
2024-01-01 14:00:00,water,21.097,L
2024-01-01 15:00:00,electricity,1.62,kWh
2024-01-01 15:00:00,water,15.025,L
2024-01-01 16:00:00,electricity,1.542,kWh
2024-01-01 16:00:00,water,17.258,L
2024-01-01 17:00:00,electricity,3.186,kWh
2024-01-01 17:00:00,water,42.64,L
2024-01-01 18:00:00,electricity,2.808,kWh
2024-01-01 18:00:00,water,42.708,L
2024-01-01 19:00:00,electricity,2.653,kWh
2024-01-01 19:00:00,water,36.728,L
2024-01-01 20:00:00,electricity,3.542,kWh
2024-01-01 20:00:00,water,34.194,L
2024-01-01 21:00:00,electricity,3.019,kWh
2024-01-01 21:00:00,water,25.081,L
2024-01-01 22:00:00,electricity,1.728,kWh
2024-01-01 22:00:00,water,25.696,L
2024-01-01 23:00:00,electricity,1.472,kWh
2024-01-01 23:00:00,water,19.355,L
2024-01-02 00:00:00,electricity,0.649,kWh
2024-01-02 00:00:00,water,2.567,L
2024-01-02 01:00:00,electricity,0.694,kWh
2024-01-02 01:00:00,water,3.081,L
2024-01-02 02:00:00,electricity,0.607,kWh
2024-01-02 02:00:00,water,3.227,L
2024-01-02 03:00:00,electricity,0.712,kWh
2024-01-02 03:00:00,water,2.892,L
2024-01-02 04:00:00,electricity,0.645,kWh
2024-01-02 04:00:00,water,3.245,L
2024-01-02 05:00:00,electricity,0.666,kWh
2024-01-02 05:00:00,water,2.744,L
2024-01-02 06:00:00,electricity,2.097,kWh
2024-01-02 06:00:00,water,33.581,L
2024-01-02 07:00:00,electricity,2.644,kWh
2024-01-02 07:00:00,water,42.711,L
2024-01-02 08:00:00,electricity,2.228,kWh
2024-01-02 08:00:00,water,45.341,L
2024-01-02 09:00:00,electricity,1.995,kWh
2024-01-02 09:00:00,water,43.51,L
2024-01-02 10:00:00,electricity,1.857,kWh
2024-01-02 10:00:00,water,15.497,L
2024-01-02 11:00:00,electricity,1.507,kWh
2024-01-02 11:00:00,water,14.078,L
2024-01-02 12:00:00,electricity,1.752,kWh
2024-01-02 12:00:00,water,16.89,L
2024-01-02 13:00:00,electricity,1.38,kWh
2024-01-02 13:00:00,water,19.939,L
2024-01-02 14:00:00,electricity,1.488,kWh
2024-01-02 14:00:00,water,20.713,L
2024-01-02 15:00:00,electricity,1.75,kWh
2024-01-02 15:00:00,water,20.565,L
2024-01-02 16:00:00,electricity,1.843,kWh
2024-01-02 16:00:00,water,16.238,L
2024-01-02 17:00:00,electricity,3.142,kWh
2024-01-02 17:00:00,water,32.308,L
2024-01-02 18:00:00,electricity,3.053,kWh
2024-01-02 18:00:00,water,39.735,L
2024-01-02 19:00:00,electricity,2.996,kWh
2024-01-02 19:00:00,water,40.358,L
2024-01-02 20:00:00,electricity,2.632,kWh
2024-01-02 20:00:00,water,39.301,L
2024-01-02 21:00:00,electricity,2.866,kWh
2024-01-02 21:00:00,water,17.062,L
2024-01-02 22:00:00,electricity,1.637,kWh
2024-01-02 22:00:00,water,20.159,L
2024-01-02 23:00:00,electricity,1.897,kWh
2024-01-02 23:00:00,water,22.42,L
2024-01-03 00:00:00,electricity,0.71,kWh
2024-01-03 00:00:00,water,3.175,L
2024-01-03 01:00:00,electricity,0.565,kWh
2024-01-03 01:00:00,water,3.276,L
2024-01-03 02:00:00,electricity,0.709,kWh
2024-01-03 02:00:00,water,3.052,L
2024-01-03 03:00:00,electricity,0.66,kWh
2024-01-03 03:00:00,water,3.119,L
2024-01-03 04:00:00,electricity,0.64,kWh
2024-01-03 04:00:00,water,3.031,L
2024-01-03 05:00:00,electricity,0.728,kWh
2024-01-03 05:00:00,water,3.247,L
2024-01-03 06:00:00,electricity,2.461,kWh
2024-01-03 06:00:00,water,46.689,L
2024-01-03 07:00:00,electricity,2.439,kWh
2024-01-03 07:00:00,water,45.355,L
2024-01-03 08:00:00,electricity,2.044,kWh
2024-01-03 08:00:00,water,43.551,L
2024-01-03 09:00:00,electricity,2.162,kWh
2024-01-03 09:00:00,water,45.439,L
2024-01-03 10:00:00,electricity,1.773,kWh
2024-01-03 10:00:00,water,19.047,L
2024-01-03 11:00:00,electricity,1.883,kWh
2024-01-03 11:00:00,water,18.578,L
2024-01-03 12:00:00,electricity,1.634,kWh
2024-01-03 12:00:00,water,18.823,L
2024-01-03 13:00:00,electricity,1.684,kWh
2024-01-03 13:00:00,water,20.9,L
2024-01-03 14:00:00,electricity,1.526,kWh
2024-01-03 14:00:00,water,18.573,L
2024-01-03 15:00:00,electricity,1.511,kWh
2024-01-03 15:00:00,water,16.598,L
2024-01-03 16:00:00,electricity,1.855,kWh
2024-01-03 16:00:00,water,19.909,L
2024-01-03 17:00:00,electricity,3.508,kWh
2024-01-03 17:00:00,water,31.352,L
2024-01-03 18:00:00,electricity,3.067,kWh
2024-01-03 18:00:00,water,32.634,L
2024-01-03 19:00:00,electricity,3.399,kWh
2024-01-03 19:00:00,water,39.011,L
2024-01-03 20:00:00,electricity,3.201,kWh
2024-01-03 20:00:00,water,39.824,L
2024-01-03 21:00:00,electricity,2.89,kWh
2024-01-03 21:00:00,water,19.138,L
2024-01-03 22:00:00,electricity,1.778,kWh
2024-01-03 22:00:00,water,21.466,L
2024-01-03 23:00:00,electricity,1.98,kWh
2024-01-03 23:00:00,water,20.864,L
2024-01-04 00:00:00,electricity,0.684,kWh
2024-01-04 00:00:00,water,2.825,L
2024-01-04 01:00:00,electricity,0.794,kWh
2024-01-04 01:00:00,water,3.34,L
2024-01-04 02:00:00,electricity,0.507,kWh
2024-01-04 02:00:00,water,3.254,L
2024-01-04 03:00:00,electricity,0.743,kWh
2024-01-04 03:00:00,water,2.993,L
2024-01-04 04:00:00,electricity,0.692,kWh
2024-01-04 04:00:00,water,2.803,L
2024-01-04 05:00:00,electricity,0.666,kWh
2024-01-04 05:00:00,water,2.514,L
2024-01-04 06:00:00,electricity,2.251,kWh
2024-01-04 06:00:00,water,52.669,L
2024-01-04 07:00:00,electricity,1.787,kWh
2024-01-04 07:00:00,water,48.197,L
2024-01-04 08:00:00,electricity,2.182,kWh
2024-01-04 08:00:00,water,41.184,L
2024-01-04 09:00:00,electricity,2.31,kWh
2024-01-04 09:00:00,water,48.886,L
2024-01-04 10:00:00,electricity,1.97,kWh
2024-01-04 10:00:00,water,17.848,L
2024-01-04 11:00:00,electricity,1.627,kWh
2024-01-04 11:00:00,water,17.38,L
2024-01-04 12:00:00,electricity,1.577,kWh
2024-01-04 12:00:00,water,18.94,L
2024-01-04 13:00:00,electricity,1.63,kWh
2024-01-04 13:00:00,water,16.398,L
2024-01-04 14:00:00,electricity,1.873,kWh
2024-01-04 14:00:00,water,17.257,L
2024-01-04 15:00:00,electricity,1.772,kWh
2024-01-04 15:00:00,water,18.262,L
2024-01-04 16:00:00,electricity,1.625,kWh
2024-01-04 16:00:00,water,16.921,L
2024-01-04 17:00:00,electricity,3.247,kWh
2024-01-04 17:00:00,water,40.511,L
2024-01-04 18:00:00,electricity,3.119,kWh
2024-01-04 18:00:00,water,45.911,L
2024-01-04 19:00:00,electricity,3.388,kWh
2024-01-04 19:00:00,water,34.106,L
2024-01-04 20:00:00,electricity,2.872,kWh
2024-01-04 20:00:00,water,30.007,L
2024-01-04 21:00:00,electricity,2.988,kWh
2024-01-04 21:00:00,water,17.095,L
2024-01-04 22:00:00,electricity,1.649,kWh
2024-01-04 22:00:00,water,22.094,L
2024-01-04 23:00:00,electricity,1.465,kWh
2024-01-04 23:00:00,water,20.709,L
2024-01-05 00:00:00,electricity,0.707,kWh
2024-01-05 00:00:00,water,3.075,L
2024-01-05 01:00:00,electricity,0.704,kWh
2024-01-05 01:00:00,water,3.048,L
2024-01-05 02:00:00,electricity,0.687,kWh
2024-01-05 02:00:00,water,2.423,L
2024-01-05 03:00:00,electricity,0.67,kWh
2024-01-05 03:00:00,water,2.347,L
2024-01-05 04:00:00,electricity,0.589,kWh
2024-01-05 04:00:00,water,3.107,L
2024-01-05 05:00:00,electricity,0.658,kWh
2024-01-05 05:00:00,water,3.049,L
2024-01-05 06:00:00,electricity,2.154,kWh
2024-01-05 06:00:00,water,42.701,L
2024-01-05 07:00:00,electricity,2.052,kWh
2024-01-05 07:00:00,water,36.051,L
2024-01-05 08:00:00,electricity,2.195,kWh
2024-01-05 08:00:00,water,47.546,L
2024-01-05 09:00:00,electricity,2.321,kWh
2024-01-05 09:00:00,water,51.868,L
2024-01-05 10:00:00,electricity,2.04,kWh
2024-01-05 10:00:00,water,18.6,L
2024-01-05 11:00:00,electricity,1.746,kWh
2024-01-05 11:00:00,water,16.169,L
2024-01-05 12:00:00,electricity,1.76,kWh
2024-01-05 12:00:00,water,18.096,L
2024-01-05 13:00:00,electricity,1.703,kWh
2024-01-05 13:00:00,water,15.049,L
2024-01-05 14:00:00,electricity,1.387,kWh
2024-01-05 14:00:00,water,20.285,L
2024-01-05 15:00:00,electricity,1.711,kWh
2024-01-05 15:00:00,water,18.177,L
2024-01-05 16:00:00,electricity,1.726,kWh
2024-01-05 16:00:00,water,14.181,L
2024-01-05 17:00:00,electricity,3.85,kWh
2024-01-05 17:00:00,water,36.147,L
2024-01-05 18:00:00,electricity,3.029,kWh
2024-01-05 18:00:00,water,39.585,L
2024-01-05 19:00:00,electricity,3.182,kWh
2024-01-05 19:00:00,water,36.001,L
2024-01-05 20:00:00,electricity,3.078,kWh
2024-01-05 20:00:00,water,36.258,L
2024-01-05 21:00:00,electricity,2.728,kWh
2024-01-05 21:00:00,water,19.194,L
2024-01-05 22:00:00,electricity,1.912,kWh
2024-01-05 22:00:00,water,24.03,L
2024-01-05 23:00:00,electricity,1.845,kWh
2024-01-05 23:00:00,water,20.749,L
2024-01-06 00:00:00,electricity,0.606,kWh
2024-01-06 00:00:00,water,2.891,L
2024-01-06 01:00:00,electricity,0.511,kWh
2024-01-06 01:00:00,water,3.726,L
2024-01-06 02:00:00,electricity,0.64,kWh
2024-01-06 02:00:00,water,4.359,L
2024-01-06 03:00:00,electricity,0.483,kWh
2024-01-06 03:00:00,water,3.719,L
2024-01-06 04:00:00,electricity,0.595,kWh
2024-01-06 04:00:00,water,4.713,L
2024-01-06 05:00:00,electricity,0.685,kWh
2024-01-06 05:00:00,water,4.101,L
2024-01-06 06:00:00,electricity,1.644,kWh
2024-01-06 06:00:00,water,60.878,L
2024-01-06 07:00:00,electricity,1.722,kWh
2024-01-06 07:00:00,water,57.599,L
2024-01-06 08:00:00,electricity,1.843,kWh
2024-01-06 08:00:00,water,58.021,L
2024-01-06 09:00:00,electricity,1.733,kWh
2024-01-06 09:00:00,water,56.651,L
2024-01-06 10:00:00,electricity,1.186,kWh
2024-01-06 10:00:00,water,22.551,L
2024-01-06 11:00:00,electricity,1.414,kWh
2024-01-06 11:00:00,water,24.891,L
2024-01-06 12:00:00,electricity,1.255,kWh
2024-01-06 12:00:00,water,20.772,L
2024-01-06 13:00:00,electricity,1.47,kWh
2024-01-06 13:00:00,water,20.379,L
2024-01-06 14:00:00,electricity,1.275,kWh
2024-01-06 14:00:00,water,20.246,L
2024-01-06 15:00:00,electricity,1.622,kWh
2024-01-06 15:00:00,water,29.144,L
2024-01-06 16:00:00,electricity,1.294,kWh
2024-01-06 16:00:00,water,24.889,L
2024-01-06 17:00:00,electricity,2.446,kWh
2024-01-06 17:00:00,water,50.531,L
2024-01-06 18:00:00,electricity,2.733,kWh
2024-01-06 18:00:00,water,42.564,L
2024-01-06 19:00:00,electricity,2.216,kWh
2024-01-06 19:00:00,water,52.397,L
2024-01-06 20:00:00,electricity,2.585,kWh
2024-01-06 20:00:00,water,48.068,L
2024-01-06 21:00:00,electricity,2.858,kWh
2024-01-06 21:00:00,water,30.002,L
2024-01-06 22:00:00,electricity,1.178,kWh
2024-01-06 22:00:00,water,25.822,L
2024-01-06 23:00:00,electricity,1.43,kWh
2024-01-06 23:00:00,water,29.813,L
2024-01-07 00:00:00,electricity,0.576,kWh
2024-01-07 00:00:00,water,3.702,L
2024-01-07 01:00:00,electricity,0.606,kWh
2024-01-07 01:00:00,water,3.542,L
2024-01-07 02:00:00,electricity,0.492,kWh
2024-01-07 02:00:00,water,4.244,L
2024-01-07 03:00:00,electricity,0.487,kWh
2024-01-07 03:00:00,water,3.18,L
2024-01-07 04:00:00,electricity,0.591,kWh
2024-01-07 04:00:00,water,4.164,L
2024-01-07 05:00:00,electricity,0.578,kWh
2024-01-07 05:00:00,water,4.22,L
2024-01-07 06:00:00,electricity,1.871,kWh
2024-01-07 06:00:00,water,52.325,L
2024-01-07 07:00:00,electricity,1.888,kWh
2024-01-07 07:00:00,water,52.741,L
2024-01-07 08:00:00,electricity,1.701,kWh
2024-01-07 08:00:00,water,56.934,L
2024-01-07 09:00:00,electricity,1.868,kWh
2024-01-07 09:00:00,water,60.48,L
2024-01-07 10:00:00,electricity,1.445,kWh
2024-01-07 10:00:00,water,22.971,L
2024-01-07 11:00:00,electricity,1.304,kWh
2024-01-07 11:00:00,water,24.617,L
2024-01-07 12:00:00,electricity,1.666,kWh
2024-01-07 12:00:00,water,28.35,L
2024-01-07 13:00:00,electricity,1.471,kWh
2024-01-07 13:00:00,water,21.974,L
2024-01-07 14:00:00,electricity,1.237,kWh
2024-01-07 14:00:00,water,18.584,L
2024-01-07 15:00:00,electricity,1.496,kWh
2024-01-07 15:00:00,water,25.719,L
2024-01-07 16:00:00,electricity,1.267,kWh
2024-01-07 16:00:00,water,28.127,L
2024-01-07 17:00:00,electricity,2.726,kWh
2024-01-07 17:00:00,water,51.048,L
2024-01-07 18:00:00,electricity,2.82,kWh
2024-01-07 18:00:00,water,42.387,L
2024-01-07 19:00:00,electricity,2.32,kWh
2024-01-07 19:00:00,water,48.025,L
2024-01-07 20:00:00,electricity,2.771,kWh
2024-01-07 20:00:00,water,42.207,L
2024-01-07 21:00:00,electricity,2.632,kWh
2024-01-07 21:00:00,water,31.506,L
2024-01-07 22:00:00,electricity,1.519,kWh
2024-01-07 22:00:00,water,24.507,L
2024-01-07 23:00:00,electricity,1.67,kWh
2024-01-07 23:00:00,water,28.197,L
2024-01-08 00:00:00,electricity,0.67,kWh
2024-01-08 00:00:00,water,2.638,L
2024-01-08 01:00:00,electricity,0.635,kWh
2024-01-08 01:00:00,water,3.046,L
2024-01-08 02:00:00,electricity,0.625,kWh
2024-01-08 02:00:00,water,2.868,L
2024-01-08 03:00:00,electricity,0.63,kWh
2024-01-08 03:00:00,water,3.064,L
2024-01-08 04:00:00,electricity,0.681,kWh
2024-01-08 04:00:00,water,3.008,L
2024-01-08 05:00:00,electricity,0.71,kWh
2024-01-08 05:00:00,water,2.645,L
2024-01-08 06:00:00,electricity,2.293,kWh
2024-01-08 06:00:00,water,48.385,L
2024-01-08 07:00:00,electricity,2.415,kWh
2024-01-08 07:00:00,water,44.737,L
2024-01-08 08:00:00,electricity,2.234,kWh
2024-01-08 08:00:00,water,39.662,L
2024-01-08 09:00:00,electricity,2.555,kWh
2024-01-08 09:00:00,water,57.101,L
2024-01-08 10:00:00,electricity,1.671,kWh
2024-01-08 10:00:00,water,19.029,L
2024-01-08 11:00:00,electricity,2.183,kWh
2024-01-08 11:00:00,water,17.669,L
2024-01-08 12:00:00,electricity,1.823,kWh
2024-01-08 12:00:00,water,21.057,L
2024-01-08 13:00:00,electricity,1.569,kWh
2024-01-08 13:00:00,water,21.978,L
2024-01-08 14:00:00,electricity,1.532,kWh
2024-01-08 14:00:00,water,17.686,L
2024-01-08 15:00:00,electricity,1.799,kWh
2024-01-08 15:00:00,water,18.75,L
2024-01-08 16:00:00,electricity,1.678,kWh
2024-01-08 16:00:00,water,15.866,L
2024-01-08 17:00:00,electricity,3.309,kWh
2024-01-08 17:00:00,water,36.838,L
2024-01-08 18:00:00,electricity,3.235,kWh
2024-01-08 18:00:00,water,36.604,L
2024-01-08 19:00:00,electricity,3.066,kWh
2024-01-08 19:00:00,water,38.332,L
2024-01-08 20:00:00,electricity,2.827,kWh
2024-01-08 20:00:00,water,38.997,L
2024-01-08 21:00:00,electricity,2.621,kWh
2024-01-08 21:00:00,water,24.012,L
2024-01-08 22:00:00,electricity,1.639,kWh
2024-01-08 22:00:00,water,23.142,L
2024-01-08 23:00:00,electricity,1.863,kWh
2024-01-08 23:00:00,water,19.231,L
2024-01-09 00:00:00,electricity,0.701,kWh
2024-01-09 00:00:00,water,2.662,L
2024-01-09 01:00:00,electricity,0.601,kWh
2024-01-09 01:00:00,water,2.803,L
2024-01-09 02:00:00,electricity,0.698,kWh
2024-01-09 02:00:00,water,2.898,L
2024-01-09 03:00:00,electricity,0.713,kWh
2024-01-09 03:00:00,water,3.378,L
2024-01-09 04:00:00,electricity,0.626,kWh
2024-01-09 04:00:00,water,2.581,L
2024-01-09 05:00:00,electricity,0.697,kWh
2024-01-09 05:00:00,water,2.871,L
2024-01-09 06:00:00,electricity,2.244,kWh
2024-01-09 06:00:00,water,50.146,L
2024-01-09 07:00:00,electricity,1.976,kWh
2024-01-09 07:00:00,water,43.381,L
2024-01-09 08:00:00,electricity,2.311,kWh
2024-01-09 08:00:00,water,47.486,L
2024-01-09 09:00:00,electricity,2.356,kWh
2024-01-09 09:00:00,water,44.246,L
2024-01-09 10:00:00,electricity,1.902,kWh
2024-01-09 10:00:00,water,18.555,L
2024-01-09 11:00:00,electricity,1.897,kWh
2024-01-09 11:00:00,water,17.506,L
2024-01-09 12:00:00,electricity,1.48,kWh
2024-01-09 12:00:00,water,19.441,L
2024-01-09 13:00:00,electricity,1.555,kWh
2024-01-09 13:00:00,water,14.663,L
2024-01-09 14:00:00,electricity,1.804,kWh
2024-01-09 14:00:00,water,17.215,L
2024-01-09 15:00:00,electricity,1.804,kWh
2024-01-09 15:00:00,water,18.641,L
2024-01-09 16:00:00,electricity,1.804,kWh
2024-01-09 16:00:00,water,19.153,L
2024-01-09 17:00:00,electricity,4.279,kWh
2024-01-09 17:00:00,water,44.218,L
2024-01-09 18:00:00,electricity,3.265,kWh
2024-01-09 18:00:00,water,35.74,L
2024-01-09 19:00:00,electricity,3.44,kWh
2024-01-09 19:00:00,water,44.158,L
2024-01-09 20:00:00,electricity,3.383,kWh
2024-01-09 20:00:00,water,34.534,L
2024-01-09 21:00:00,electricity,3.29,kWh
2024-01-09 21:00:00,water,26.087,L
2024-01-09 22:00:00,electricity,1.662,kWh
2024-01-09 22:00:00,water,24.707,L
2024-01-09 23:00:00,electricity,1.846,kWh
2024-01-09 23:00:00,water,20.034,L
2024-01-10 00:00:00,electricity,0.633,kWh
2024-01-10 00:00:00,water,3.111,L
2024-01-10 01:00:00,electricity,0.67,kWh
2024-01-10 01:00:00,water,2.982,L
2024-01-10 02:00:00,electricity,0.653,kWh
2024-01-10 02:00:00,water,3.225,L
2024-01-10 03:00:00,electricity,0.692,kWh
2024-01-10 03:00:00,water,2.92,L
2024-01-10 04:00:00,electricity,0.845,kWh
2024-01-10 04:00:00,water,2.889,L
2024-01-10 05:00:00,electricity,0.558,kWh
2024-01-10 05:00:00,water,3.493,L
2024-01-10 06:00:00,electricity,2.384,kWh
2024-01-10 06:00:00,water,44.467,L
2024-01-10 07:00:00,electricity,1.871,kWh
2024-01-10 07:00:00,water,49.463,L
2024-01-10 08:00:00,electricity,2.126,kWh
2024-01-10 08:00:00,water,43.783,L
2024-01-10 09:00:00,electricity,2.474,kWh
2024-01-10 09:00:00,water,54.0,L
2024-01-10 10:00:00,electricity,1.727,kWh
2024-01-10 10:00:00,water,16.535,L
2024-01-10 11:00:00,electricity,1.531,kWh
2024-01-10 11:00:00,water,16.673,L
2024-01-10 12:00:00,electricity,1.593,kWh
2024-01-10 12:00:00,water,21.293,L
2024-01-10 13:00:00,electricity,1.833,kWh
2024-01-10 13:00:00,water,17.039,L
2024-01-10 14:00:00,electricity,1.591,kWh
2024-01-10 14:00:00,water,21.458,L
2024-01-10 15:00:00,electricity,1.753,kWh
2024-01-10 15:00:00,water,19.926,L
2024-01-10 16:00:00,electricity,1.724,kWh
2024-01-10 16:00:00,water,17.666,L
2024-01-10 17:00:00,electricity,2.888,kWh
2024-01-10 17:00:00,water,29.34,L
2024-01-10 18:00:00,electricity,3.751,kWh
2024-01-10 18:00:00,water,37.413,L
2024-01-10 19:00:00,electricity,3.285,kWh
2024-01-10 19:00:00,water,37.957,L
2024-01-10 20:00:00,electricity,2.463,kWh
2024-01-10 20:00:00,water,42.752,L
2024-01-10 21:00:00,electricity,3.146,kWh
2024-01-10 21:00:00,water,26.789,L
2024-01-10 22:00:00,electricity,1.602,kWh
2024-01-10 22:00:00,water,20.651,L
2024-01-10 23:00:00,electricity,1.862,kWh
2024-01-10 23:00:00,water,24.663,L
2024-01-11 00:00:00,electricity,0.632,kWh
2024-01-11 00:00:00,water,3.276,L
2024-01-11 01:00:00,electricity,0.679,kWh
2024-01-11 01:00:00,water,3.386,L
2024-01-11 02:00:00,electricity,0.721,kWh
2024-01-11 02:00:00,water,3.18,L
2024-01-11 03:00:00,electricity,0.746,kWh
2024-01-11 03:00:00,water,2.301,L
2024-01-11 04:00:00,electricity,0.604,kWh
2024-01-11 04:00:00,water,2.944,L
2024-01-11 05:00:00,electricity,0.663,kWh
2024-01-11 05:00:00,water,2.584,L
2024-01-11 06:00:00,electricity,2.125,kWh
2024-01-11 06:00:00,water,43.906,L
2024-01-11 07:00:00,electricity,2.085,kWh
2024-01-11 07:00:00,water,50.292,L
2024-01-11 08:00:00,electricity,2.625,kWh
2024-01-11 08:00:00,water,46.648,L
2024-01-11 09:00:00,electricity,2.321,kWh
2024-01-11 09:00:00,water,51.2,L
2024-01-11 10:00:00,electricity,1.5,kWh
2024-01-11 10:00:00,water,18.738,L
2024-01-11 11:00:00,electricity,1.874,kWh
2024-01-11 11:00:00,water,15.196,L
2024-01-11 12:00:00,electricity,2.08,kWh
2024-01-11 12:00:00,water,12.555,L
2024-01-11 13:00:00,electricity,1.893,kWh
2024-01-11 13:00:00,water,18.321,L
2024-01-11 14:00:00,electricity,1.455,kWh
2024-01-11 14:00:00,water,17.538,L
2024-01-11 15:00:00,electricity,1.633,kWh
2024-01-11 15:00:00,water,15.89,L
2024-01-11 16:00:00,electricity,1.933,kWh
2024-01-11 16:00:00,water,14.327,L
2024-01-11 17:00:00,electricity,2.87,kWh
2024-01-11 17:00:00,water,34.194,L
2024-01-11 18:00:00,electricity,3.226,kWh
2024-01-11 18:00:00,water,36.625,L
2024-01-11 19:00:00,electricity,3.328,kWh
2024-01-11 19:00:00,water,40.496,L
2024-01-11 20:00:00,electricity,2.802,kWh
2024-01-11 20:00:00,water,38.349,L
2024-01-11 21:00:00,electricity,3.07,kWh
2024-01-11 21:00:00,water,26.842,L
2024-01-11 22:00:00,electricity,1.16,kWh
2024-01-11 22:00:00,water,19.704,L
2024-01-11 23:00:00,electricity,1.54,kWh
2024-01-11 23:00:00,water,24.879,L
2024-01-12 00:00:00,electricity,0.669,kWh
2024-01-12 00:00:00,water,3.017,L
2024-01-12 01:00:00,electricity,0.601,kWh
2024-01-12 01:00:00,water,3.25,L
2024-01-12 02:00:00,electricity,0.798,kWh
2024-01-12 02:00:00,water,2.843,L
2024-01-12 03:00:00,electricity,0.588,kWh
2024-01-12 03:00:00,water,3.386,L
2024-01-12 04:00:00,electricity,0.656,kWh
2024-01-12 04:00:00,water,3.106,L
2024-01-12 05:00:00,electricity,0.695,kWh
2024-01-12 05:00:00,water,2.755,L
2024-01-12 06:00:00,electricity,2.552,kWh
2024-01-12 06:00:00,water,44.935,L
2024-01-12 07:00:00,electricity,1.91,kWh
2024-01-12 07:00:00,water,43.706,L
2024-01-12 08:00:00,electricity,2.49,kWh
2024-01-12 08:00:00,water,47.642,L
2024-01-12 09:00:00,electricity,2.233,kWh
2024-01-12 09:00:00,water,38.629,L
2024-01-12 10:00:00,electricity,1.548,kWh
2024-01-12 10:00:00,water,17.937,L
2024-01-12 11:00:00,electricity,1.795,kWh
2024-01-12 11:00:00,water,18.854,L
2024-01-12 12:00:00,electricity,1.75,kWh
2024-01-12 12:00:00,water,18.071,L
2024-01-12 13:00:00,electricity,1.613,kWh
2024-01-12 13:00:00,water,20.909,L
2024-01-12 14:00:00,electricity,1.728,kWh
2024-01-12 14:00:00,water,19.672,L
2024-01-12 15:00:00,electricity,1.65,kWh
2024-01-12 15:00:00,water,17.984,L
2024-01-12 16:00:00,electricity,1.735,kWh
2024-01-12 16:00:00,water,18.468,L
2024-01-12 17:00:00,electricity,3.293,kWh
2024-01-12 17:00:00,water,38.83,L
2024-01-12 18:00:00,electricity,3.579,kWh
2024-01-12 18:00:00,water,39.315,L
2024-01-12 19:00:00,electricity,2.706,kWh
2024-01-12 19:00:00,water,29.285,L
2024-01-12 20:00:00,electricity,3.748,kWh
2024-01-12 20:00:00,water,36.143,L
2024-01-12 21:00:00,electricity,2.486,kWh
2024-01-12 21:00:00,water,18.492,L
2024-01-12 22:00:00,electricity,1.69,kWh
2024-01-12 22:00:00,water,25.951,L
2024-01-12 23:00:00,electricity,1.817,kWh
2024-01-12 23:00:00,water,22.336,L
2024-01-13 00:00:00,electricity,0.577,kWh
2024-01-13 00:00:00,water,3.81,L
2024-01-13 01:00:00,electricity,0.527,kWh
2024-01-13 01:00:00,water,4.32,L
2024-01-13 02:00:00,electricity,0.55,kWh
2024-01-13 02:00:00,water,4.098,L
2024-01-13 03:00:00,electricity,0.534,kWh
2024-01-13 03:00:00,water,3.372,L
2024-01-13 04:00:00,electricity,0.529,kWh
2024-01-13 04:00:00,water,3.867,L
2024-01-13 05:00:00,electricity,0.609,kWh
2024-01-13 05:00:00,water,3.743,L
2024-01-13 06:00:00,electricity,1.89,kWh
2024-01-13 06:00:00,water,46.253,L
2024-01-13 07:00:00,electricity,1.699,kWh
2024-01-13 07:00:00,water,53.654,L
2024-01-13 08:00:00,electricity,1.989,kWh
2024-01-13 08:00:00,water,57.212,L
2024-01-13 09:00:00,electricity,1.881,kWh
2024-01-13 09:00:00,water,57.693,L
2024-01-13 10:00:00,electricity,1.518,kWh
2024-01-13 10:00:00,water,19.238,L
2024-01-13 11:00:00,electricity,1.492,kWh
2024-01-13 11:00:00,water,26.634,L
2024-01-13 12:00:00,electricity,1.288,kWh
2024-01-13 12:00:00,water,23.113,L
2024-01-13 13:00:00,electricity,1.325,kWh
2024-01-13 13:00:00,water,23.505,L
2024-01-13 14:00:00,electricity,1.509,kWh
2024-01-13 14:00:00,water,24.525,L
2024-01-13 15:00:00,electricity,1.49,kWh
2024-01-13 15:00:00,water,21.187,L
2024-01-13 16:00:00,electricity,1.401,kWh
2024-01-13 16:00:00,water,24.681,L
2024-01-13 17:00:00,electricity,2.557,kWh
2024-01-13 17:00:00,water,46.603,L
2024-01-13 18:00:00,electricity,2.85,kWh
2024-01-13 18:00:00,water,43.505,L
2024-01-13 19:00:00,electricity,2.378,kWh
2024-01-13 19:00:00,water,52.105,L
2024-01-13 20:00:00,electricity,2.665,kWh
2024-01-13 20:00:00,water,57.476,L
2024-01-13 21:00:00,electricity,2.476,kWh
2024-01-13 21:00:00,water,31.794,L
2024-01-13 22:00:00,electricity,1.373,kWh
2024-01-13 22:00:00,water,32.49,L
2024-01-13 23:00:00,electricity,1.558,kWh
2024-01-13 23:00:00,water,27.423,L
2024-01-14 00:00:00,electricity,0.608,kWh
2024-01-14 00:00:00,water,3.152,L
2024-01-14 01:00:00,electricity,0.607,kWh
2024-01-14 01:00:00,water,4.597,L
2024-01-14 02:00:00,electricity,0.635,kWh
2024-01-14 02:00:00,water,4.862,L
2024-01-14 03:00:00,electricity,0.563,kWh
2024-01-14 03:00:00,water,4.622,L
2024-01-14 04:00:00,electricity,0.6,kWh
2024-01-14 04:00:00,water,3.743,L
2024-01-14 05:00:00,electricity,0.544,kWh
2024-01-14 05:00:00,water,3.36,L
2024-01-14 06:00:00,electricity,1.884,kWh
2024-01-14 06:00:00,water,51.019,L
2024-01-14 07:00:00,electricity,1.801,kWh
2024-01-14 07:00:00,water,46.68,L
2024-01-14 08:00:00,electricity,1.843,kWh
2024-01-14 08:00:00,water,57.746,L
2024-01-14 09:00:00,electricity,1.934,kWh
2024-01-14 09:00:00,water,69.772,L
2024-01-14 10:00:00,electricity,1.289,kWh
2024-01-14 10:00:00,water,23.002,L
2024-01-14 11:00:00,electricity,1.698,kWh
2024-01-14 11:00:00,water,24.249,L
2024-01-14 12:00:00,electricity,1.263,kWh
2024-01-14 12:00:00,water,27.263,L
2024-01-14 13:00:00,electricity,1.234,kWh
2024-01-14 13:00:00,water,22.265,L
2024-01-14 14:00:00,electricity,1.567,kWh
2024-01-14 14:00:00,water,29.116,L
2024-01-14 15:00:00,electricity,1.515,kWh
2024-01-14 15:00:00,water,28.994,L
2024-01-14 16:00:00,electricity,1.492,kWh
2024-01-14 16:00:00,water,23.032,L
2024-01-14 17:00:00,electricity,2.686,kWh
2024-01-14 17:00:00,water,45.371,L
2024-01-14 18:00:00,electricity,2.524,kWh
2024-01-14 18:00:00,water,52.829,L
2024-01-14 19:00:00,electricity,2.3,kWh
2024-01-14 19:00:00,water,46.717,L
2024-01-14 20:00:00,electricity,2.546,kWh
2024-01-14 20:00:00,water,41.984,L
2024-01-14 21:00:00,electricity,2.356,kWh
2024-01-14 21:00:00,water,33.747,L
2024-01-14 22:00:00,electricity,1.541,kWh
2024-01-14 22:00:00,water,33.52,L
2024-01-14 23:00:00,electricity,1.383,kWh
2024-01-14 23:00:00,water,29.796,L
2024-01-15 00:00:00,electricity,0.63,kWh
2024-01-15 00:00:00,water,2.545,L
2024-01-15 01:00:00,electricity,0.664,kWh
2024-01-15 01:00:00,water,2.557,L
2024-01-15 02:00:00,electricity,0.715,kWh
2024-01-15 02:00:00,water,3.039,L
2024-01-15 03:00:00,electricity,0.648,kWh
2024-01-15 03:00:00,water,2.82,L
2024-01-15 04:00:00,electricity,0.63,kWh
2024-01-15 04:00:00,water,2.877,L
2024-01-15 05:00:00,electricity,0.703,kWh
2024-01-15 05:00:00,water,3.368,L
2024-01-15 06:00:00,electricity,2.285,kWh
2024-01-15 06:00:00,water,48.959,L
2024-01-15 07:00:00,electricity,2.118,kWh
2024-01-15 07:00:00,water,52.442,L
2024-01-15 08:00:00,electricity,2.126,kWh
2024-01-15 08:00:00,water,39.651,L
2024-01-15 09:00:00,electricity,2.283,kWh
2024-01-15 09:00:00,water,43.147,L
2024-01-15 10:00:00,electricity,1.468,kWh
2024-01-15 10:00:00,water,19.639,L
2024-01-15 11:00:00,electricity,1.474,kWh
2024-01-15 11:00:00,water,18.968,L
2024-01-15 12:00:00,electricity,1.593,kWh
2024-01-15 12:00:00,water,21.31,L
2024-01-15 13:00:00,electricity,1.679,kWh
2024-01-15 13:00:00,water,18.908,L
2024-01-15 14:00:00,electricity,1.769,kWh
2024-01-15 14:00:00,water,21.992,L
2024-01-15 15:00:00,electricity,1.969,kWh
2024-01-15 15:00:00,water,19.166,L
2024-01-15 16:00:00,electricity,1.863,kWh
2024-01-15 16:00:00,water,20.294,L
2024-01-15 17:00:00,electricity,3.039,kWh
2024-01-15 17:00:00,water,36.044,L
2024-01-15 18:00:00,electricity,3.083,kWh
2024-01-15 18:00:00,water,37.564,L
2024-01-15 19:00:00,electricity,2.779,kWh
2024-01-15 19:00:00,water,41.599,L
2024-01-15 20:00:00,electricity,3.083,kWh
2024-01-15 20:00:00,water,44.758,L
2024-01-15 21:00:00,electricity,3.0,kWh
2024-01-15 21:00:00,water,24.469,L
2024-01-15 22:00:00,electricity,1.771,kWh
2024-01-15 22:00:00,water,22.275,L
2024-01-15 23:00:00,electricity,1.574,kWh
2024-01-15 23:00:00,water,26.219,L
2024-01-16 00:00:00,electricity,0.722,kWh
2024-01-16 00:00:00,water,2.211,L
2024-01-16 01:00:00,electricity,0.792,kWh
2024-01-16 01:00:00,water,2.488,L
2024-01-16 02:00:00,electricity,0.679,kWh
2024-01-16 02:00:00,water,3.245,L
2024-01-16 03:00:00,electricity,0.714,kWh
2024-01-16 03:00:00,water,3.005,L
2024-01-16 04:00:00,electricity,0.734,kWh
2024-01-16 04:00:00,water,3.218,L
2024-01-16 05:00:00,electricity,0.659,kWh
2024-01-16 05:00:00,water,3.023,L
2024-01-16 06:00:00,electricity,2.281,kWh
2024-01-16 06:00:00,water,48.083,L
2024-01-16 07:00:00,electricity,2.234,kWh
2024-01-16 07:00:00,water,40.602,L
2024-01-16 08:00:00,electricity,2.253,kWh
2024-01-16 08:00:00,water,48.081,L
2024-01-16 09:00:00,electricity,2.058,kWh
2024-01-16 09:00:00,water,50.37,L
2024-01-16 10:00:00,electricity,1.72,kWh
2024-01-16 10:00:00,water,20.636,L
2024-01-16 11:00:00,electricity,1.801,kWh
2024-01-16 11:00:00,water,22.349,L
2024-01-16 12:00:00,electricity,1.965,kWh
2024-01-16 12:00:00,water,18.527,L
2024-01-16 13:00:00,electricity,1.881,kWh
2024-01-16 13:00:00,water,18.592,L
2024-01-16 14:00:00,electricity,2.085,kWh
2024-01-16 14:00:00,water,14.71,L
2024-01-16 15:00:00,electricity,1.584,kWh
2024-01-16 15:00:00,water,16.852,L
2024-01-16 16:00:00,electricity,1.866,kWh
2024-01-16 16:00:00,water,17.583,L
2024-01-16 17:00:00,electricity,3.145,kWh
2024-01-16 17:00:00,water,42.226,L
2024-01-16 18:00:00,electricity,3.765,kWh
2024-01-16 18:00:00,water,34.75,L
2024-01-16 19:00:00,electricity,2.839,kWh
2024-01-16 19:00:00,water,41.084,L
2024-01-16 20:00:00,electricity,2.829,kWh
2024-01-16 20:00:00,water,37.493,L
2024-01-16 21:00:00,electricity,2.904,kWh
2024-01-16 21:00:00,water,22.022,L
2024-01-16 22:00:00,electricity,1.352,kWh
2024-01-16 22:00:00,water,23.172,L
2024-01-16 23:00:00,electricity,1.626,kWh
2024-01-16 23:00:00,water,21.444,L
2024-01-17 00:00:00,electricity,0.634,kWh
2024-01-17 00:00:00,water,2.846,L
2024-01-17 01:00:00,electricity,0.697,kWh
2024-01-17 01:00:00,water,2.386,L
2024-01-17 02:00:00,electricity,0.71,kWh
2024-01-17 02:00:00,water,2.911,L
2024-01-17 03:00:00,electricity,0.815,kWh
2024-01-17 03:00:00,water,2.827,L
2024-01-17 04:00:00,electricity,0.752,kWh
2024-01-17 04:00:00,water,2.814,L
2024-01-17 05:00:00,electricity,0.647,kWh
2024-01-17 05:00:00,water,3.15,L
2024-01-17 06:00:00,electricity,2.03,kWh
2024-01-17 06:00:00,water,48.557,L
2024-01-17 07:00:00,electricity,2.341,kWh
2024-01-17 07:00:00,water,46.254,L
2024-01-17 08:00:00,electricity,1.936,kWh
2024-01-17 08:00:00,water,50.375,L
2024-01-17 09:00:00,electricity,2.639,kWh
2024-01-17 09:00:00,water,48.108,L
2024-01-17 10:00:00,electricity,1.918,kWh
2024-01-17 10:00:00,water,17.363,L
2024-01-17 11:00:00,electricity,1.635,kWh
2024-01-17 11:00:00,water,17.0,L
2024-01-17 12:00:00,electricity,1.422,kWh
2024-01-17 12:00:00,water,18.676,L
2024-01-17 13:00:00,electricity,1.948,kWh
2024-01-17 13:00:00,water,19.239,L
2024-01-17 14:00:00,electricity,1.696,kWh
2024-01-17 14:00:00,water,21.019,L
2024-01-17 15:00:00,electricity,1.928,kWh
2024-01-17 15:00:00,water,20.573,L
2024-01-17 16:00:00,electricity,1.442,kWh
2024-01-17 16:00:00,water,16.83,L
2024-01-17 17:00:00,electricity,2.904,kWh
2024-01-17 17:00:00,water,37.041,L
2024-01-17 18:00:00,electricity,3.09,kWh
2024-01-17 18:00:00,water,40.52,L
2024-01-17 19:00:00,electricity,3.103,kWh
2024-01-17 19:00:00,water,42.306,L
2024-01-17 20:00:00,electricity,2.95,kWh
2024-01-17 20:00:00,water,41.725,L
2024-01-17 21:00:00,electricity,3.281,kWh
2024-01-17 21:00:00,water,22.328,L
2024-01-17 22:00:00,electricity,1.533,kWh
2024-01-17 22:00:00,water,19.114,L
2024-01-17 23:00:00,electricity,1.692,kWh
2024-01-17 23:00:00,water,19.803,L
2024-01-18 00:00:00,electricity,0.695,kWh
2024-01-18 00:00:00,water,3.098,L
2024-01-18 01:00:00,electricity,7.614,kWh
2024-01-18 01:00:00,water,3.123,L
2024-01-18 02:00:00,electricity,0.735,kWh
2024-01-18 02:00:00,water,2.604,L
2024-01-18 03:00:00,electricity,0.609,kWh
2024-01-18 03:00:00,water,3.016,L
2024-01-18 04:00:00,electricity,0.581,kWh
2024-01-18 04:00:00,water,3.227,L
2024-01-18 05:00:00,electricity,0.774,kWh
2024-01-18 05:00:00,water,2.586,L
2024-01-18 06:00:00,electricity,2.305,kWh
2024-01-18 06:00:00,water,50.967,L
2024-01-18 07:00:00,electricity,2.064,kWh
2024-01-18 07:00:00,water,42.961,L
2024-01-18 08:00:00,electricity,2.577,kWh
2024-01-18 08:00:00,water,51.791,L
2024-01-18 09:00:00,electricity,2.257,kWh
2024-01-18 09:00:00,water,42.119,L
2024-01-18 10:00:00,electricity,1.918,kWh
2024-01-18 10:00:00,water,15.782,L
2024-01-18 11:00:00,electricity,1.728,kWh
2024-01-18 11:00:00,water,17.01,L
2024-01-18 12:00:00,electricity,2.07,kWh
2024-01-18 12:00:00,water,17.794,L
2024-01-18 13:00:00,electricity,2.017,kWh
2024-01-18 13:00:00,water,17.161,L
2024-01-18 14:00:00,electricity,1.673,kWh
2024-01-18 14:00:00,water,17.533,L
2024-01-18 15:00:00,electricity,1.883,kWh
2024-01-18 15:00:00,water,18.721,L
2024-01-18 16:00:00,electricity,1.827,kWh
2024-01-18 16:00:00,water,17.63,L
2024-01-18 17:00:00,electricity,3.512,kWh
2024-01-18 17:00:00,water,37.202,L
2024-01-18 18:00:00,electricity,2.791,kWh
2024-01-18 18:00:00,water,29.808,L
2024-01-18 19:00:00,electricity,3.301,kWh
2024-01-18 19:00:00,water,39.263,L
2024-01-18 20:00:00,electricity,3.416,kWh
2024-01-18 20:00:00,water,37.099,L
2024-01-18 21:00:00,electricity,2.546,kWh
2024-01-18 21:00:00,water,26.848,L
2024-01-18 22:00:00,electricity,1.513,kWh
2024-01-18 22:00:00,water,19.963,L
2024-01-18 23:00:00,electricity,1.366,kWh
2024-01-18 23:00:00,water,17.618,L
2024-01-19 00:00:00,electricity,0.668,kWh
2024-01-19 00:00:00,water,3.223,L
2024-01-19 01:00:00,electricity,0.736,kWh
2024-01-19 01:00:00,water,3.125,L
2024-01-19 02:00:00,electricity,0.79,kWh
2024-01-19 02:00:00,water,2.637,L
2024-01-19 03:00:00,electricity,0.691,kWh
2024-01-19 03:00:00,water,2.449,L
2024-01-19 04:00:00,electricity,0.798,kWh
2024-01-19 04:00:00,water,3.553,L
2024-01-19 05:00:00,electricity,0.592,kWh
2024-01-19 05:00:00,water,3.509,L
2024-01-19 06:00:00,electricity,1.851,kWh
2024-01-19 06:00:00,water,31.568,L
2024-01-19 07:00:00,electricity,2.218,kWh
2024-01-19 07:00:00,water,42.526,L
2024-01-19 08:00:00,electricity,2.316,kWh
2024-01-19 08:00:00,water,53.987,L
2024-01-19 09:00:00,electricity,2.224,kWh
2024-01-19 09:00:00,water,42.429,L
2024-01-19 10:00:00,electricity,1.361,kWh
2024-01-19 10:00:00,water,16.94,L
2024-01-19 11:00:00,electricity,1.701,kWh
2024-01-19 11:00:00,water,17.389,L
2024-01-19 12:00:00,electricity,1.492,kWh
2024-01-19 12:00:00,water,15.579,L
2024-01-19 13:00:00,electricity,1.831,kWh
2024-01-19 13:00:00,water,14.318,L
2024-01-19 14:00:00,electricity,1.779,kWh
2024-01-19 14:00:00,water,20.274,L
2024-01-19 15:00:00,electricity,1.555,kWh
2024-01-19 15:00:00,water,14.019,L
2024-01-19 16:00:00,electricity,1.628,kWh
2024-01-19 16:00:00,water,18.534,L
2024-01-19 17:00:00,electricity,2.762,kWh
2024-01-19 17:00:00,water,41.49,L
2024-01-19 18:00:00,electricity,3.069,kWh
2024-01-19 18:00:00,water,30.969,L
2024-01-19 19:00:00,electricity,3.384,kWh
2024-01-19 19:00:00,water,33.341,L
2024-01-19 20:00:00,electricity,2.784,kWh
2024-01-19 20:00:00,water,42.959,L
2024-01-19 21:00:00,electricity,3.244,kWh
2024-01-19 21:00:00,water,23.939,L
2024-01-19 22:00:00,electricity,1.625,kWh
2024-01-19 22:00:00,water,20.833,L
2024-01-19 23:00:00,electricity,1.58,kWh
2024-01-19 23:00:00,water,25.746,L
2024-01-20 00:00:00,electricity,0.556,kWh
2024-01-20 00:00:00,water,4.465,L
2024-01-20 01:00:00,electricity,0.503,kWh
2024-01-20 01:00:00,water,4.026,L
2024-01-20 02:00:00,electricity,0.531,kWh
2024-01-20 02:00:00,water,3.479,L
2024-01-20 03:00:00,electricity,0.494,kWh
2024-01-20 03:00:00,water,3.707,L
2024-01-20 04:00:00,electricity,0.672,kWh
2024-01-20 04:00:00,water,4.034,L
2024-01-20 05:00:00,electricity,0.564,kWh
2024-01-20 05:00:00,water,3.812,L
2024-01-20 06:00:00,electricity,1.697,kWh
2024-01-20 06:00:00,water,65.091,L
2024-01-20 07:00:00,electricity,1.864,kWh
2024-01-20 07:00:00,water,47.761,L
2024-01-20 08:00:00,electricity,1.805,kWh
2024-01-20 08:00:00,water,48.01,L
2024-01-20 09:00:00,electricity,1.785,kWh
2024-01-20 09:00:00,water,59.77,L
2024-01-20 10:00:00,electricity,1.49,kWh
2024-01-20 10:00:00,water,22.02,L
2024-01-20 11:00:00,electricity,1.51,kWh
2024-01-20 11:00:00,water,21.639,L
2024-01-20 12:00:00,electricity,1.33,kWh
2024-01-20 12:00:00,water,18.435,L
2024-01-20 13:00:00,electricity,1.323,kWh
2024-01-20 13:00:00,water,23.455,L
2024-01-20 14:00:00,electricity,1.365,kWh
2024-01-20 14:00:00,water,23.252,L
2024-01-20 15:00:00,electricity,1.081,kWh
2024-01-20 15:00:00,water,25.235,L
2024-01-20 16:00:00,electricity,1.191,kWh
2024-01-20 16:00:00,water,23.593,L
2024-01-20 17:00:00,electricity,2.873,kWh
2024-01-20 17:00:00,water,47.974,L
2024-01-20 18:00:00,electricity,2.943,kWh
2024-01-20 18:00:00,water,55.635,L
2024-01-20 19:00:00,electricity,2.464,kWh
2024-01-20 19:00:00,water,41.072,L
2024-01-20 20:00:00,electricity,2.673,kWh
2024-01-20 20:00:00,water,51.888,L
2024-01-20 21:00:00,electricity,2.606,kWh
2024-01-20 21:00:00,water,23.384,L
2024-01-20 22:00:00,electricity,1.836,kWh
2024-01-20 22:00:00,water,26.307,L
2024-01-20 23:00:00,electricity,1.561,kWh
2024-01-20 23:00:00,water,24.994,L
2024-01-21 00:00:00,electricity,0.554,kWh
2024-01-21 00:00:00,water,4.266,L
2024-01-21 01:00:00,electricity,0.508,kWh
2024-01-21 01:00:00,water,3.869,L
2024-01-21 02:00:00,electricity,0.471,kWh
2024-01-21 02:00:00,water,3.894,L
2024-01-21 03:00:00,electricity,0.573,kWh
2024-01-21 03:00:00,water,3.382,L
2024-01-21 04:00:00,electricity,0.519,kWh
2024-01-21 04:00:00,water,3.76,L
2024-01-21 05:00:00,electricity,0.482,kWh
2024-01-21 05:00:00,water,3.543,L
2024-01-21 06:00:00,electricity,1.707,kWh
2024-01-21 06:00:00,water,61.192,L
2024-01-21 07:00:00,electricity,1.628,kWh
2024-01-21 07:00:00,water,51.543,L
2024-01-21 08:00:00,electricity,5.951,kWh
2024-01-21 08:00:00,water,67.835,L
2024-01-21 09:00:00,electricity,1.986,kWh
2024-01-21 09:00:00,water,46.737,L
2024-01-21 10:00:00,electricity,1.403,kWh
2024-01-21 10:00:00,water,21.135,L
2024-01-21 11:00:00,electricity,1.612,kWh
2024-01-21 11:00:00,water,28.11,L
2024-01-21 12:00:00,electricity,1.415,kWh
2024-01-21 12:00:00,water,22.178,L
2024-01-21 13:00:00,electricity,1.283,kWh
2024-01-21 13:00:00,water,19.708,L
2024-01-21 14:00:00,electricity,1.618,kWh
2024-01-21 14:00:00,water,24.015,L
2024-01-21 15:00:00,electricity,1.48,kWh
2024-01-21 15:00:00,water,22.065,L
2024-01-21 16:00:00,electricity,1.258,kWh
2024-01-21 16:00:00,water,21.053,L
2024-01-21 17:00:00,electricity,2.479,kWh
2024-01-21 17:00:00,water,42.339,L
2024-01-21 18:00:00,electricity,2.306,kWh
2024-01-21 18:00:00,water,64.945,L
2024-01-21 19:00:00,electricity,2.178,kWh
2024-01-21 19:00:00,water,47.278,L
2024-01-21 20:00:00,electricity,2.761,kWh
2024-01-21 20:00:00,water,37.485,L
2024-01-21 21:00:00,electricity,3.01,kWh
2024-01-21 21:00:00,water,34.493,L
2024-01-21 22:00:00,electricity,1.208,kWh
2024-01-21 22:00:00,water,31.395,L
2024-01-21 23:00:00,electricity,1.483,kWh
2024-01-21 23:00:00,water,26.56,L
2024-01-22 00:00:00,electricity,0.642,kWh
2024-01-22 00:00:00,water,2.664,L
2024-01-22 01:00:00,electricity,0.653,kWh
2024-01-22 01:00:00,water,3.242,L
2024-01-22 02:00:00,electricity,0.646,kWh
2024-01-22 02:00:00,water,2.911,L
2024-01-22 03:00:00,electricity,0.627,kWh
2024-01-22 03:00:00,water,2.307,L
2024-01-22 04:00:00,electricity,0.69,kWh
2024-01-22 04:00:00,water,3.643,L
2024-01-22 05:00:00,electricity,0.629,kWh
2024-01-22 05:00:00,water,2.844,L
2024-01-22 06:00:00,electricity,2.291,kWh
2024-01-22 06:00:00,water,53.076,L
2024-01-22 07:00:00,electricity,2.22,kWh
2024-01-22 07:00:00,water,51.904,L
2024-01-22 08:00:00,electricity,2.177,kWh
2024-01-22 08:00:00,water,39.595,L
2024-01-22 09:00:00,electricity,2.028,kWh
2024-01-22 09:00:00,water,50.579,L
2024-01-22 10:00:00,electricity,1.617,kWh
2024-01-22 10:00:00,water,16.593,L
2024-01-22 11:00:00,electricity,1.846,kWh
2024-01-22 11:00:00,water,13.968,L
2024-01-22 12:00:00,electricity,1.802,kWh
2024-01-22 12:00:00,water,17.083,L
2024-01-22 13:00:00,electricity,1.548,kWh
2024-01-22 13:00:00,water,18.859,L
2024-01-22 14:00:00,electricity,1.733,kWh
2024-01-22 14:00:00,water,17.0,L
2024-01-22 15:00:00,electricity,1.845,kWh
2024-01-22 15:00:00,water,17.337,L
2024-01-22 16:00:00,electricity,5.68,kWh
2024-01-22 16:00:00,water,20.47,L
2024-01-22 17:00:00,electricity,3.257,kWh
2024-01-22 17:00:00,water,37.979,L
2024-01-22 18:00:00,electricity,2.884,kWh
2024-01-22 18:00:00,water,33.705,L
2024-01-22 19:00:00,electricity,3.265,kWh
2024-01-22 19:00:00,water,40.659,L
2024-01-22 20:00:00,electricity,2.853,kWh
2024-01-22 20:00:00,water,38.39,L
2024-01-22 21:00:00,electricity,2.531,kWh
2024-01-22 21:00:00,water,1.911,L
2024-01-22 22:00:00,electricity,1.437,kWh
2024-01-22 22:00:00,water,23.657,L
2024-01-22 23:00:00,electricity,1.724,kWh
2024-01-22 23:00:00,water,23.558,L
2024-01-23 00:00:00,electricity,0.704,kWh
2024-01-23 00:00:00,water,3.007,L
2024-01-23 01:00:00,electricity,0.624,kWh
2024-01-23 01:00:00,water,3.321,L
2024-01-23 02:00:00,electricity,0.73,kWh
2024-01-23 02:00:00,water,2.758,L
2024-01-23 03:00:00,electricity,0.572,kWh
2024-01-23 03:00:00,water,3.121,L
2024-01-23 04:00:00,electricity,0.682,kWh
2024-01-23 04:00:00,water,2.436,L
2024-01-23 05:00:00,electricity,0.603,kWh
2024-01-23 05:00:00,water,3.147,L
2024-01-23 06:00:00,electricity,2.085,kWh
2024-01-23 06:00:00,water,55.547,L
2024-01-23 07:00:00,electricity,2.241,kWh
2024-01-23 07:00:00,water,39.628,L
2024-01-23 08:00:00,electricity,2.039,kWh
2024-01-23 08:00:00,water,40.897,L
2024-01-23 09:00:00,electricity,2.145,kWh
2024-01-23 09:00:00,water,41.166,L
2024-01-23 10:00:00,electricity,1.889,kWh
2024-01-23 10:00:00,water,18.281,L
2024-01-23 11:00:00,electricity,1.617,kWh
2024-01-23 11:00:00,water,15.704,L
2024-01-23 12:00:00,electricity,1.859,kWh
2024-01-23 12:00:00,water,18.91,L
2024-01-23 13:00:00,electricity,1.522,kWh
2024-01-23 13:00:00,water,19.829,L
2024-01-23 14:00:00,electricity,1.807,kWh
2024-01-23 14:00:00,water,19.154,L
2024-01-23 15:00:00,electricity,1.963,kWh
2024-01-23 15:00:00,water,14.18,L
2024-01-23 16:00:00,electricity,1.292,kWh
2024-01-23 16:00:00,water,20.15,L
2024-01-23 17:00:00,electricity,2.843,kWh
2024-01-23 17:00:00,water,41.718,L
2024-01-23 18:00:00,electricity,3.267,kWh
2024-01-23 18:00:00,water,41.236,L
2024-01-23 19:00:00,electricity,3.026,kWh
2024-01-23 19:00:00,water,39.178,L
2024-01-23 20:00:00,electricity,3.203,kWh
2024-01-23 20:00:00,water,38.491,L
2024-01-23 21:00:00,electricity,2.902,kWh
2024-01-23 21:00:00,water,25.287,L
2024-01-23 22:00:00,electricity,1.731,kWh
2024-01-23 22:00:00,water,27.693,L
2024-01-23 23:00:00,electricity,1.689,kWh
2024-01-23 23:00:00,water,19.927,L
2024-01-24 00:00:00,electricity,0.767,kWh
2024-01-24 00:00:00,water,3.388,L
2024-01-24 01:00:00,electricity,0.704,kWh
2024-01-24 01:00:00,water,2.969,L
2024-01-24 02:00:00,electricity,0.71,kWh
2024-01-24 02:00:00,water,2.953,L
2024-01-24 03:00:00,electricity,0.658,kWh
2024-01-24 03:00:00,water,2.447,L
2024-01-24 04:00:00,electricity,0.653,kWh
2024-01-24 04:00:00,water,2.897,L
2024-01-24 05:00:00,electricity,0.657,kWh
2024-01-24 05:00:00,water,2.641,L
2024-01-24 06:00:00,electricity,2.319,kWh
2024-01-24 06:00:00,water,42.495,L
2024-01-24 07:00:00,electricity,2.137,kWh
2024-01-24 07:00:00,water,39.07,L
2024-01-24 08:00:00,electricity,2.295,kWh
2024-01-24 08:00:00,water,42.576,L
2024-01-24 09:00:00,electricity,2.694,kWh
2024-01-24 09:00:00,water,42.807,L
2024-01-24 10:00:00,electricity,1.865,kWh
2024-01-24 10:00:00,water,18.209,L
2024-01-24 11:00:00,electricity,1.66,kWh
2024-01-24 11:00:00,water,14.512,L
2024-01-24 12:00:00,electricity,1.922,kWh
2024-01-24 12:00:00,water,14.878,L
2024-01-24 13:00:00,electricity,1.646,kWh
2024-01-24 13:00:00,water,18.782,L
2024-01-24 14:00:00,electricity,1.366,kWh
2024-01-24 14:00:00,water,16.278,L
2024-01-24 15:00:00,electricity,1.543,kWh
2024-01-24 15:00:00,water,20.321,L
2024-01-24 16:00:00,electricity,1.395,kWh
2024-01-24 16:00:00,water,18.487,L
2024-01-24 17:00:00,electricity,2.98,kWh
2024-01-24 17:00:00,water,40.23,L
2024-01-24 18:00:00,electricity,3.094,kWh
2024-01-24 18:00:00,water,43.848,L
2024-01-24 19:00:00,electricity,3.607,kWh
2024-01-24 19:00:00,water,36.106,L
2024-01-24 20:00:00,electricity,3.19,kWh
2024-01-24 20:00:00,water,34.915,L
2024-01-24 21:00:00,electricity,3.021,kWh
2024-01-24 21:00:00,water,24.854,L
2024-01-24 22:00:00,electricity,1.858,kWh
2024-01-24 22:00:00,water,23.876,L
2024-01-24 23:00:00,electricity,1.337,kWh
2024-01-24 23:00:00,water,21.994,L
2024-01-25 00:00:00,electricity,0.703,kWh
2024-01-25 00:00:00,water,3.501,L
2024-01-25 01:00:00,electricity,0.739,kWh
2024-01-25 01:00:00,water,2.924,L
2024-01-25 02:00:00,electricity,0.585,kWh
2024-01-25 02:00:00,water,3.012,L
2024-01-25 03:00:00,electricity,0.765,kWh
2024-01-25 03:00:00,water,3.008,L
2024-01-25 04:00:00,electricity,0.71,kWh
2024-01-25 04:00:00,water,2.664,L
2024-01-25 05:00:00,electricity,0.658,kWh
2024-01-25 05:00:00,water,3.028,L
2024-01-25 06:00:00,electricity,2.372,kWh
2024-01-25 06:00:00,water,52.543,L
2024-01-25 07:00:00,electricity,2.737,kWh
2024-01-25 07:00:00,water,47.403,L
2024-01-25 08:00:00,electricity,2.271,kWh
2024-01-25 08:00:00,water,45.168,L
2024-01-25 09:00:00,electricity,2.286,kWh
2024-01-25 09:00:00,water,44.126,L
2024-01-25 10:00:00,electricity,1.637,kWh
2024-01-25 10:00:00,water,18.715,L
2024-01-25 11:00:00,electricity,1.57,kWh
2024-01-25 11:00:00,water,19.619,L
2024-01-25 12:00:00,electricity,1.858,kWh
2024-01-25 12:00:00,water,19.316,L
2024-01-25 13:00:00,electricity,1.569,kWh
2024-01-25 13:00:00,water,17.283,L
2024-01-25 14:00:00,electricity,1.728,kWh
2024-01-25 14:00:00,water,18.702,L
2024-01-25 15:00:00,electricity,1.634,kWh
2024-01-25 15:00:00,water,19.037,L
2024-01-25 16:00:00,electricity,1.798,kWh
2024-01-25 16:00:00,water,15.824,L
2024-01-25 17:00:00,electricity,3.192,kWh
2024-01-25 17:00:00,water,38.257,L
2024-01-25 18:00:00,electricity,3.409,kWh
2024-01-25 18:00:00,water,27.774,L
2024-01-25 19:00:00,electricity,2.931,kWh
2024-01-25 19:00:00,water,39.671,L
2024-01-25 20:00:00,electricity,3.005,kWh
2024-01-25 20:00:00,water,40.472,L
2024-01-25 21:00:00,electricity,2.786,kWh
2024-01-25 21:00:00,water,24.518,L
2024-01-25 22:00:00,electricity,1.64,kWh
2024-01-25 22:00:00,water,21.433,L
2024-01-25 23:00:00,electricity,1.781,kWh
2024-01-25 23:00:00,water,23.334,L
2024-01-26 00:00:00,electricity,0.738,kWh
2024-01-26 00:00:00,water,3.513,L
2024-01-26 01:00:00,electricity,0.623,kWh
2024-01-26 01:00:00,water,3.509,L
2024-01-26 02:00:00,electricity,0.746,kWh
2024-01-26 02:00:00,water,2.989,L
2024-01-26 03:00:00,electricity,0.779,kWh
2024-01-26 03:00:00,water,3.05,L
2024-01-26 04:00:00,electricity,0.715,kWh
2024-01-26 04:00:00,water,3.4,L
2024-01-26 05:00:00,electricity,0.815,kWh
2024-01-26 05:00:00,water,2.46,L
2024-01-26 06:00:00,electricity,2.058,kWh
2024-01-26 06:00:00,water,43.255,L
2024-01-26 07:00:00,electricity,1.953,kWh
2024-01-26 07:00:00,water,52.212,L
2024-01-26 08:00:00,electricity,1.834,kWh
2024-01-26 08:00:00,water,50.266,L
2024-01-26 09:00:00,electricity,2.565,kWh
2024-01-26 09:00:00,water,46.994,L
2024-01-26 10:00:00,electricity,1.828,kWh
2024-01-26 10:00:00,water,14.747,L
2024-01-26 11:00:00,electricity,1.706,kWh
2024-01-26 11:00:00,water,17.892,L
2024-01-26 12:00:00,electricity,1.764,kWh
2024-01-26 12:00:00,water,16.726,L
2024-01-26 13:00:00,electricity,1.523,kWh
2024-01-26 13:00:00,water,18.715,L
2024-01-26 14:00:00,electricity,2.136,kWh
2024-01-26 14:00:00,water,16.252,L
2024-01-26 15:00:00,electricity,1.738,kWh
2024-01-26 15:00:00,water,15.784,L
2024-01-26 16:00:00,electricity,1.735,kWh
2024-01-26 16:00:00,water,13.54,L
2024-01-26 17:00:00,electricity,3.313,kWh
2024-01-26 17:00:00,water,42.998,L
2024-01-26 18:00:00,electricity,3.237,kWh
2024-01-26 18:00:00,water,35.701,L
2024-01-26 19:00:00,electricity,3.158,kWh
2024-01-26 19:00:00,water,38.207,L
2024-01-26 20:00:00,electricity,2.845,kWh
2024-01-26 20:00:00,water,37.49,L
2024-01-26 21:00:00,electricity,3.234,kWh
2024-01-26 21:00:00,water,19.618,L
2024-01-26 22:00:00,electricity,2.039,kWh
2024-01-26 22:00:00,water,19.101,L
2024-01-26 23:00:00,electricity,1.947,kWh
2024-01-26 23:00:00,water,19.786,L
2024-01-27 00:00:00,electricity,0.651,kWh
2024-01-27 00:00:00,water,3.562,L
2024-01-27 01:00:00,electricity,0.533,kWh
2024-01-27 01:00:00,water,4.072,L
2024-01-27 02:00:00,electricity,0.506,kWh
2024-01-27 02:00:00,water,3.528,L
2024-01-27 03:00:00,electricity,0.555,kWh
2024-01-27 03:00:00,water,4.717,L
2024-01-27 04:00:00,electricity,0.565,kWh
2024-01-27 04:00:00,water,4.381,L
2024-01-27 05:00:00,electricity,0.623,kWh
2024-01-27 05:00:00,water,4.278,L
2024-01-27 06:00:00,electricity,1.516,kWh
2024-01-27 06:00:00,water,57.66,L
2024-01-27 07:00:00,electricity,2.104,kWh
2024-01-27 07:00:00,water,69.13,L
2024-01-27 08:00:00,electricity,1.796,kWh
2024-01-27 08:00:00,water,56.97,L
2024-01-27 09:00:00,electricity,1.747,kWh
2024-01-27 09:00:00,water,58.281,L
2024-01-27 10:00:00,electricity,1.262,kWh
2024-01-27 10:00:00,water,23.877,L
2024-01-27 11:00:00,electricity,1.172,kWh
2024-01-27 11:00:00,water,25.371,L
2024-01-27 12:00:00,electricity,1.52,kWh
2024-01-27 12:00:00,water,25.188,L
2024-01-27 13:00:00,electricity,1.414,kWh
2024-01-27 13:00:00,water,22.066,L
2024-01-27 14:00:00,electricity,1.223,kWh
2024-01-27 14:00:00,water,21.903,L
2024-01-27 15:00:00,electricity,1.222,kWh
2024-01-27 15:00:00,water,25.197,L
2024-01-27 16:00:00,electricity,1.357,kWh
2024-01-27 16:00:00,water,25.408,L
2024-01-27 17:00:00,electricity,2.949,kWh
2024-01-27 17:00:00,water,46.449,L
2024-01-27 18:00:00,electricity,2.462,kWh
2024-01-27 18:00:00,water,39.465,L
2024-01-27 19:00:00,electricity,2.147,kWh
2024-01-27 19:00:00,water,47.537,L
2024-01-27 20:00:00,electricity,2.465,kWh
2024-01-27 20:00:00,water,52.398,L
2024-01-27 21:00:00,electricity,2.458,kWh
2024-01-27 21:00:00,water,35.587,L
2024-01-27 22:00:00,electricity,1.025,kWh
2024-01-27 22:00:00,water,25.045,L
2024-01-27 23:00:00,electricity,1.396,kWh
2024-01-27 23:00:00,water,27.753,L
2024-01-28 00:00:00,electricity,0.549,kWh
2024-01-28 00:00:00,water,3.718,L
2024-01-28 01:00:00,electricity,0.601,kWh
2024-01-28 01:00:00,water,4.535,L
2024-01-28 02:00:00,electricity,0.665,kWh
2024-01-28 02:00:00,water,3.884,L
2024-01-28 03:00:00,electricity,0.625,kWh
2024-01-28 03:00:00,water,3.475,L
2024-01-28 04:00:00,electricity,0.546,kWh
2024-01-28 04:00:00,water,4.161,L
2024-01-28 05:00:00,electricity,0.499,kWh
2024-01-28 05:00:00,water,3.711,L
2024-01-28 06:00:00,electricity,2.295,kWh
2024-01-28 06:00:00,water,49.905,L
2024-01-28 07:00:00,electricity,1.836,kWh
2024-01-28 07:00:00,water,52.233,L
2024-01-28 08:00:00,electricity,1.828,kWh
2024-01-28 08:00:00,water,70.673,L
2024-01-28 09:00:00,electricity,1.821,kWh
2024-01-28 09:00:00,water,61.197,L
2024-01-28 10:00:00,electricity,1.432,kWh
2024-01-28 10:00:00,water,23.703,L
2024-01-28 11:00:00,electricity,1.384,kWh
2024-01-28 11:00:00,water,22.698,L
2024-01-28 12:00:00,electricity,1.323,kWh
2024-01-28 12:00:00,water,24.22,L
2024-01-28 13:00:00,electricity,1.327,kWh
2024-01-28 13:00:00,water,24.187,L
2024-01-28 14:00:00,electricity,1.399,kWh
2024-01-28 14:00:00,water,24.22,L
2024-01-28 15:00:00,electricity,1.328,kWh
2024-01-28 15:00:00,water,23.722,L
2024-01-28 16:00:00,electricity,1.304,kWh
2024-01-28 16:00:00,water,25.84,L
2024-01-28 17:00:00,electricity,2.554,kWh
2024-01-28 17:00:00,water,48.885,L
2024-01-28 18:00:00,electricity,2.463,kWh
2024-01-28 18:00:00,water,43.029,L
2024-01-28 19:00:00,electricity,2.907,kWh
2024-01-28 19:00:00,water,45.167,L
2024-01-28 20:00:00,electricity,1.857,kWh
2024-01-28 20:00:00,water,37.173,L
2024-01-28 21:00:00,electricity,2.803,kWh
2024-01-28 21:00:00,water,36.364,L
2024-01-28 22:00:00,electricity,1.579,kWh
2024-01-28 22:00:00,water,32.278,L
2024-01-28 23:00:00,electricity,1.113,kWh
2024-01-28 23:00:00,water,26.336,L
2024-01-29 00:00:00,electricity,0.663,kWh
2024-01-29 00:00:00,water,2.899,L
2024-01-29 01:00:00,electricity,0.661,kWh
2024-01-29 01:00:00,water,2.771,L
2024-01-29 02:00:00,electricity,0.59,kWh
2024-01-29 02:00:00,water,3.555,L
2024-01-29 03:00:00,electricity,0.633,kWh
2024-01-29 03:00:00,water,2.489,L
2024-01-29 04:00:00,electricity,0.61,kWh
2024-01-29 04:00:00,water,3.041,L
2024-01-29 05:00:00,electricity,0.807,kWh
2024-01-29 05:00:00,water,2.961,L
2024-01-29 06:00:00,electricity,2.44,kWh
2024-01-29 06:00:00,water,49.465,L
2024-01-29 07:00:00,electricity,2.514,kWh
2024-01-29 07:00:00,water,44.438,L
2024-01-29 08:00:00,electricity,2.392,kWh
2024-01-29 08:00:00,water,35.506,L
2024-01-29 09:00:00,electricity,1.979,kWh
2024-01-29 09:00:00,water,43.644,L
2024-01-29 10:00:00,electricity,1.626,kWh
2024-01-29 10:00:00,water,15.9,L
2024-01-29 11:00:00,electricity,1.8,kWh
2024-01-29 11:00:00,water,18.172,L
2024-01-29 12:00:00,electricity,1.506,kWh
2024-01-29 12:00:00,water,21.098,L
2024-01-29 13:00:00,electricity,1.838,kWh
2024-01-29 13:00:00,water,14.243,L
2024-01-29 14:00:00,electricity,1.675,kWh
2024-01-29 14:00:00,water,16.272,L
2024-01-29 15:00:00,electricity,1.652,kWh
2024-01-29 15:00:00,water,16.806,L
2024-01-29 16:00:00,electricity,1.838,kWh
2024-01-29 16:00:00,water,17.176,L
2024-01-29 17:00:00,electricity,3.226,kWh
2024-01-29 17:00:00,water,40.831,L
2024-01-29 18:00:00,electricity,2.977,kWh
2024-01-29 18:00:00,water,36.719,L
2024-01-29 19:00:00,electricity,3.447,kWh
2024-01-29 19:00:00,water,39.371,L
2024-01-29 20:00:00,electricity,2.755,kWh
2024-01-29 20:00:00,water,34.684,L
2024-01-29 21:00:00,electricity,3.279,kWh
2024-01-29 21:00:00,water,23.121,L
2024-01-29 22:00:00,electricity,1.818,kWh
2024-01-29 22:00:00,water,24.6,L
2024-01-29 23:00:00,electricity,1.663,kWh
2024-01-29 23:00:00,water,20.523,L
2024-01-30 00:00:00,electricity,0.709,kWh
2024-01-30 00:00:00,water,3.281,L
2024-01-30 01:00:00,electricity,0.601,kWh
2024-01-30 01:00:00,water,3.019,L
2024-01-30 02:00:00,electricity,0.75,kWh
2024-01-30 02:00:00,water,3.376,L
2024-01-30 03:00:00,electricity,0.674,kWh
2024-01-30 03:00:00,water,2.927,L
2024-01-30 04:00:00,electricity,0.651,kWh
2024-01-30 04:00:00,water,3.137,L
2024-01-30 05:00:00,electricity,0.758,kWh
2024-01-30 05:00:00,water,2.985,L
2024-01-30 06:00:00,electricity,2.074,kWh
2024-01-30 06:00:00,water,44.48,L
2024-01-30 07:00:00,electricity,1.917,kWh
2024-01-30 07:00:00,water,46.398,L
2024-01-30 08:00:00,electricity,1.884,kWh
2024-01-30 08:00:00,water,47.899,L
2024-01-30 09:00:00,electricity,2.366,kWh
2024-01-30 09:00:00,water,38.252,L
2024-01-30 10:00:00,electricity,1.496,kWh
2024-01-30 10:00:00,water,21.097,L
2024-01-30 11:00:00,electricity,2.017,kWh
2024-01-30 11:00:00,water,13.983,L
2024-01-30 12:00:00,electricity,1.359,kWh
2024-01-30 12:00:00,water,16.521,L
2024-01-30 13:00:00,electricity,2.007,kWh
2024-01-30 13:00:00,water,17.796,L
2024-01-30 14:00:00,electricity,1.752,kWh
2024-01-30 14:00:00,water,18.891,L
2024-01-30 15:00:00,electricity,1.699,kWh
2024-01-30 15:00:00,water,21.405,L
2024-01-30 16:00:00,electricity,1.622,kWh
2024-01-30 16:00:00,water,13.986,L
2024-01-30 17:00:00,electricity,3.212,kWh
2024-01-30 17:00:00,water,35.215,L
2024-01-30 18:00:00,electricity,0.419,kWh
2024-01-30 18:00:00,water,27.929,L
2024-01-30 19:00:00,electricity,3.43,kWh
2024-01-30 19:00:00,water,37.642,L
2024-01-30 20:00:00,electricity,3.124,kWh
2024-01-30 20:00:00,water,38.723,L
2024-01-30 21:00:00,electricity,3.135,kWh
2024-01-30 21:00:00,water,26.795,L
2024-01-30 22:00:00,electricity,1.654,kWh
2024-01-30 22:00:00,water,22.826,L
2024-01-30 23:00:00,electricity,1.706,kWh
2024-01-30 23:00:00,water,25.319,L
2024-01-31 00:00:00,electricity,0.708,kWh
2024-01-31 00:00:00,water,3.21,L
2024-01-31 01:00:00,electricity,0.569,kWh
2024-01-31 01:00:00,water,2.843,L
2024-01-31 02:00:00,electricity,0.594,kWh
2024-01-31 02:00:00,water,2.493,L
2024-01-31 03:00:00,electricity,0.737,kWh
2024-01-31 03:00:00,water,3.099,L
2024-01-31 04:00:00,electricity,0.698,kWh
2024-01-31 04:00:00,water,2.463,L
2024-01-31 05:00:00,electricity,0.674,kWh
2024-01-31 05:00:00,water,3.466,L
2024-01-31 06:00:00,electricity,2.235,kWh
2024-01-31 06:00:00,water,44.125,L
2024-01-31 07:00:00,electricity,2.308,kWh
2024-01-31 07:00:00,water,51.454,L
2024-01-31 08:00:00,electricity,2.11,kWh
2024-01-31 08:00:00,water,42.407,L
2024-01-31 09:00:00,electricity,2.057,kWh
2024-01-31 09:00:00,water,46.452,L
2024-01-31 10:00:00,electricity,1.75,kWh
2024-01-31 10:00:00,water,18.452,L
2024-01-31 11:00:00,electricity,1.548,kWh
2024-01-31 11:00:00,water,17.903,L
2024-01-31 12:00:00,electricity,1.786,kWh
2024-01-31 12:00:00,water,17.065,L
2024-01-31 13:00:00,electricity,1.424,kWh
2024-01-31 13:00:00,water,18.848,L
2024-01-31 14:00:00,electricity,1.893,kWh
2024-01-31 14:00:00,water,15.999,L
2024-01-31 15:00:00,electricity,1.797,kWh
2024-01-31 15:00:00,water,15.388,L
2024-01-31 16:00:00,electricity,1.76,kWh
2024-01-31 16:00:00,water,20.685,L
2024-01-31 17:00:00,electricity,3.392,kWh
2024-01-31 17:00:00,water,40.772,L
2024-01-31 18:00:00,electricity,3.603,kWh
2024-01-31 18:00:00,water,37.797,L
2024-01-31 19:00:00,electricity,3.402,kWh
2024-01-31 19:00:00,water,44.993,L
2024-01-31 20:00:00,electricity,2.52,kWh
2024-01-31 20:00:00,water,36.295,L
2024-01-31 21:00:00,electricity,2.694,kWh
2024-01-31 21:00:00,water,26.071,L
2024-01-31 22:00:00,electricity,1.609,kWh
2024-01-31 22:00:00,water,22.974,L
2024-01-31 23:00:00,electricity,1.72,kWh
2024-01-31 23:00:00,water,19.733,L
2024-02-01 00:00:00,electricity,0.722,kWh
2024-02-01 00:00:00,water,3.665,L
2024-02-01 01:00:00,electricity,0.637,kWh
2024-02-01 01:00:00,water,3.357,L
2024-02-01 02:00:00,electricity,0.699,kWh
2024-02-01 02:00:00,water,2.956,L
2024-02-01 03:00:00,electricity,0.635,kWh
2024-02-01 03:00:00,water,3.262,L
2024-02-01 04:00:00,electricity,0.644,kWh
2024-02-01 04:00:00,water,2.855,L
2024-02-01 05:00:00,electricity,0.59,kWh
2024-02-01 05:00:00,water,3.298,L
2024-02-01 06:00:00,electricity,2.025,kWh
2024-02-01 06:00:00,water,85.298,L
2024-02-01 07:00:00,electricity,1.929,kWh
2024-02-01 07:00:00,water,39.493,L
2024-02-01 08:00:00,electricity,2.013,kWh
2024-02-01 08:00:00,water,50.288,L
2024-02-01 09:00:00,electricity,2.466,kWh
2024-02-01 09:00:00,water,43.652,L
2024-02-01 10:00:00,electricity,1.553,kWh
2024-02-01 10:00:00,water,18.448,L
2024-02-01 11:00:00,electricity,2.168,kWh
2024-02-01 11:00:00,water,15.091,L
2024-02-01 12:00:00,electricity,1.801,kWh
2024-02-01 12:00:00,water,21.991,L
2024-02-01 13:00:00,electricity,1.748,kWh
2024-02-01 13:00:00,water,20.572,L
2024-02-01 14:00:00,electricity,1.569,kWh
2024-02-01 14:00:00,water,17.567,L
2024-02-01 15:00:00,electricity,1.836,kWh
2024-02-01 15:00:00,water,17.126,L
2024-02-01 16:00:00,electricity,1.617,kWh
2024-02-01 16:00:00,water,20.224,L
2024-02-01 17:00:00,electricity,3.126,kWh
2024-02-01 17:00:00,water,46.421,L
2024-02-01 18:00:00,electricity,3.88,kWh
2024-02-01 18:00:00,water,41.792,L
2024-02-01 19:00:00,electricity,3.059,kWh
2024-02-01 19:00:00,water,47.273,L
2024-02-01 20:00:00,electricity,3.444,kWh
2024-02-01 20:00:00,water,33.349,L
2024-02-01 21:00:00,electricity,2.872,kWh
2024-02-01 21:00:00,water,20.288,L
2024-02-01 22:00:00,electricity,1.71,kWh
2024-02-01 22:00:00,water,19.29,L
2024-02-01 23:00:00,electricity,2.02,kWh
2024-02-01 23:00:00,water,23.693,L
2024-02-02 00:00:00,electricity,0.643,kWh
2024-02-02 00:00:00,water,3.063,L
2024-02-02 01:00:00,electricity,0.811,kWh
2024-02-02 01:00:00,water,2.945,L
2024-02-02 02:00:00,electricity,0.735,kWh
2024-02-02 02:00:00,water,3.291,L
2024-02-02 03:00:00,electricity,0.648,kWh
2024-02-02 03:00:00,water,3.444,L
2024-02-02 04:00:00,electricity,0.73,kWh
2024-02-02 04:00:00,water,2.451,L
2024-02-02 05:00:00,electricity,0.753,kWh
2024-02-02 05:00:00,water,2.785,L
2024-02-02 06:00:00,electricity,2.37,kWh
2024-02-02 06:00:00,water,49.429,L
2024-02-02 07:00:00,electricity,1.881,kWh
2024-02-02 07:00:00,water,42.474,L
2024-02-02 08:00:00,electricity,2.069,kWh
2024-02-02 08:00:00,water,40.69,L
2024-02-02 09:00:00,electricity,2.176,kWh
2024-02-02 09:00:00,water,50.5,L
2024-02-02 10:00:00,electricity,1.703,kWh
2024-02-02 10:00:00,water,15.215,L
2024-02-02 11:00:00,electricity,1.823,kWh
2024-02-02 11:00:00,water,17.349,L
2024-02-02 12:00:00,electricity,1.746,kWh
2024-02-02 12:00:00,water,18.71,L
2024-02-02 13:00:00,electricity,1.487,kWh
2024-02-02 13:00:00,water,16.761,L
2024-02-02 14:00:00,electricity,1.781,kWh
2024-02-02 14:00:00,water,19.692,L
2024-02-02 15:00:00,electricity,1.821,kWh
2024-02-02 15:00:00,water,16.771,L
2024-02-02 16:00:00,electricity,1.812,kWh
2024-02-02 16:00:00,water,21.043,L
2024-02-02 17:00:00,electricity,3.423,kWh
2024-02-02 17:00:00,water,36.934,L
2024-02-02 18:00:00,electricity,3.346,kWh
2024-02-02 18:00:00,water,40.521,L
2024-02-02 19:00:00,electricity,3.231,kWh
2024-02-02 19:00:00,water,40.857,L
2024-02-02 20:00:00,electricity,3.067,kWh
2024-02-02 20:00:00,water,34.676,L
2024-02-02 21:00:00,electricity,2.576,kWh
2024-02-02 21:00:00,water,16.956,L
2024-02-02 22:00:00,electricity,1.79,kWh
2024-02-02 22:00:00,water,23.474,L
2024-02-02 23:00:00,electricity,1.752,kWh
2024-02-02 23:00:00,water,22.695,L
2024-02-03 00:00:00,electricity,0.577,kWh
2024-02-03 00:00:00,water,4.16,L
2024-02-03 01:00:00,electricity,0.49,kWh
2024-02-03 01:00:00,water,3.794,L
2024-02-03 02:00:00,electricity,0.501,kWh
2024-02-03 02:00:00,water,3.699,L
2024-02-03 03:00:00,electricity,0.621,kWh
2024-02-03 03:00:00,water,4.84,L
2024-02-03 04:00:00,electricity,0.559,kWh
2024-02-03 04:00:00,water,3.211,L
2024-02-03 05:00:00,electricity,0.6,kWh
2024-02-03 05:00:00,water,4.243,L
2024-02-03 06:00:00,electricity,1.83,kWh
2024-02-03 06:00:00,water,54.466,L
2024-02-03 07:00:00,electricity,1.831,kWh
2024-02-03 07:00:00,water,56.143,L
2024-02-03 08:00:00,electricity,1.996,kWh
2024-02-03 08:00:00,water,56.274,L
2024-02-03 09:00:00,electricity,1.731,kWh
2024-02-03 09:00:00,water,52.86,L
2024-02-03 10:00:00,electricity,1.417,kWh
2024-02-03 10:00:00,water,25.004,L
2024-02-03 11:00:00,electricity,1.339,kWh
2024-02-03 11:00:00,water,27.305,L
2024-02-03 12:00:00,electricity,1.343,kWh
2024-02-03 12:00:00,water,24.72,L
2024-02-03 13:00:00,electricity,1.361,kWh
2024-02-03 13:00:00,water,23.69,L
2024-02-03 14:00:00,electricity,1.435,kWh
2024-02-03 14:00:00,water,20.63,L
2024-02-03 15:00:00,electricity,1.337,kWh
2024-02-03 15:00:00,water,24.851,L
2024-02-03 16:00:00,electricity,1.58,kWh
2024-02-03 16:00:00,water,29.455,L
2024-02-03 17:00:00,electricity,2.301,kWh
2024-02-03 17:00:00,water,46.523,L
2024-02-03 18:00:00,electricity,2.48,kWh
2024-02-03 18:00:00,water,46.55,L
2024-02-03 19:00:00,electricity,2.416,kWh
2024-02-03 19:00:00,water,45.468,L
2024-02-03 20:00:00,electricity,2.893,kWh
2024-02-03 20:00:00,water,45.887,L
2024-02-03 21:00:00,electricity,2.577,kWh
2024-02-03 21:00:00,water,19.614,L
2024-02-03 22:00:00,electricity,1.549,kWh
2024-02-03 22:00:00,water,30.672,L
2024-02-03 23:00:00,electricity,1.195,kWh
2024-02-03 23:00:00,water,26.282,L
2024-02-04 00:00:00,electricity,0.577,kWh
2024-02-04 00:00:00,water,3.146,L
2024-02-04 01:00:00,electricity,0.612,kWh
2024-02-04 01:00:00,water,4.252,L
2024-02-04 02:00:00,electricity,0.566,kWh
2024-02-04 02:00:00,water,3.394,L
2024-02-04 03:00:00,electricity,0.621,kWh
2024-02-04 03:00:00,water,3.742,L
2024-02-04 04:00:00,electricity,0.533,kWh
2024-02-04 04:00:00,water,4.586,L
2024-02-04 05:00:00,electricity,0.641,kWh
2024-02-04 05:00:00,water,3.24,L
2024-02-04 06:00:00,electricity,2.245,kWh
2024-02-04 06:00:00,water,47.741,L
2024-02-04 07:00:00,electricity,1.759,kWh
2024-02-04 07:00:00,water,60.391,L
2024-02-04 08:00:00,electricity,1.744,kWh
2024-02-04 08:00:00,water,66.569,L
2024-02-04 09:00:00,electricity,2.09,kWh
2024-02-04 09:00:00,water,47.448,L
2024-02-04 10:00:00,electricity,1.626,kWh
2024-02-04 10:00:00,water,24.545,L
2024-02-04 11:00:00,electricity,1.331,kWh
2024-02-04 11:00:00,water,25.031,L
2024-02-04 12:00:00,electricity,1.345,kWh
2024-02-04 12:00:00,water,17.618,L
2024-02-04 13:00:00,electricity,1.364,kWh
2024-02-04 13:00:00,water,25.642,L
2024-02-04 14:00:00,electricity,1.215,kWh
2024-02-04 14:00:00,water,25.862,L
2024-02-04 15:00:00,electricity,1.275,kWh
2024-02-04 15:00:00,water,22.525,L
2024-02-04 16:00:00,electricity,1.263,kWh
2024-02-04 16:00:00,water,26.917,L
2024-02-04 17:00:00,electricity,2.333,kWh
2024-02-04 17:00:00,water,55.398,L
2024-02-04 18:00:00,electricity,2.518,kWh
2024-02-04 18:00:00,water,49.353,L
2024-02-04 19:00:00,electricity,2.586,kWh
2024-02-04 19:00:00,water,46.109,L
2024-02-04 20:00:00,electricity,2.919,kWh
2024-02-04 20:00:00,water,43.059,L
2024-02-04 21:00:00,electricity,2.275,kWh
2024-02-04 21:00:00,water,29.118,L
2024-02-04 22:00:00,electricity,1.542,kWh
2024-02-04 22:00:00,water,31.25,L
2024-02-04 23:00:00,electricity,1.374,kWh
2024-02-04 23:00:00,water,28.112,L
2024-02-05 00:00:00,electricity,0.683,kWh
2024-02-05 00:00:00,water,2.209,L
2024-02-05 01:00:00,electricity,0.733,kWh
2024-02-05 01:00:00,water,3.457,L
2024-02-05 02:00:00,electricity,0.609,kWh
2024-02-05 02:00:00,water,3.068,L
2024-02-05 03:00:00,electricity,0.713,kWh
2024-02-05 03:00:00,water,2.863,L
2024-02-05 04:00:00,electricity,0.698,kWh
2024-02-05 04:00:00,water,3.309,L
2024-02-05 05:00:00,electricity,0.72,kWh
2024-02-05 05:00:00,water,3.549,L
2024-02-05 06:00:00,electricity,2.295,kWh
2024-02-05 06:00:00,water,29.87,L
2024-02-05 07:00:00,electricity,2.779,kWh
2024-02-05 07:00:00,water,47.345,L
2024-02-05 08:00:00,electricity,2.089,kWh
2024-02-05 08:00:00,water,37.296,L
2024-02-05 09:00:00,electricity,2.112,kWh
2024-02-05 09:00:00,water,47.695,L
2024-02-05 10:00:00,electricity,1.609,kWh
2024-02-05 10:00:00,water,18.276,L
2024-02-05 11:00:00,electricity,1.621,kWh
2024-02-05 11:00:00,water,19.373,L
2024-02-05 12:00:00,electricity,1.607,kWh
2024-02-05 12:00:00,water,16.922,L
2024-02-05 13:00:00,electricity,1.92,kWh
2024-02-05 13:00:00,water,13.954,L
2024-02-05 14:00:00,electricity,1.96,kWh
2024-02-05 14:00:00,water,17.027,L
2024-02-05 15:00:00,electricity,1.618,kWh
2024-02-05 15:00:00,water,18.879,L
2024-02-05 16:00:00,electricity,1.573,kWh
2024-02-05 16:00:00,water,20.193,L
2024-02-05 17:00:00,electricity,3.234,kWh
2024-02-05 17:00:00,water,32.227,L
2024-02-05 18:00:00,electricity,2.918,kWh
2024-02-05 18:00:00,water,42.122,L
2024-02-05 19:00:00,electricity,3.284,kWh
2024-02-05 19:00:00,water,34.585,L
2024-02-05 20:00:00,electricity,3.151,kWh
2024-02-05 20:00:00,water,39.131,L
2024-02-05 21:00:00,electricity,2.621,kWh
2024-02-05 21:00:00,water,21.123,L
2024-02-05 22:00:00,electricity,1.982,kWh
2024-02-05 22:00:00,water,22.992,L
2024-02-05 23:00:00,electricity,2.024,kWh
2024-02-05 23:00:00,water,24.908,L
2024-02-06 00:00:00,electricity,0.644,kWh
2024-02-06 00:00:00,water,2.558,L
2024-02-06 01:00:00,electricity,0.66,kWh
2024-02-06 01:00:00,water,2.755,L
2024-02-06 02:00:00,electricity,0.706,kWh
2024-02-06 02:00:00,water,3.067,L
2024-02-06 03:00:00,electricity,0.709,kWh
2024-02-06 03:00:00,water,3.865,L
2024-02-06 04:00:00,electricity,0.732,kWh
2024-02-06 04:00:00,water,2.689,L
2024-02-06 05:00:00,electricity,0.824,kWh
2024-02-06 05:00:00,water,3.734,L
2024-02-06 06:00:00,electricity,2.191,kWh
2024-02-06 06:00:00,water,55.824,L
2024-02-06 07:00:00,electricity,2.053,kWh
2024-02-06 07:00:00,water,44.475,L
2024-02-06 08:00:00,electricity,1.923,kWh
2024-02-06 08:00:00,water,43.39,L
2024-02-06 09:00:00,electricity,2.068,kWh
2024-02-06 09:00:00,water,41.263,L
2024-02-06 10:00:00,electricity,1.71,kWh
2024-02-06 10:00:00,water,17.853,L
2024-02-06 11:00:00,electricity,2.024,kWh
2024-02-06 11:00:00,water,14.961,L
2024-02-06 12:00:00,electricity,1.627,kWh
2024-02-06 12:00:00,water,17.835,L
2024-02-06 13:00:00,electricity,1.754,kWh
2024-02-06 13:00:00,water,21.233,L
2024-02-06 14:00:00,electricity,1.713,kWh
2024-02-06 14:00:00,water,16.68,L
2024-02-06 15:00:00,electricity,1.92,kWh
2024-02-06 15:00:00,water,17.48,L
2024-02-06 16:00:00,electricity,2.15,kWh
2024-02-06 16:00:00,water,14.326,L
2024-02-06 17:00:00,electricity,2.925,kWh
2024-02-06 17:00:00,water,39.183,L
2024-02-06 18:00:00,electricity,2.938,kWh
2024-02-06 18:00:00,water,38.69,L
2024-02-06 19:00:00,electricity,3.411,kWh
2024-02-06 19:00:00,water,37.787,L
2024-02-06 20:00:00,electricity,3.299,kWh
2024-02-06 20:00:00,water,36.524,L
2024-02-06 21:00:00,electricity,3.659,kWh
2024-02-06 21:00:00,water,21.71,L
2024-02-06 22:00:00,electricity,1.816,kWh
2024-02-06 22:00:00,water,23.855,L
2024-02-06 23:00:00,electricity,1.654,kWh
2024-02-06 23:00:00,water,22.422,L
2024-02-07 00:00:00,electricity,0.727,kWh
2024-02-07 00:00:00,water,3.113,L
2024-02-07 01:00:00,electricity,0.763,kWh
2024-02-07 01:00:00,water,3.077,L
2024-02-07 02:00:00,electricity,0.743,kWh
2024-02-07 02:00:00,water,3.404,L
2024-02-07 03:00:00,electricity,0.721,kWh
2024-02-07 03:00:00,water,3.244,L
2024-02-07 04:00:00,electricity,0.76,kWh
2024-02-07 04:00:00,water,3.069,L
2024-02-07 05:00:00,electricity,0.767,kWh
2024-02-07 05:00:00,water,3.547,L
2024-02-07 06:00:00,electricity,2.539,kWh
2024-02-07 06:00:00,water,47.269,L
2024-02-07 07:00:00,electricity,2.376,kWh
2024-02-07 07:00:00,water,52.047,L
2024-02-07 08:00:00,electricity,2.194,kWh
2024-02-07 08:00:00,water,48.277,L
2024-02-07 09:00:00,electricity,2.264,kWh
2024-02-07 09:00:00,water,35.054,L
2024-02-07 10:00:00,electricity,1.923,kWh
2024-02-07 10:00:00,water,20.818,L
2024-02-07 11:00:00,electricity,1.576,kWh
2024-02-07 11:00:00,water,18.292,L
2024-02-07 12:00:00,electricity,1.779,kWh
2024-02-07 12:00:00,water,17.888,L
2024-02-07 13:00:00,electricity,1.649,kWh
2024-02-07 13:00:00,water,18.608,L
2024-02-07 14:00:00,electricity,1.721,kWh
2024-02-07 14:00:00,water,17.255,L
2024-02-07 15:00:00,electricity,1.935,kWh
2024-02-07 15:00:00,water,18.49,L
2024-02-07 16:00:00,electricity,1.749,kWh
2024-02-07 16:00:00,water,16.722,L
2024-02-07 17:00:00,electricity,3.103,kWh
2024-02-07 17:00:00,water,43.234,L
2024-02-07 18:00:00,electricity,2.669,kWh
2024-02-07 18:00:00,water,36.989,L
2024-02-07 19:00:00,electricity,3.319,kWh
2024-02-07 19:00:00,water,35.778,L
2024-02-07 20:00:00,electricity,3.288,kWh
2024-02-07 20:00:00,water,33.338,L
2024-02-07 21:00:00,electricity,3.757,kWh
2024-02-07 21:00:00,water,23.226,L
2024-02-07 22:00:00,electricity,1.663,kWh
2024-02-07 22:00:00,water,23.005,L
2024-02-07 23:00:00,electricity,1.754,kWh
2024-02-07 23:00:00,water,23.549,L
2024-02-08 00:00:00,electricity,0.704,kWh
2024-02-08 00:00:00,water,2.63,L
2024-02-08 01:00:00,electricity,0.795,kWh
2024-02-08 01:00:00,water,2.424,L
2024-02-08 02:00:00,electricity,0.68,kWh
2024-02-08 02:00:00,water,3.225,L
2024-02-08 03:00:00,electricity,0.706,kWh
2024-02-08 03:00:00,water,3.534,L
2024-02-08 04:00:00,electricity,0.728,kWh
2024-02-08 04:00:00,water,2.631,L
2024-02-08 05:00:00,electricity,0.699,kWh
2024-02-08 05:00:00,water,0.505,L
2024-02-08 06:00:00,electricity,2.131,kWh
2024-02-08 06:00:00,water,46.533,L
2024-02-08 07:00:00,electricity,2.274,kWh
2024-02-08 07:00:00,water,44.962,L
2024-02-08 08:00:00,electricity,2.47,kWh
2024-02-08 08:00:00,water,42.853,L
2024-02-08 09:00:00,electricity,2.002,kWh
2024-02-08 09:00:00,water,37.524,L
2024-02-08 10:00:00,electricity,1.739,kWh
2024-02-08 10:00:00,water,20.133,L
2024-02-08 11:00:00,electricity,1.596,kWh
2024-02-08 11:00:00,water,16.325,L
2024-02-08 12:00:00,electricity,1.921,kWh
2024-02-08 12:00:00,water,16.316,L
2024-02-08 13:00:00,electricity,1.455,kWh
2024-02-08 13:00:00,water,20.143,L
2024-02-08 14:00:00,electricity,1.62,kWh
2024-02-08 14:00:00,water,13.933,L
2024-02-08 15:00:00,electricity,1.781,kWh
2024-02-08 15:00:00,water,14.709,L
2024-02-08 16:00:00,electricity,1.985,kWh
2024-02-08 16:00:00,water,17.961,L
2024-02-08 17:00:00,electricity,3.068,kWh
2024-02-08 17:00:00,water,38.82,L
2024-02-08 18:00:00,electricity,2.917,kWh
2024-02-08 18:00:00,water,39.681,L
2024-02-08 19:00:00,electricity,3.67,kWh
2024-02-08 19:00:00,water,36.142,L
2024-02-08 20:00:00,electricity,2.642,kWh
2024-02-08 20:00:00,water,48.887,L
2024-02-08 21:00:00,electricity,2.41,kWh
2024-02-08 21:00:00,water,21.885,L
2024-02-08 22:00:00,electricity,1.792,kWh
2024-02-08 22:00:00,water,21.877,L
2024-02-08 23:00:00,electricity,1.63,kWh
2024-02-08 23:00:00,water,20.348,L
2024-02-09 00:00:00,electricity,0.616,kWh
2024-02-09 00:00:00,water,3.045,L
2024-02-09 01:00:00,electricity,0.735,kWh
2024-02-09 01:00:00,water,3.221,L
2024-02-09 02:00:00,electricity,0.703,kWh
2024-02-09 02:00:00,water,3.433,L
2024-02-09 03:00:00,electricity,0.648,kWh
2024-02-09 03:00:00,water,2.464,L
2024-02-09 04:00:00,electricity,0.599,kWh
2024-02-09 04:00:00,water,2.911,L
2024-02-09 05:00:00,electricity,0.746,kWh
2024-02-09 05:00:00,water,3.161,L
2024-02-09 06:00:00,electricity,2.376,kWh
2024-02-09 06:00:00,water,48.17,L
2024-02-09 07:00:00,electricity,2.209,kWh
2024-02-09 07:00:00,water,45.035,L
2024-02-09 08:00:00,electricity,2.643,kWh
2024-02-09 08:00:00,water,47.929,L
2024-02-09 09:00:00,electricity,1.992,kWh
2024-02-09 09:00:00,water,40.632,L
2024-02-09 10:00:00,electricity,1.454,kWh
2024-02-09 10:00:00,water,21.365,L
2024-02-09 11:00:00,electricity,1.597,kWh
2024-02-09 11:00:00,water,20.144,L
2024-02-09 12:00:00,electricity,1.708,kWh
2024-02-09 12:00:00,water,15.095,L
2024-02-09 13:00:00,electricity,1.758,kWh
2024-02-09 13:00:00,water,15.678,L
2024-02-09 14:00:00,electricity,1.675,kWh
2024-02-09 14:00:00,water,15.739,L
2024-02-09 15:00:00,electricity,1.776,kWh
2024-02-09 15:00:00,water,19.464,L
2024-02-09 16:00:00,electricity,1.501,kWh
2024-02-09 16:00:00,water,15.225,L
2024-02-09 17:00:00,electricity,3.535,kWh
2024-02-09 17:00:00,water,36.01,L
2024-02-09 18:00:00,electricity,3.063,kWh
2024-02-09 18:00:00,water,39.546,L
2024-02-09 19:00:00,electricity,3.434,kWh
2024-02-09 19:00:00,water,37.202,L
2024-02-09 20:00:00,electricity,3.195,kWh
2024-02-09 20:00:00,water,38.665,L
2024-02-09 21:00:00,electricity,3.23,kWh
2024-02-09 21:00:00,water,19.622,L
2024-02-09 22:00:00,electricity,1.814,kWh
2024-02-09 22:00:00,water,24.106,L
2024-02-09 23:00:00,electricity,1.793,kWh
2024-02-09 23:00:00,water,20.844,L
2024-02-10 00:00:00,electricity,0.598,kWh
2024-02-10 00:00:00,water,3.748,L
2024-02-10 01:00:00,electricity,0.636,kWh
2024-02-10 01:00:00,water,4.011,L
2024-02-10 02:00:00,electricity,0.573,kWh
2024-02-10 02:00:00,water,3.948,L
2024-02-10 03:00:00,electricity,0.601,kWh
2024-02-10 03:00:00,water,3.911,L
2024-02-10 04:00:00,electricity,0.557,kWh
2024-02-10 04:00:00,water,3.549,L
2024-02-10 05:00:00,electricity,0.642,kWh
2024-02-10 05:00:00,water,3.76,L
2024-02-10 06:00:00,electricity,1.702,kWh
2024-02-10 06:00:00,water,58.515,L
2024-02-10 07:00:00,electricity,2.154,kWh
2024-02-10 07:00:00,water,48.847,L
2024-02-10 08:00:00,electricity,1.818,kWh
2024-02-10 08:00:00,water,55.253,L
2024-02-10 09:00:00,electricity,1.564,kWh
2024-02-10 09:00:00,water,61.222,L
2024-02-10 10:00:00,electricity,1.422,kWh
2024-02-10 10:00:00,water,19.813,L
2024-02-10 11:00:00,electricity,1.308,kWh
2024-02-10 11:00:00,water,26.648,L
2024-02-10 12:00:00,electricity,1.522,kWh
2024-02-10 12:00:00,water,26.965,L
2024-02-10 13:00:00,electricity,1.312,kWh
2024-02-10 13:00:00,water,19.904,L
2024-02-10 14:00:00,electricity,1.341,kWh
2024-02-10 14:00:00,water,27.212,L
2024-02-10 15:00:00,electricity,1.139,kWh
2024-02-10 15:00:00,water,22.997,L
2024-02-10 16:00:00,electricity,1.34,kWh
2024-02-10 16:00:00,water,24.575,L
2024-02-10 17:00:00,electricity,1.915,kWh
2024-02-10 17:00:00,water,45.845,L
2024-02-10 18:00:00,electricity,2.127,kWh
2024-02-10 18:00:00,water,54.15,L
2024-02-10 19:00:00,electricity,2.719,kWh
2024-02-10 19:00:00,water,51.126,L
2024-02-10 20:00:00,electricity,2.726,kWh
2024-02-10 20:00:00,water,43.987,L
2024-02-10 21:00:00,electricity,2.635,kWh
2024-02-10 21:00:00,water,25.16,L
2024-02-10 22:00:00,electricity,1.268,kWh
2024-02-10 22:00:00,water,24.124,L
2024-02-10 23:00:00,electricity,1.397,kWh
2024-02-10 23:00:00,water,29.91,L
2024-02-11 00:00:00,electricity,0.561,kWh
2024-02-11 00:00:00,water,4.168,L
2024-02-11 01:00:00,electricity,0.497,kWh
2024-02-11 01:00:00,water,4.205,L
2024-02-11 02:00:00,electricity,0.646,kWh
2024-02-11 02:00:00,water,3.845,L
2024-02-11 03:00:00,electricity,0.611,kWh
2024-02-11 03:00:00,water,3.359,L
2024-02-11 04:00:00,electricity,0.549,kWh
2024-02-11 04:00:00,water,3.581,L
2024-02-11 05:00:00,electricity,0.563,kWh
2024-02-11 05:00:00,water,4.439,L
2024-02-11 06:00:00,electricity,1.863,kWh
2024-02-11 06:00:00,water,55.098,L
2024-02-11 07:00:00,electricity,1.453,kWh
2024-02-11 07:00:00,water,59.507,L
2024-02-11 08:00:00,electricity,1.78,kWh
2024-02-11 08:00:00,water,50.949,L
2024-02-11 09:00:00,electricity,1.701,kWh
2024-02-11 09:00:00,water,60.863,L
2024-02-11 10:00:00,electricity,1.263,kWh
2024-02-11 10:00:00,water,22.115,L
2024-02-11 11:00:00,electricity,1.365,kWh
2024-02-11 11:00:00,water,26.339,L
2024-02-11 12:00:00,electricity,1.656,kWh
2024-02-11 12:00:00,water,25.572,L
2024-02-11 13:00:00,electricity,1.494,kWh
2024-02-11 13:00:00,water,22.008,L
2024-02-11 14:00:00,electricity,1.324,kWh
2024-02-11 14:00:00,water,23.044,L
2024-02-11 15:00:00,electricity,1.484,kWh
2024-02-11 15:00:00,water,21.852,L
2024-02-11 16:00:00,electricity,1.6,kWh
2024-02-11 16:00:00,water,19.414,L
2024-02-11 17:00:00,electricity,2.761,kWh
2024-02-11 17:00:00,water,43.734,L
2024-02-11 18:00:00,electricity,2.542,kWh
2024-02-11 18:00:00,water,49.91,L
2024-02-11 19:00:00,electricity,2.364,kWh
2024-02-11 19:00:00,water,50.653,L
2024-02-11 20:00:00,electricity,2.704,kWh
2024-02-11 20:00:00,water,49.619,L
2024-02-11 21:00:00,electricity,2.627,kWh
2024-02-11 21:00:00,water,28.191,L
2024-02-11 22:00:00,electricity,1.53,kWh
2024-02-11 22:00:00,water,32.525,L
2024-02-11 23:00:00,electricity,1.493,kWh
2024-02-11 23:00:00,water,29.473,L
2024-02-12 00:00:00,electricity,0.758,kWh
2024-02-12 00:00:00,water,3.253,L
2024-02-12 01:00:00,electricity,0.65,kWh
2024-02-12 01:00:00,water,2.361,L
2024-02-12 02:00:00,electricity,0.777,kWh
2024-02-12 02:00:00,water,1.588,L
2024-02-12 03:00:00,electricity,0.7,kWh
2024-02-12 03:00:00,water,3.102,L
2024-02-12 04:00:00,electricity,0.829,kWh
2024-02-12 04:00:00,water,2.487,L
2024-02-12 05:00:00,electricity,0.639,kWh
2024-02-12 05:00:00,water,2.924,L
2024-02-12 06:00:00,electricity,2.618,kWh
2024-02-12 06:00:00,water,43.369,L
2024-02-12 07:00:00,electricity,2.275,kWh
2024-02-12 07:00:00,water,53.572,L
2024-02-12 08:00:00,electricity,2.085,kWh
2024-02-12 08:00:00,water,47.16,L
2024-02-12 09:00:00,electricity,2.123,kWh
2024-02-12 09:00:00,water,45.896,L
2024-02-12 10:00:00,electricity,1.661,kWh
2024-02-12 10:00:00,water,19.808,L
2024-02-12 11:00:00,electricity,1.789,kWh
2024-02-12 11:00:00,water,18.796,L
2024-02-12 12:00:00,electricity,1.806,kWh
2024-02-12 12:00:00,water,17.011,L
2024-02-12 13:00:00,electricity,1.618,kWh
2024-02-12 13:00:00,water,20.314,L
2024-02-12 14:00:00,electricity,1.712,kWh
2024-02-12 14:00:00,water,15.603,L
2024-02-12 15:00:00,electricity,2.084,kWh
2024-02-12 15:00:00,water,18.698,L
2024-02-12 16:00:00,electricity,2.012,kWh
2024-02-12 16:00:00,water,14.657,L
2024-02-12 17:00:00,electricity,3.224,kWh
2024-02-12 17:00:00,water,38.418,L
2024-02-12 18:00:00,electricity,3.101,kWh
2024-02-12 18:00:00,water,38.368,L
2024-02-12 19:00:00,electricity,3.126,kWh
2024-02-12 19:00:00,water,45.044,L
2024-02-12 20:00:00,electricity,3.278,kWh
2024-02-12 20:00:00,water,30.458,L
2024-02-12 21:00:00,electricity,2.773,kWh
2024-02-12 21:00:00,water,20.878,L
2024-02-12 22:00:00,electricity,1.672,kWh
2024-02-12 22:00:00,water,24.721,L
2024-02-12 23:00:00,electricity,1.43,kWh
2024-02-12 23:00:00,water,23.405,L
2024-02-13 00:00:00,electricity,0.714,kWh
2024-02-13 00:00:00,water,3.065,L
2024-02-13 01:00:00,electricity,0.731,kWh
2024-02-13 01:00:00,water,2.656,L
2024-02-13 02:00:00,electricity,0.653,kWh
2024-02-13 02:00:00,water,2.787,L
2024-02-13 03:00:00,electricity,0.794,kWh
2024-02-13 03:00:00,water,3.448,L
2024-02-13 04:00:00,electricity,0.602,kWh
2024-02-13 04:00:00,water,2.981,L
2024-02-13 05:00:00,electricity,0.586,kWh
2024-02-13 05:00:00,water,3.135,L
2024-02-13 06:00:00,electricity,2.281,kWh
2024-02-13 06:00:00,water,44.378,L
2024-02-13 07:00:00,electricity,2.464,kWh
2024-02-13 07:00:00,water,38.611,L
2024-02-13 08:00:00,electricity,2.606,kWh
2024-02-13 08:00:00,water,50.043,L
2024-02-13 09:00:00,electricity,2.128,kWh
2024-02-13 09:00:00,water,47.717,L
2024-02-13 10:00:00,electricity,1.901,kWh
2024-02-13 10:00:00,water,22.98,L
2024-02-13 11:00:00,electricity,1.709,kWh
2024-02-13 11:00:00,water,15.806,L
2024-02-13 12:00:00,electricity,1.686,kWh
2024-02-13 12:00:00,water,19.777,L
2024-02-13 13:00:00,electricity,1.868,kWh
2024-02-13 13:00:00,water,15.167,L
2024-02-13 14:00:00,electricity,1.828,kWh
2024-02-13 14:00:00,water,18.34,L
2024-02-13 15:00:00,electricity,1.445,kWh
2024-02-13 15:00:00,water,20.109,L
2024-02-13 16:00:00,electricity,1.969,kWh
2024-02-13 16:00:00,water,13.524,L
2024-02-13 17:00:00,electricity,3.515,kWh
2024-02-13 17:00:00,water,36.578,L
2024-02-13 18:00:00,electricity,2.896,kWh
2024-02-13 18:00:00,water,34.966,L
2024-02-13 19:00:00,electricity,3.211,kWh
2024-02-13 19:00:00,water,34.341,L
2024-02-13 20:00:00,electricity,3.241,kWh
2024-02-13 20:00:00,water,39.233,L
2024-02-13 21:00:00,electricity,3.169,kWh
2024-02-13 21:00:00,water,25.526,L
2024-02-13 22:00:00,electricity,1.622,kWh
2024-02-13 22:00:00,water,22.14,L
2024-02-13 23:00:00,electricity,1.601,kWh
2024-02-13 23:00:00,water,23.055,L
2024-02-14 00:00:00,electricity,0.685,kWh
2024-02-14 00:00:00,water,3.041,L
2024-02-14 01:00:00,electricity,0.767,kWh
2024-02-14 01:00:00,water,3.001,L
2024-02-14 02:00:00,electricity,0.724,kWh
2024-02-14 02:00:00,water,2.608,L
2024-02-14 03:00:00,electricity,0.661,kWh
2024-02-14 03:00:00,water,3.399,L
2024-02-14 04:00:00,electricity,0.739,kWh
2024-02-14 04:00:00,water,3.106,L
2024-02-14 05:00:00,electricity,0.491,kWh
2024-02-14 05:00:00,water,3.142,L
2024-02-14 06:00:00,electricity,2.487,kWh
2024-02-14 06:00:00,water,40.645,L
2024-02-14 07:00:00,electricity,1.843,kWh
2024-02-14 07:00:00,water,42.52,L
2024-02-14 08:00:00,electricity,2.15,kWh
2024-02-14 08:00:00,water,44.049,L
2024-02-14 09:00:00,electricity,1.981,kWh
2024-02-14 09:00:00,water,36.716,L
2024-02-14 10:00:00,electricity,1.494,kWh
2024-02-14 10:00:00,water,14.354,L
2024-02-14 11:00:00,electricity,1.915,kWh
2024-02-14 11:00:00,water,16.702,L
2024-02-14 12:00:00,electricity,1.636,kWh
2024-02-14 12:00:00,water,19.129,L
2024-02-14 13:00:00,electricity,1.775,kWh
2024-02-14 13:00:00,water,16.589,L
2024-02-14 14:00:00,electricity,1.708,kWh
2024-02-14 14:00:00,water,15.799,L
2024-02-14 15:00:00,electricity,1.798,kWh
2024-02-14 15:00:00,water,16.24,L
2024-02-14 16:00:00,electricity,1.729,kWh
2024-02-14 16:00:00,water,17.016,L
2024-02-14 17:00:00,electricity,2.693,kWh
2024-02-14 17:00:00,water,35.908,L
2024-02-14 18:00:00,electricity,3.397,kWh
2024-02-14 18:00:00,water,47.245,L
2024-02-14 19:00:00,electricity,2.936,kWh
2024-02-14 19:00:00,water,42.246,L
2024-02-14 20:00:00,electricity,2.608,kWh
2024-02-14 20:00:00,water,42.111,L
2024-02-14 21:00:00,electricity,2.957,kWh
2024-02-14 21:00:00,water,25.655,L
2024-02-14 22:00:00,electricity,1.974,kWh
2024-02-14 22:00:00,water,19.803,L
2024-02-14 23:00:00,electricity,1.862,kWh
2024-02-14 23:00:00,water,19.2,L
2024-02-15 00:00:00,electricity,0.662,kWh
2024-02-15 00:00:00,water,2.602,L
2024-02-15 01:00:00,electricity,0.662,kWh
2024-02-15 01:00:00,water,3.48,L
2024-02-15 02:00:00,electricity,0.664,kWh
2024-02-15 02:00:00,water,2.803,L
2024-02-15 03:00:00,electricity,0.829,kWh
2024-02-15 03:00:00,water,2.55,L
2024-02-15 04:00:00,electricity,0.713,kWh
2024-02-15 04:00:00,water,2.845,L
2024-02-15 05:00:00,electricity,0.716,kWh
2024-02-15 05:00:00,water,2.914,L
2024-02-15 06:00:00,electricity,2.461,kWh
2024-02-15 06:00:00,water,46.449,L
2024-02-15 07:00:00,electricity,2.284,kWh
2024-02-15 07:00:00,water,46.355,L
2024-02-15 08:00:00,electricity,2.173,kWh
2024-02-15 08:00:00,water,40.528,L
2024-02-15 09:00:00,electricity,2.187,kWh
2024-02-15 09:00:00,water,48.703,L
2024-02-15 10:00:00,electricity,1.704,kWh
2024-02-15 10:00:00,water,16.619,L
2024-02-15 11:00:00,electricity,1.71,kWh
2024-02-15 11:00:00,water,17.662,L
2024-02-15 12:00:00,electricity,1.841,kWh
2024-02-15 12:00:00,water,19.483,L
2024-02-15 13:00:00,electricity,1.725,kWh
2024-02-15 13:00:00,water,16.614,L
2024-02-15 14:00:00,electricity,1.842,kWh
2024-02-15 14:00:00,water,16.77,L
2024-02-15 15:00:00,electricity,1.702,kWh
2024-02-15 15:00:00,water,19.278,L
2024-02-15 16:00:00,electricity,1.729,kWh
2024-02-15 16:00:00,water,16.147,L
2024-02-15 17:00:00,electricity,2.472,kWh
2024-02-15 17:00:00,water,35.768,L
2024-02-15 18:00:00,electricity,3.372,kWh
2024-02-15 18:00:00,water,40.001,L
2024-02-15 19:00:00,electricity,3.196,kWh
2024-02-15 19:00:00,water,46.743,L
2024-02-15 20:00:00,electricity,3.397,kWh
2024-02-15 20:00:00,water,40.224,L
2024-02-15 21:00:00,electricity,2.194,kWh
2024-02-15 21:00:00,water,23.776,L
2024-02-15 22:00:00,electricity,2.074,kWh
2024-02-15 22:00:00,water,23.933,L
2024-02-15 23:00:00,electricity,1.692,kWh
2024-02-15 23:00:00,water,19.602,L
2024-02-16 00:00:00,electricity,0.762,kWh
2024-02-16 00:00:00,water,3.042,L
2024-02-16 01:00:00,electricity,0.615,kWh
2024-02-16 01:00:00,water,2.989,L
2024-02-16 02:00:00,electricity,0.728,kWh
2024-02-16 02:00:00,water,3.116,L
2024-02-16 03:00:00,electricity,0.614,kWh
2024-02-16 03:00:00,water,3.042,L
2024-02-16 04:00:00,electricity,0.644,kWh
2024-02-16 04:00:00,water,3.137,L
2024-02-16 05:00:00,electricity,0.818,kWh
2024-02-16 05:00:00,water,2.888,L
2024-02-16 06:00:00,electricity,2.188,kWh
2024-02-16 06:00:00,water,45.316,L
2024-02-16 07:00:00,electricity,2.279,kWh
2024-02-16 07:00:00,water,38.37,L
2024-02-16 08:00:00,electricity,2.425,kWh
2024-02-16 08:00:00,water,43.273,L
2024-02-16 09:00:00,electricity,2.341,kWh
2024-02-16 09:00:00,water,52.511,L
2024-02-16 10:00:00,electricity,1.742,kWh
2024-02-16 10:00:00,water,18.689,L
2024-02-16 11:00:00,electricity,1.779,kWh
2024-02-16 11:00:00,water,17.955,L
2024-02-16 12:00:00,electricity,2.128,kWh
2024-02-16 12:00:00,water,22.096,L
2024-02-16 13:00:00,electricity,1.706,kWh
2024-02-16 13:00:00,water,15.061,L
2024-02-16 14:00:00,electricity,1.751,kWh
2024-02-16 14:00:00,water,15.604,L
2024-02-16 15:00:00,electricity,1.896,kWh
2024-02-16 15:00:00,water,21.699,L
2024-02-16 16:00:00,electricity,1.906,kWh
2024-02-16 16:00:00,water,18.099,L
2024-02-16 17:00:00,electricity,3.455,kWh
2024-02-16 17:00:00,water,36.408,L
2024-02-16 18:00:00,electricity,3.286,kWh
2024-02-16 18:00:00,water,32.104,L
2024-02-16 19:00:00,electricity,2.736,kWh
2024-02-16 19:00:00,water,39.515,L
2024-02-16 20:00:00,electricity,3.593,kWh
2024-02-16 20:00:00,water,39.95,L
2024-02-16 21:00:00,electricity,2.735,kWh
2024-02-16 21:00:00,water,19.545,L
2024-02-16 22:00:00,electricity,1.768,kWh
2024-02-16 22:00:00,water,22.121,L
2024-02-16 23:00:00,electricity,1.587,kWh
2024-02-16 23:00:00,water,21.594,L
2024-02-17 00:00:00,electricity,0.558,kWh
2024-02-17 00:00:00,water,4.02,L
2024-02-17 01:00:00,electricity,0.58,kWh
2024-02-17 01:00:00,water,3.376,L
2024-02-17 02:00:00,electricity,0.58,kWh
2024-02-17 02:00:00,water,4.486,L
2024-02-17 03:00:00,electricity,0.585,kWh
2024-02-17 03:00:00,water,4.329,L
2024-02-17 04:00:00,electricity,0.652,kWh
2024-02-17 04:00:00,water,3.73,L
2024-02-17 05:00:00,electricity,0.587,kWh
2024-02-17 05:00:00,water,3.799,L
2024-02-17 06:00:00,electricity,1.781,kWh
2024-02-17 06:00:00,water,57.542,L
2024-02-17 07:00:00,electricity,2.001,kWh
2024-02-17 07:00:00,water,53.036,L
2024-02-17 08:00:00,electricity,2.042,kWh
2024-02-17 08:00:00,water,55.387,L
2024-02-17 09:00:00,electricity,1.601,kWh
2024-02-17 09:00:00,water,56.603,L
2024-02-17 10:00:00,electricity,1.488,kWh
2024-02-17 10:00:00,water,27.929,L
2024-02-17 11:00:00,electricity,1.502,kWh
2024-02-17 11:00:00,water,26.058,L
2024-02-17 12:00:00,electricity,1.362,kWh
2024-02-17 12:00:00,water,26.025,L
2024-02-17 13:00:00,electricity,1.597,kWh
2024-02-17 13:00:00,water,24.439,L
2024-02-17 14:00:00,electricity,1.383,kWh
2024-02-17 14:00:00,water,20.263,L
2024-02-17 15:00:00,electricity,1.422,kWh
2024-02-17 15:00:00,water,23.283,L
2024-02-17 16:00:00,electricity,1.38,kWh
2024-02-17 16:00:00,water,26.125,L
2024-02-17 17:00:00,electricity,2.531,kWh
2024-02-17 17:00:00,water,41.389,L
2024-02-17 18:00:00,electricity,2.25,kWh
2024-02-17 18:00:00,water,52.474,L
2024-02-17 19:00:00,electricity,2.163,kWh
2024-02-17 19:00:00,water,62.337,L
2024-02-17 20:00:00,electricity,2.93,kWh
2024-02-17 20:00:00,water,54.962,L
2024-02-17 21:00:00,electricity,2.313,kWh
2024-02-17 21:00:00,water,34.213,L
2024-02-17 22:00:00,electricity,1.265,kWh
2024-02-17 22:00:00,water,30.016,L
2024-02-17 23:00:00,electricity,1.102,kWh
2024-02-17 23:00:00,water,32.647,L
2024-02-18 00:00:00,electricity,0.526,kWh
2024-02-18 00:00:00,water,3.564,L
2024-02-18 01:00:00,electricity,0.487,kWh
2024-02-18 01:00:00,water,4.272,L
2024-02-18 02:00:00,electricity,0.654,kWh
2024-02-18 02:00:00,water,4.206,L
2024-02-18 03:00:00,electricity,0.618,kWh
2024-02-18 03:00:00,water,4.036,L
2024-02-18 04:00:00,electricity,0.523,kWh
2024-02-18 04:00:00,water,4.516,L
2024-02-18 05:00:00,electricity,0.688,kWh
2024-02-18 05:00:00,water,3.648,L
2024-02-18 06:00:00,electricity,2.004,kWh
2024-02-18 06:00:00,water,57.187,L
2024-02-18 07:00:00,electricity,1.766,kWh
2024-02-18 07:00:00,water,59.17,L
2024-02-18 08:00:00,electricity,1.369,kWh
2024-02-18 08:00:00,water,51.272,L
2024-02-18 09:00:00,electricity,2.243,kWh
2024-02-18 09:00:00,water,60.093,L
2024-02-18 10:00:00,electricity,1.209,kWh
2024-02-18 10:00:00,water,18.573,L
2024-02-18 11:00:00,electricity,1.173,kWh
2024-02-18 11:00:00,water,26.34,L
2024-02-18 12:00:00,electricity,1.548,kWh
2024-02-18 12:00:00,water,23.531,L
2024-02-18 13:00:00,electricity,1.747,kWh
2024-02-18 13:00:00,water,21.937,L
2024-02-18 14:00:00,electricity,1.598,kWh
2024-02-18 14:00:00,water,21.057,L
2024-02-18 15:00:00,electricity,1.483,kWh
2024-02-18 15:00:00,water,22.741,L
2024-02-18 16:00:00,electricity,1.488,kWh
2024-02-18 16:00:00,water,25.333,L
2024-02-18 17:00:00,electricity,2.743,kWh
2024-02-18 17:00:00,water,51.954,L
2024-02-18 18:00:00,electricity,2.719,kWh
2024-02-18 18:00:00,water,44.623,L
2024-02-18 19:00:00,electricity,2.598,kWh
2024-02-18 19:00:00,water,43.801,L
2024-02-18 20:00:00,electricity,2.554,kWh
2024-02-18 20:00:00,water,52.593,L
2024-02-18 21:00:00,electricity,2.511,kWh
2024-02-18 21:00:00,water,26.715,L
2024-02-18 22:00:00,electricity,1.298,kWh
2024-02-18 22:00:00,water,29.46,L
2024-02-18 23:00:00,electricity,1.365,kWh
2024-02-18 23:00:00,water,29.684,L
2024-02-19 00:00:00,electricity,0.57,kWh
2024-02-19 00:00:00,water,3.112,L
2024-02-19 01:00:00,electricity,0.68,kWh
2024-02-19 01:00:00,water,3.309,L
2024-02-19 02:00:00,electricity,0.619,kWh
2024-02-19 02:00:00,water,2.545,L
2024-02-19 03:00:00,electricity,0.611,kWh
2024-02-19 03:00:00,water,2.312,L
2024-02-19 04:00:00,electricity,0.699,kWh
2024-02-19 04:00:00,water,2.796,L
2024-02-19 05:00:00,electricity,0.782,kWh
2024-02-19 05:00:00,water,3.649,L
2024-02-19 06:00:00,electricity,2.436,kWh
2024-02-19 06:00:00,water,55.92,L
2024-02-19 07:00:00,electricity,1.88,kWh
2024-02-19 07:00:00,water,54.888,L
2024-02-19 08:00:00,electricity,2.01,kWh
2024-02-19 08:00:00,water,43.958,L
2024-02-19 09:00:00,electricity,2.441,kWh
2024-02-19 09:00:00,water,35.377,L
2024-02-19 10:00:00,electricity,1.547,kWh
2024-02-19 10:00:00,water,12.939,L
2024-02-19 11:00:00,electricity,1.677,kWh
2024-02-19 11:00:00,water,16.674,L
2024-02-19 12:00:00,electricity,1.81,kWh
2024-02-19 12:00:00,water,17.572,L
2024-02-19 13:00:00,electricity,1.55,kWh
2024-02-19 13:00:00,water,20.809,L
2024-02-19 14:00:00,electricity,1.734,kWh
2024-02-19 14:00:00,water,19.874,L
2024-02-19 15:00:00,electricity,1.487,kWh
2024-02-19 15:00:00,water,18.491,L
2024-02-19 16:00:00,electricity,1.613,kWh
2024-02-19 16:00:00,water,16.078,L
2024-02-19 17:00:00,electricity,3.188,kWh
2024-02-19 17:00:00,water,33.176,L
2024-02-19 18:00:00,electricity,2.597,kWh
2024-02-19 18:00:00,water,38.644,L
2024-02-19 19:00:00,electricity,3.225,kWh
2024-02-19 19:00:00,water,40.637,L
2024-02-19 20:00:00,electricity,3.083,kWh
2024-02-19 20:00:00,water,39.263,L
2024-02-19 21:00:00,electricity,3.259,kWh
2024-02-19 21:00:00,water,19.707,L
2024-02-19 22:00:00,electricity,1.754,kWh
2024-02-19 22:00:00,water,24.257,L
2024-02-19 23:00:00,electricity,1.95,kWh
2024-02-19 23:00:00,water,23.65,L
2024-02-20 00:00:00,electricity,0.695,kWh
2024-02-20 00:00:00,water,2.615,L
2024-02-20 01:00:00,electricity,0.657,kWh
2024-02-20 01:00:00,water,2.718,L
2024-02-20 02:00:00,electricity,0.695,kWh
2024-02-20 02:00:00,water,3.248,L
2024-02-20 03:00:00,electricity,0.724,kWh
2024-02-20 03:00:00,water,2.916,L
2024-02-20 04:00:00,electricity,0.69,kWh
2024-02-20 04:00:00,water,3.572,L
2024-02-20 05:00:00,electricity,0.689,kWh
2024-02-20 05:00:00,water,3.18,L
2024-02-20 06:00:00,electricity,2.074,kWh
2024-02-20 06:00:00,water,42.372,L
2024-02-20 07:00:00,electricity,2.083,kWh
2024-02-20 07:00:00,water,44.945,L
2024-02-20 08:00:00,electricity,1.918,kWh
2024-02-20 08:00:00,water,45.342,L
2024-02-20 09:00:00,electricity,2.621,kWh
2024-02-20 09:00:00,water,41.067,L
2024-02-20 10:00:00,electricity,1.503,kWh
2024-02-20 10:00:00,water,16.029,L
2024-02-20 11:00:00,electricity,1.597,kWh
2024-02-20 11:00:00,water,19.515,L
2024-02-20 12:00:00,electricity,1.593,kWh
2024-02-20 12:00:00,water,19.826,L
2024-02-20 13:00:00,electricity,1.87,kWh
2024-02-20 13:00:00,water,19.304,L
2024-02-20 14:00:00,electricity,1.665,kWh
2024-02-20 14:00:00,water,21.273,L
2024-02-20 15:00:00,electricity,1.93,kWh
2024-02-20 15:00:00,water,16.83,L
2024-02-20 16:00:00,electricity,1.6,kWh
2024-02-20 16:00:00,water,21.616,L
2024-02-20 17:00:00,electricity,3.175,kWh
2024-02-20 17:00:00,water,33.446,L
2024-02-20 18:00:00,electricity,2.831,kWh
2024-02-20 18:00:00,water,32.943,L
2024-02-20 19:00:00,electricity,3.751,kWh
2024-02-20 19:00:00,water,29.58,L
2024-02-20 20:00:00,electricity,2.722,kWh
2024-02-20 20:00:00,water,35.494,L
2024-02-20 21:00:00,electricity,3.184,kWh
2024-02-20 21:00:00,water,21.14,L
2024-02-20 22:00:00,electricity,1.825,kWh
2024-02-20 22:00:00,water,23.92,L
2024-02-20 23:00:00,electricity,1.787,kWh
2024-02-20 23:00:00,water,23.159,L
2024-02-21 00:00:00,electricity,0.674,kWh
2024-02-21 00:00:00,water,2.571,L
2024-02-21 01:00:00,electricity,0.677,kWh
2024-02-21 01:00:00,water,2.859,L
2024-02-21 02:00:00,electricity,0.689,kWh
2024-02-21 02:00:00,water,2.866,L
2024-02-21 03:00:00,electricity,0.676,kWh
2024-02-21 03:00:00,water,2.361,L
2024-02-21 04:00:00,electricity,0.753,kWh
2024-02-21 04:00:00,water,2.647,L
2024-02-21 05:00:00,electricity,0.838,kWh
2024-02-21 05:00:00,water,2.723,L
2024-02-21 06:00:00,electricity,2.106,kWh
2024-02-21 06:00:00,water,52.742,L
2024-02-21 07:00:00,electricity,1.925,kWh
2024-02-21 07:00:00,water,46.034,L
2024-02-21 08:00:00,electricity,2.211,kWh
2024-02-21 08:00:00,water,48.576,L
2024-02-21 09:00:00,electricity,2.806,kWh
2024-02-21 09:00:00,water,36.907,L
2024-02-21 10:00:00,electricity,1.578,kWh
2024-02-21 10:00:00,water,20.58,L
2024-02-21 11:00:00,electricity,1.997,kWh
2024-02-21 11:00:00,water,20.81,L
2024-02-21 12:00:00,electricity,2.004,kWh
2024-02-21 12:00:00,water,13.684,L
2024-02-21 13:00:00,electricity,1.621,kWh
2024-02-21 13:00:00,water,16.477,L
2024-02-21 14:00:00,electricity,1.814,kWh
2024-02-21 14:00:00,water,19.071,L
2024-02-21 15:00:00,electricity,1.995,kWh
2024-02-21 15:00:00,water,19.392,L
2024-02-21 16:00:00,electricity,1.651,kWh
2024-02-21 16:00:00,water,16.534,L
2024-02-21 17:00:00,electricity,3.026,kWh
2024-02-21 17:00:00,water,36.125,L
2024-02-21 18:00:00,electricity,2.909,kWh
2024-02-21 18:00:00,water,34.812,L
2024-02-21 19:00:00,electricity,2.775,kWh
2024-02-21 19:00:00,water,37.997,L
2024-02-21 20:00:00,electricity,2.888,kWh
2024-02-21 20:00:00,water,42.887,L
2024-02-21 21:00:00,electricity,2.711,kWh
2024-02-21 21:00:00,water,20.418,L
2024-02-21 22:00:00,electricity,1.722,kWh
2024-02-21 22:00:00,water,25.202,L
2024-02-21 23:00:00,electricity,1.584,kWh
2024-02-21 23:00:00,water,20.389,L
2024-02-22 00:00:00,electricity,0.702,kWh
2024-02-22 00:00:00,water,2.695,L
2024-02-22 01:00:00,electricity,0.58,kWh
2024-02-22 01:00:00,water,3.295,L
2024-02-22 02:00:00,electricity,0.709,kWh
2024-02-22 02:00:00,water,3.332,L
2024-02-22 03:00:00,electricity,0.744,kWh
2024-02-22 03:00:00,water,3.307,L
2024-02-22 04:00:00,electricity,0.55,kWh
2024-02-22 04:00:00,water,2.526,L
2024-02-22 05:00:00,electricity,0.712,kWh
2024-02-22 05:00:00,water,2.832,L
2024-02-22 06:00:00,electricity,2.505,kWh
2024-02-22 06:00:00,water,49.444,L
2024-02-22 07:00:00,electricity,1.961,kWh
2024-02-22 07:00:00,water,45.224,L
2024-02-22 08:00:00,electricity,2.604,kWh
2024-02-22 08:00:00,water,39.202,L
2024-02-22 09:00:00,electricity,2.324,kWh
2024-02-22 09:00:00,water,47.475,L
2024-02-22 10:00:00,electricity,1.595,kWh
2024-02-22 10:00:00,water,16.456,L
2024-02-22 11:00:00,electricity,1.706,kWh
2024-02-22 11:00:00,water,21.876,L
2024-02-22 12:00:00,electricity,1.812,kWh
2024-02-22 12:00:00,water,21.337,L
2024-02-22 13:00:00,electricity,1.729,kWh
2024-02-22 13:00:00,water,19.305,L
2024-02-22 14:00:00,electricity,1.808,kWh
2024-02-22 14:00:00,water,20.94,L
2024-02-22 15:00:00,electricity,1.558,kWh
2024-02-22 15:00:00,water,18.14,L
2024-02-22 16:00:00,electricity,1.745,kWh
2024-02-22 16:00:00,water,19.653,L
2024-02-22 17:00:00,electricity,2.652,kWh
2024-02-22 17:00:00,water,44.15,L
2024-02-22 18:00:00,electricity,3.054,kWh
2024-02-22 18:00:00,water,38.605,L
2024-02-22 19:00:00,electricity,2.81,kWh
2024-02-22 19:00:00,water,36.352,L
2024-02-22 20:00:00,electricity,2.862,kWh
2024-02-22 20:00:00,water,29.829,L
2024-02-22 21:00:00,electricity,3.471,kWh
2024-02-22 21:00:00,water,22.276,L
2024-02-22 22:00:00,electricity,1.903,kWh
2024-02-22 22:00:00,water,24.723,L
2024-02-22 23:00:00,electricity,1.821,kWh
2024-02-22 23:00:00,water,25.053,L
2024-02-23 00:00:00,electricity,0.611,kWh
2024-02-23 00:00:00,water,3.182,L
2024-02-23 01:00:00,electricity,0.665,kWh
2024-02-23 01:00:00,water,2.805,L
2024-02-23 02:00:00,electricity,0.77,kWh
2024-02-23 02:00:00,water,2.288,L
2024-02-23 03:00:00,electricity,0.696,kWh
2024-02-23 03:00:00,water,2.822,L
2024-02-23 04:00:00,electricity,0.846,kWh
2024-02-23 04:00:00,water,2.89,L
2024-02-23 05:00:00,electricity,0.713,kWh
2024-02-23 05:00:00,water,2.887,L
2024-02-23 06:00:00,electricity,2.274,kWh
2024-02-23 06:00:00,water,48.34,L
2024-02-23 07:00:00,electricity,2.162,kWh
2024-02-23 07:00:00,water,55.723,L
2024-02-23 08:00:00,electricity,2.261,kWh
2024-02-23 08:00:00,water,45.667,L
2024-02-23 09:00:00,electricity,2.197,kWh
2024-02-23 09:00:00,water,43.83,L
2024-02-23 10:00:00,electricity,1.838,kWh
2024-02-23 10:00:00,water,17.44,L
2024-02-23 11:00:00,electricity,1.88,kWh
2024-02-23 11:00:00,water,18.269,L
2024-02-23 12:00:00,electricity,1.581,kWh
2024-02-23 12:00:00,water,16.211,L
2024-02-23 13:00:00,electricity,1.488,kWh
2024-02-23 13:00:00,water,18.26,L
2024-02-23 14:00:00,electricity,1.401,kWh
2024-02-23 14:00:00,water,18.974,L
2024-02-23 15:00:00,electricity,1.803,kWh
2024-02-23 15:00:00,water,18.453,L
2024-02-23 16:00:00,electricity,1.527,kWh
2024-02-23 16:00:00,water,18.988,L
2024-02-23 17:00:00,electricity,2.424,kWh
2024-02-23 17:00:00,water,39.452,L
2024-02-23 18:00:00,electricity,3.209,kWh
2024-02-23 18:00:00,water,29.526,L
2024-02-23 19:00:00,electricity,3.859,kWh
2024-02-23 19:00:00,water,40.366,L
2024-02-23 20:00:00,electricity,3.087,kWh
2024-02-23 20:00:00,water,34.48,L
2024-02-23 21:00:00,electricity,3.348,kWh
2024-02-23 21:00:00,water,19.541,L
2024-02-23 22:00:00,electricity,1.73,kWh
2024-02-23 22:00:00,water,19.518,L
2024-02-23 23:00:00,electricity,1.699,kWh
2024-02-23 23:00:00,water,23.671,L
2024-02-24 00:00:00,electricity,0.613,kWh
2024-02-24 00:00:00,water,3.796,L
2024-02-24 01:00:00,electricity,0.545,kWh
2024-02-24 01:00:00,water,3.113,L
2024-02-24 02:00:00,electricity,0.577,kWh
2024-02-24 02:00:00,water,4.124,L
2024-02-24 03:00:00,electricity,0.58,kWh
2024-02-24 03:00:00,water,3.226,L
2024-02-24 04:00:00,electricity,0.524,kWh
2024-02-24 04:00:00,water,3.965,L
2024-02-24 05:00:00,electricity,0.617,kWh
2024-02-24 05:00:00,water,4.012,L
2024-02-24 06:00:00,electricity,1.793,kWh
2024-02-24 06:00:00,water,64.717,L
2024-02-24 07:00:00,electricity,1.687,kWh
2024-02-24 07:00:00,water,71.007,L
2024-02-24 08:00:00,electricity,1.923,kWh
2024-02-24 08:00:00,water,48.92,L
2024-02-24 09:00:00,electricity,1.661,kWh
2024-02-24 09:00:00,water,58.132,L
2024-02-24 10:00:00,electricity,1.408,kWh
2024-02-24 10:00:00,water,22.624,L
2024-02-24 11:00:00,electricity,1.403,kWh
2024-02-24 11:00:00,water,118.501,L
2024-02-24 12:00:00,electricity,1.556,kWh
2024-02-24 12:00:00,water,24.006,L
2024-02-24 13:00:00,electricity,1.471,kWh
2024-02-24 13:00:00,water,22.41,L
2024-02-24 14:00:00,electricity,1.4,kWh
2024-02-24 14:00:00,water,22.162,L
2024-02-24 15:00:00,electricity,1.519,kWh
2024-02-24 15:00:00,water,20.265,L
2024-02-24 16:00:00,electricity,1.599,kWh
2024-02-24 16:00:00,water,26.174,L
2024-02-24 17:00:00,electricity,2.668,kWh
2024-02-24 17:00:00,water,51.436,L
2024-02-24 18:00:00,electricity,2.53,kWh
2024-02-24 18:00:00,water,54.119,L
2024-02-24 19:00:00,electricity,2.196,kWh
2024-02-24 19:00:00,water,46.934,L
2024-02-24 20:00:00,electricity,2.258,kWh
2024-02-24 20:00:00,water,44.908,L
2024-02-24 21:00:00,electricity,2.45,kWh
2024-02-24 21:00:00,water,25.465,L
2024-02-24 22:00:00,electricity,1.318,kWh
2024-02-24 22:00:00,water,30.51,L
2024-02-24 23:00:00,electricity,1.378,kWh
2024-02-24 23:00:00,water,25.6,L
2024-02-25 00:00:00,electricity,0.565,kWh
2024-02-25 00:00:00,water,4.765,L
2024-02-25 01:00:00,electricity,0.591,kWh
2024-02-25 01:00:00,water,3.288,L
2024-02-25 02:00:00,electricity,0.558,kWh
2024-02-25 02:00:00,water,4.028,L
2024-02-25 03:00:00,electricity,0.589,kWh
2024-02-25 03:00:00,water,4.633,L
2024-02-25 04:00:00,electricity,0.565,kWh
2024-02-25 04:00:00,water,4.18,L
2024-02-25 05:00:00,electricity,0.451,kWh
2024-02-25 05:00:00,water,3.982,L
2024-02-25 06:00:00,electricity,1.654,kWh
2024-02-25 06:00:00,water,51.701,L
2024-02-25 07:00:00,electricity,1.799,kWh
2024-02-25 07:00:00,water,48.8,L
2024-02-25 08:00:00,electricity,1.604,kWh
2024-02-25 08:00:00,water,63.906,L
2024-02-25 09:00:00,electricity,1.935,kWh
2024-02-25 09:00:00,water,69.073,L
2024-02-25 10:00:00,electricity,1.619,kWh
2024-02-25 10:00:00,water,22.168,L
2024-02-25 11:00:00,electricity,1.575,kWh
2024-02-25 11:00:00,water,20.202,L
2024-02-25 12:00:00,electricity,1.374,kWh
2024-02-25 12:00:00,water,16.497,L
2024-02-25 13:00:00,electricity,1.613,kWh
2024-02-25 13:00:00,water,20.646,L
2024-02-25 14:00:00,electricity,1.425,kWh
2024-02-25 14:00:00,water,23.081,L
2024-02-25 15:00:00,electricity,1.357,kWh
2024-02-25 15:00:00,water,27.89,L
2024-02-25 16:00:00,electricity,1.318,kWh
2024-02-25 16:00:00,water,25.29,L
2024-02-25 17:00:00,electricity,2.451,kWh
2024-02-25 17:00:00,water,50.535,L
2024-02-25 18:00:00,electricity,2.429,kWh
2024-02-25 18:00:00,water,46.409,L
2024-02-25 19:00:00,electricity,2.57,kWh
2024-02-25 19:00:00,water,45.338,L
2024-02-25 20:00:00,electricity,2.568,kWh
2024-02-25 20:00:00,water,56.973,L
2024-02-25 21:00:00,electricity,2.528,kWh
2024-02-25 21:00:00,water,29.955,L
2024-02-25 22:00:00,electricity,1.465,kWh
2024-02-25 22:00:00,water,21.87,L
2024-02-25 23:00:00,electricity,1.571,kWh
2024-02-25 23:00:00,water,26.886,L
2024-02-26 00:00:00,electricity,0.752,kWh
2024-02-26 00:00:00,water,2.691,L
2024-02-26 01:00:00,electricity,0.584,kWh
2024-02-26 01:00:00,water,2.803,L
2024-02-26 02:00:00,electricity,0.511,kWh
2024-02-26 02:00:00,water,3.203,L
2024-02-26 03:00:00,electricity,0.751,kWh
2024-02-26 03:00:00,water,2.961,L
2024-02-26 04:00:00,electricity,0.593,kWh
2024-02-26 04:00:00,water,2.972,L
2024-02-26 05:00:00,electricity,0.671,kWh
2024-02-26 05:00:00,water,3.473,L
2024-02-26 06:00:00,electricity,1.97,kWh
2024-02-26 06:00:00,water,41.239,L
2024-02-26 07:00:00,electricity,1.829,kWh
2024-02-26 07:00:00,water,55.067,L
2024-02-26 08:00:00,electricity,2.352,kWh
2024-02-26 08:00:00,water,41.375,L
2024-02-26 09:00:00,electricity,2.4,kWh
2024-02-26 09:00:00,water,45.482,L
2024-02-26 10:00:00,electricity,1.617,kWh
2024-02-26 10:00:00,water,17.393,L
2024-02-26 11:00:00,electricity,1.271,kWh
2024-02-26 11:00:00,water,18.267,L
2024-02-26 12:00:00,electricity,1.622,kWh
2024-02-26 12:00:00,water,18.96,L
2024-02-26 13:00:00,electricity,1.783,kWh
2024-02-26 13:00:00,water,18.937,L
2024-02-26 14:00:00,electricity,1.462,kWh
2024-02-26 14:00:00,water,16.373,L
2024-02-26 15:00:00,electricity,1.747,kWh
2024-02-26 15:00:00,water,15.575,L
2024-02-26 16:00:00,electricity,1.713,kWh
2024-02-26 16:00:00,water,23.407,L
2024-02-26 17:00:00,electricity,3.268,kWh
2024-02-26 17:00:00,water,35.322,L
2024-02-26 18:00:00,electricity,3.126,kWh
2024-02-26 18:00:00,water,40.646,L
2024-02-26 19:00:00,electricity,2.788,kWh
2024-02-26 19:00:00,water,30.266,L
2024-02-26 20:00:00,electricity,3.458,kWh
2024-02-26 20:00:00,water,36.242,L
2024-02-26 21:00:00,electricity,3.04,kWh
2024-02-26 21:00:00,water,22.157,L
2024-02-26 22:00:00,electricity,1.711,kWh
2024-02-26 22:00:00,water,23.777,L
2024-02-26 23:00:00,electricity,1.556,kWh
2024-02-26 23:00:00,water,15.149,L
2024-02-27 00:00:00,electricity,0.656,kWh
2024-02-27 00:00:00,water,3.06,L
2024-02-27 01:00:00,electricity,0.626,kWh
2024-02-27 01:00:00,water,2.586,L
2024-02-27 02:00:00,electricity,0.675,kWh
2024-02-27 02:00:00,water,3.117,L
2024-02-27 03:00:00,electricity,0.804,kWh
2024-02-27 03:00:00,water,2.627,L
2024-02-27 04:00:00,electricity,0.592,kWh
2024-02-27 04:00:00,water,2.692,L
2024-02-27 05:00:00,electricity,0.576,kWh
2024-02-27 05:00:00,water,2.901,L
2024-02-27 06:00:00,electricity,2.559,kWh
2024-02-27 06:00:00,water,39.317,L
2024-02-27 07:00:00,electricity,2.184,kWh
2024-02-27 07:00:00,water,42.432,L
2024-02-27 08:00:00,electricity,2.082,kWh
2024-02-27 08:00:00,water,38.556,L
2024-02-27 09:00:00,electricity,2.463,kWh
2024-02-27 09:00:00,water,35.101,L
2024-02-27 10:00:00,electricity,1.612,kWh
2024-02-27 10:00:00,water,20.199,L
2024-02-27 11:00:00,electricity,2.029,kWh
2024-02-27 11:00:00,water,15.201,L
2024-02-27 12:00:00,electricity,1.832,kWh
2024-02-27 12:00:00,water,17.614,L
2024-02-27 13:00:00,electricity,1.632,kWh
2024-02-27 13:00:00,water,19.626,L
2024-02-27 14:00:00,electricity,2.086,kWh
2024-02-27 14:00:00,water,16.672,L
2024-02-27 15:00:00,electricity,1.612,kWh
2024-02-27 15:00:00,water,16.218,L
2024-02-27 16:00:00,electricity,1.843,kWh
2024-02-27 16:00:00,water,18.489,L
2024-02-27 17:00:00,electricity,3.181,kWh
2024-02-27 17:00:00,water,42.531,L
2024-02-27 18:00:00,electricity,3.491,kWh
2024-02-27 18:00:00,water,32.238,L
2024-02-27 19:00:00,electricity,3.571,kWh
2024-02-27 19:00:00,water,36.824,L
2024-02-27 20:00:00,electricity,3.099,kWh
2024-02-27 20:00:00,water,29.704,L
2024-02-27 21:00:00,electricity,2.856,kWh
2024-02-27 21:00:00,water,21.438,L
2024-02-27 22:00:00,electricity,1.795,kWh
2024-02-27 22:00:00,water,22.592,L
2024-02-27 23:00:00,electricity,1.6,kWh
2024-02-27 23:00:00,water,20.193,L
2024-02-28 00:00:00,electricity,0.825,kWh
2024-02-28 00:00:00,water,2.835,L
2024-02-28 01:00:00,electricity,0.696,kWh
2024-02-28 01:00:00,water,2.493,L
2024-02-28 02:00:00,electricity,0.661,kWh
2024-02-28 02:00:00,water,3.028,L
2024-02-28 03:00:00,electricity,0.699,kWh
2024-02-28 03:00:00,water,3.38,L
2024-02-28 04:00:00,electricity,0.594,kWh
2024-02-28 04:00:00,water,2.605,L
2024-02-28 05:00:00,electricity,0.62,kWh
2024-02-28 05:00:00,water,2.776,L
2024-02-28 06:00:00,electricity,2.499,kWh
2024-02-28 06:00:00,water,47.714,L
2024-02-28 07:00:00,electricity,2.084,kWh
2024-02-28 07:00:00,water,51.545,L
2024-02-28 08:00:00,electricity,1.997,kWh
2024-02-28 08:00:00,water,36.937,L
2024-02-28 09:00:00,electricity,2.351,kWh
2024-02-28 09:00:00,water,44.089,L
2024-02-28 10:00:00,electricity,1.919,kWh
2024-02-28 10:00:00,water,18.612,L
2024-02-28 11:00:00,electricity,1.839,kWh
2024-02-28 11:00:00,water,17.78,L
2024-02-28 12:00:00,electricity,1.887,kWh
2024-02-28 12:00:00,water,12.65,L
2024-02-28 13:00:00,electricity,1.586,kWh
2024-02-28 13:00:00,water,19.082,L
2024-02-28 14:00:00,electricity,1.472,kWh
2024-02-28 14:00:00,water,21.282,L
2024-02-28 15:00:00,electricity,1.974,kWh
2024-02-28 15:00:00,water,18.252,L
2024-02-28 16:00:00,electricity,1.661,kWh
2024-02-28 16:00:00,water,15.773,L
2024-02-28 17:00:00,electricity,3.011,kWh
2024-02-28 17:00:00,water,35.191,L
2024-02-28 18:00:00,electricity,3.499,kWh
2024-02-28 18:00:00,water,45.465,L
2024-02-28 19:00:00,electricity,3.261,kWh
2024-02-28 19:00:00,water,41.595,L
2024-02-28 20:00:00,electricity,3.23,kWh
2024-02-28 20:00:00,water,40.38,L
2024-02-28 21:00:00,electricity,3.758,kWh
2024-02-28 21:00:00,water,23.462,L
2024-02-28 22:00:00,electricity,1.606,kWh
2024-02-28 22:00:00,water,20.715,L
2024-02-28 23:00:00,electricity,1.875,kWh
2024-02-28 23:00:00,water,21.958,L
2024-02-29 00:00:00,electricity,0.69,kWh
2024-02-29 00:00:00,water,2.972,L
2024-02-29 01:00:00,electricity,0.705,kWh
2024-02-29 01:00:00,water,3.198,L
2024-02-29 02:00:00,electricity,0.791,kWh
2024-02-29 02:00:00,water,3.543,L
2024-02-29 03:00:00,electricity,0.721,kWh
2024-02-29 03:00:00,water,3.403,L
2024-02-29 04:00:00,electricity,0.723,kWh
2024-02-29 04:00:00,water,2.489,L
2024-02-29 05:00:00,electricity,0.76,kWh
2024-02-29 05:00:00,water,3.081,L
2024-02-29 06:00:00,electricity,2.149,kWh
2024-02-29 06:00:00,water,48.979,L
2024-02-29 07:00:00,electricity,2.044,kWh
2024-02-29 07:00:00,water,48.342,L
2024-02-29 08:00:00,electricity,8.66,kWh
2024-02-29 08:00:00,water,41.602,L
2024-02-29 09:00:00,electricity,1.792,kWh
2024-02-29 09:00:00,water,60.736,L
2024-02-29 10:00:00,electricity,2.069,kWh
2024-02-29 10:00:00,water,15.241,L
2024-02-29 11:00:00,electricity,1.527,kWh
2024-02-29 11:00:00,water,15.66,L
2024-02-29 12:00:00,electricity,1.678,kWh
2024-02-29 12:00:00,water,18.505,L
2024-02-29 13:00:00,electricity,1.668,kWh
2024-02-29 13:00:00,water,22.572,L
2024-02-29 14:00:00,electricity,1.769,kWh
2024-02-29 14:00:00,water,16.194,L
2024-02-29 15:00:00,electricity,1.856,kWh
2024-02-29 15:00:00,water,17.426,L
2024-02-29 16:00:00,electricity,1.864,kWh
2024-02-29 16:00:00,water,20.327,L
2024-02-29 17:00:00,electricity,2.909,kWh
2024-02-29 17:00:00,water,37.42,L
2024-02-29 18:00:00,electricity,3.037,kWh
2024-02-29 18:00:00,water,35.994,L
2024-02-29 19:00:00,electricity,3.176,kWh
2024-02-29 19:00:00,water,40.045,L
2024-02-29 20:00:00,electricity,3.012,kWh
2024-02-29 20:00:00,water,38.726,L
2024-02-29 21:00:00,electricity,3.585,kWh
2024-02-29 21:00:00,water,25.282,L
2024-02-29 22:00:00,electricity,1.8,kWh
2024-02-29 22:00:00,water,25.987,L
2024-02-29 23:00:00,electricity,1.842,kWh
2024-02-29 23:00:00,water,23.329,L
2024-03-01 00:00:00,electricity,0.563,kWh
2024-03-01 00:00:00,water,3.105,L
2024-03-01 01:00:00,electricity,0.59,kWh
2024-03-01 01:00:00,water,3.077,L
2024-03-01 02:00:00,electricity,0.538,kWh
2024-03-01 02:00:00,water,3.176,L
2024-03-01 03:00:00,electricity,0.46,kWh
2024-03-01 03:00:00,water,3.02,L
2024-03-01 04:00:00,electricity,0.549,kWh
2024-03-01 04:00:00,water,3.0,L
2024-03-01 05:00:00,electricity,0.494,kWh
2024-03-01 05:00:00,water,3.431,L
2024-03-01 06:00:00,electricity,1.625,kWh
2024-03-01 06:00:00,water,53.187,L
2024-03-01 07:00:00,electricity,1.817,kWh
2024-03-01 07:00:00,water,36.859,L
2024-03-01 08:00:00,electricity,1.928,kWh
2024-03-01 08:00:00,water,45.054,L
2024-03-01 09:00:00,electricity,1.72,kWh
2024-03-01 09:00:00,water,41.281,L
2024-03-01 10:00:00,electricity,1.361,kWh
2024-03-01 10:00:00,water,17.328,L
2024-03-01 11:00:00,electricity,1.545,kWh
2024-03-01 11:00:00,water,18.869,L
2024-03-01 12:00:00,electricity,1.352,kWh
2024-03-01 12:00:00,water,19.446,L
2024-03-01 13:00:00,electricity,1.663,kWh
2024-03-01 13:00:00,water,17.758,L
2024-03-01 14:00:00,electricity,1.395,kWh
2024-03-01 14:00:00,water,13.867,L
2024-03-01 15:00:00,electricity,1.088,kWh
2024-03-01 15:00:00,water,15.916,L
2024-03-01 16:00:00,electricity,1.419,kWh
2024-03-01 16:00:00,water,19.936,L
2024-03-01 17:00:00,electricity,2.467,kWh
2024-03-01 17:00:00,water,25.168,L
2024-03-01 18:00:00,electricity,2.682,kWh
2024-03-01 18:00:00,water,42.843,L
2024-03-01 19:00:00,electricity,2.536,kWh
2024-03-01 19:00:00,water,39.846,L
2024-03-01 20:00:00,electricity,2.343,kWh
2024-03-01 20:00:00,water,43.423,L
2024-03-01 21:00:00,electricity,2.085,kWh
2024-03-01 21:00:00,water,21.964,L
2024-03-01 22:00:00,electricity,1.292,kWh
2024-03-01 22:00:00,water,16.934,L
2024-03-01 23:00:00,electricity,1.208,kWh
2024-03-01 23:00:00,water,23.662,L
2024-03-02 00:00:00,electricity,0.407,kWh
2024-03-02 00:00:00,water,4.497,L
2024-03-02 01:00:00,electricity,0.457,kWh
2024-03-02 01:00:00,water,4.333,L
2024-03-02 02:00:00,electricity,0.504,kWh
2024-03-02 02:00:00,water,3.59,L
2024-03-02 03:00:00,electricity,0.449,kWh
2024-03-02 03:00:00,water,3.941,L
2024-03-02 04:00:00,electricity,0.38,kWh
2024-03-02 04:00:00,water,3.651,L
2024-03-02 05:00:00,electricity,0.451,kWh
2024-03-02 05:00:00,water,3.517,L
2024-03-02 06:00:00,electricity,1.572,kWh
2024-03-02 06:00:00,water,65.207,L
2024-03-02 07:00:00,electricity,1.318,kWh
2024-03-02 07:00:00,water,50.093,L
2024-03-02 08:00:00,electricity,1.385,kWh
2024-03-02 08:00:00,water,52.225,L
2024-03-02 09:00:00,electricity,1.406,kWh
2024-03-02 09:00:00,water,50.75,L
2024-03-02 10:00:00,electricity,0.995,kWh
2024-03-02 10:00:00,water,19.215,L
2024-03-02 11:00:00,electricity,1.15,kWh
2024-03-02 11:00:00,water,23.811,L
2024-03-02 12:00:00,electricity,1.067,kWh
2024-03-02 12:00:00,water,26.662,L
2024-03-02 13:00:00,electricity,1.125,kWh
2024-03-02 13:00:00,water,22.881,L
2024-03-02 14:00:00,electricity,0.984,kWh
2024-03-02 14:00:00,water,19.172,L
2024-03-02 15:00:00,electricity,1.033,kWh
2024-03-02 15:00:00,water,25.759,L
2024-03-02 16:00:00,electricity,1.158,kWh
2024-03-02 16:00:00,water,28.133,L
2024-03-02 17:00:00,electricity,1.872,kWh
2024-03-02 17:00:00,water,44.969,L
2024-03-02 18:00:00,electricity,2.28,kWh
2024-03-02 18:00:00,water,45.95,L
2024-03-02 19:00:00,electricity,1.866,kWh
2024-03-02 19:00:00,water,51.767,L
2024-03-02 20:00:00,electricity,1.988,kWh
2024-03-02 20:00:00,water,58.238,L
2024-03-02 21:00:00,electricity,2.125,kWh
2024-03-02 21:00:00,water,27.425,L
2024-03-02 22:00:00,electricity,0.927,kWh
2024-03-02 22:00:00,water,24.573,L
2024-03-02 23:00:00,electricity,0.89,kWh
2024-03-02 23:00:00,water,31.466,L
2024-03-03 00:00:00,electricity,0.366,kWh
2024-03-03 00:00:00,water,4.274,L
2024-03-03 01:00:00,electricity,0.487,kWh
2024-03-03 01:00:00,water,3.903,L
2024-03-03 02:00:00,electricity,0.408,kWh
2024-03-03 02:00:00,water,3.639,L
2024-03-03 03:00:00,electricity,0.543,kWh
2024-03-03 03:00:00,water,4.365,L
2024-03-03 04:00:00,electricity,0.408,kWh
2024-03-03 04:00:00,water,4.147,L
2024-03-03 05:00:00,electricity,0.44,kWh
2024-03-03 05:00:00,water,3.54,L
2024-03-03 06:00:00,electricity,1.621,kWh
2024-03-03 06:00:00,water,58.845,L
2024-03-03 07:00:00,electricity,1.686,kWh
2024-03-03 07:00:00,water,49.011,L
2024-03-03 08:00:00,electricity,1.693,kWh
2024-03-03 08:00:00,water,63.315,L
2024-03-03 09:00:00,electricity,1.574,kWh
2024-03-03 09:00:00,water,56.659,L
2024-03-03 10:00:00,electricity,1.191,kWh
2024-03-03 10:00:00,water,22.177,L
2024-03-03 11:00:00,electricity,1.144,kWh
2024-03-03 11:00:00,water,23.308,L
2024-03-03 12:00:00,electricity,1.164,kWh
2024-03-03 12:00:00,water,23.513,L
2024-03-03 13:00:00,electricity,1.02,kWh
2024-03-03 13:00:00,water,25.913,L
2024-03-03 14:00:00,electricity,0.992,kWh
2024-03-03 14:00:00,water,25.06,L
2024-03-03 15:00:00,electricity,1.08,kWh
2024-03-03 15:00:00,water,22.961,L
2024-03-03 16:00:00,electricity,1.062,kWh
2024-03-03 16:00:00,water,25.544,L
2024-03-03 17:00:00,electricity,1.856,kWh
2024-03-03 17:00:00,water,51.094,L
2024-03-03 18:00:00,electricity,2.079,kWh
2024-03-03 18:00:00,water,46.254,L
2024-03-03 19:00:00,electricity,2.13,kWh
2024-03-03 19:00:00,water,48.02,L
2024-03-03 20:00:00,electricity,1.961,kWh
2024-03-03 20:00:00,water,47.883,L
2024-03-03 21:00:00,electricity,2.231,kWh
2024-03-03 21:00:00,water,31.023,L
2024-03-03 22:00:00,electricity,0.957,kWh
2024-03-03 22:00:00,water,27.962,L
2024-03-03 23:00:00,electricity,1.059,kWh
2024-03-03 23:00:00,water,27.88,L
2024-03-04 00:00:00,electricity,0.49,kWh
2024-03-04 00:00:00,water,3.709,L
2024-03-04 01:00:00,electricity,0.429,kWh
2024-03-04 01:00:00,water,3.338,L
2024-03-04 02:00:00,electricity,0.524,kWh
2024-03-04 02:00:00,water,2.726,L
2024-03-04 03:00:00,electricity,0.522,kWh
2024-03-04 03:00:00,water,3.206,L
2024-03-04 04:00:00,electricity,0.608,kWh
2024-03-04 04:00:00,water,3.043,L
2024-03-04 05:00:00,electricity,0.561,kWh
2024-03-04 05:00:00,water,3.141,L
2024-03-04 06:00:00,electricity,1.54,kWh
2024-03-04 06:00:00,water,45.742,L
2024-03-04 07:00:00,electricity,2.034,kWh
2024-03-04 07:00:00,water,51.424,L
2024-03-04 08:00:00,electricity,1.926,kWh
2024-03-04 08:00:00,water,46.866,L
2024-03-04 09:00:00,electricity,1.816,kWh
2024-03-04 09:00:00,water,44.665,L
2024-03-04 10:00:00,electricity,1.29,kWh
2024-03-04 10:00:00,water,20.251,L
2024-03-04 11:00:00,electricity,1.193,kWh
2024-03-04 11:00:00,water,18.504,L
2024-03-04 12:00:00,electricity,1.271,kWh
2024-03-04 12:00:00,water,18.262,L
2024-03-04 13:00:00,electricity,1.464,kWh
2024-03-04 13:00:00,water,18.678,L
2024-03-04 14:00:00,electricity,1.569,kWh
2024-03-04 14:00:00,water,17.798,L
2024-03-04 15:00:00,electricity,1.524,kWh
2024-03-04 15:00:00,water,18.02,L
2024-03-04 16:00:00,electricity,1.255,kWh
2024-03-04 16:00:00,water,16.733,L
2024-03-04 17:00:00,electricity,2.11,kWh
2024-03-04 17:00:00,water,34.12,L
2024-03-04 18:00:00,electricity,2.409,kWh
2024-03-04 18:00:00,water,33.006,L
2024-03-04 19:00:00,electricity,1.956,kWh
2024-03-04 19:00:00,water,31.236,L
2024-03-04 20:00:00,electricity,2.453,kWh
2024-03-04 20:00:00,water,33.541,L
2024-03-04 21:00:00,electricity,2.341,kWh
2024-03-04 21:00:00,water,22.029,L
2024-03-04 22:00:00,electricity,1.258,kWh
2024-03-04 22:00:00,water,22.778,L
2024-03-04 23:00:00,electricity,4.987,kWh
2024-03-04 23:00:00,water,21.767,L
2024-03-05 00:00:00,electricity,0.555,kWh
2024-03-05 00:00:00,water,2.152,L
2024-03-05 01:00:00,electricity,0.5,kWh
2024-03-05 01:00:00,water,3.567,L
2024-03-05 02:00:00,electricity,0.466,kWh
2024-03-05 02:00:00,water,3.391,L
2024-03-05 03:00:00,electricity,0.376,kWh
2024-03-05 03:00:00,water,3.16,L
2024-03-05 04:00:00,electricity,0.527,kWh
2024-03-05 04:00:00,water,3.687,L
2024-03-05 05:00:00,electricity,0.622,kWh
2024-03-05 05:00:00,water,2.648,L
2024-03-05 06:00:00,electricity,2.001,kWh
2024-03-05 06:00:00,water,55.193,L
2024-03-05 07:00:00,electricity,1.638,kWh
2024-03-05 07:00:00,water,39.788,L
2024-03-05 08:00:00,electricity,1.613,kWh
2024-03-05 08:00:00,water,46.289,L
2024-03-05 09:00:00,electricity,1.796,kWh
2024-03-05 09:00:00,water,38.121,L
2024-03-05 10:00:00,electricity,1.188,kWh
2024-03-05 10:00:00,water,18.032,L
2024-03-05 11:00:00,electricity,1.36,kWh
2024-03-05 11:00:00,water,18.834,L
2024-03-05 12:00:00,electricity,1.421,kWh
2024-03-05 12:00:00,water,17.666,L
2024-03-05 13:00:00,electricity,1.482,kWh
2024-03-05 13:00:00,water,19.542,L
2024-03-05 14:00:00,electricity,1.307,kWh
2024-03-05 14:00:00,water,18.214,L
2024-03-05 15:00:00,electricity,1.293,kWh
2024-03-05 15:00:00,water,16.872,L
2024-03-05 16:00:00,electricity,1.204,kWh
2024-03-05 16:00:00,water,16.776,L
2024-03-05 17:00:00,electricity,2.18,kWh
2024-03-05 17:00:00,water,41.149,L
2024-03-05 18:00:00,electricity,2.322,kWh
2024-03-05 18:00:00,water,34.558,L
2024-03-05 19:00:00,electricity,2.463,kWh
2024-03-05 19:00:00,water,41.619,L
2024-03-05 20:00:00,electricity,2.593,kWh
2024-03-05 20:00:00,water,43.002,L
2024-03-05 21:00:00,electricity,2.185,kWh
2024-03-05 21:00:00,water,17.994,L
2024-03-05 22:00:00,electricity,1.517,kWh
2024-03-05 22:00:00,water,25.559,L
2024-03-05 23:00:00,electricity,1.284,kWh
2024-03-05 23:00:00,water,28.063,L
2024-03-06 00:00:00,electricity,0.527,kWh
2024-03-06 00:00:00,water,3.091,L
2024-03-06 01:00:00,electricity,0.489,kWh
2024-03-06 01:00:00,water,3.216,L
2024-03-06 02:00:00,electricity,0.4,kWh
2024-03-06 02:00:00,water,3.373,L
2024-03-06 03:00:00,electricity,0.575,kWh
2024-03-06 03:00:00,water,2.901,L
2024-03-06 04:00:00,electricity,0.567,kWh
2024-03-06 04:00:00,water,3.066,L
2024-03-06 05:00:00,electricity,0.513,kWh
2024-03-06 05:00:00,water,2.527,L
2024-03-06 06:00:00,electricity,1.727,kWh
2024-03-06 06:00:00,water,45.749,L
2024-03-06 07:00:00,electricity,1.805,kWh
2024-03-06 07:00:00,water,47.69,L
2024-03-06 08:00:00,electricity,1.448,kWh
2024-03-06 08:00:00,water,47.787,L
2024-03-06 09:00:00,electricity,1.625,kWh
2024-03-06 09:00:00,water,50.753,L
2024-03-06 10:00:00,electricity,1.425,kWh
2024-03-06 10:00:00,water,16.326,L
2024-03-06 11:00:00,electricity,1.154,kWh
2024-03-06 11:00:00,water,16.85,L
2024-03-06 12:00:00,electricity,1.359,kWh
2024-03-06 12:00:00,water,22.094,L
2024-03-06 13:00:00,electricity,1.141,kWh
2024-03-06 13:00:00,water,17.675,L
2024-03-06 14:00:00,electricity,1.382,kWh
2024-03-06 14:00:00,water,18.432,L
2024-03-06 15:00:00,electricity,1.315,kWh
2024-03-06 15:00:00,water,17.855,L
2024-03-06 16:00:00,electricity,1.107,kWh
2024-03-06 16:00:00,water,16.225,L
2024-03-06 17:00:00,electricity,2.653,kWh
2024-03-06 17:00:00,water,44.806,L
2024-03-06 18:00:00,electricity,2.201,kWh
2024-03-06 18:00:00,water,35.125,L
2024-03-06 19:00:00,electricity,2.183,kWh
2024-03-06 19:00:00,water,32.427,L
2024-03-06 20:00:00,electricity,2.424,kWh
2024-03-06 20:00:00,water,35.472,L
2024-03-06 21:00:00,electricity,2.649,kWh
2024-03-06 21:00:00,water,17.095,L
2024-03-06 22:00:00,electricity,1.186,kWh
2024-03-06 22:00:00,water,20.742,L
2024-03-06 23:00:00,electricity,1.328,kWh
2024-03-06 23:00:00,water,19.886,L
2024-03-07 00:00:00,electricity,0.551,kWh
2024-03-07 00:00:00,water,3.222,L
2024-03-07 01:00:00,electricity,0.565,kWh
2024-03-07 01:00:00,water,2.758,L
2024-03-07 02:00:00,electricity,0.537,kWh
2024-03-07 02:00:00,water,3.32,L
2024-03-07 03:00:00,electricity,0.509,kWh
2024-03-07 03:00:00,water,3.503,L
2024-03-07 04:00:00,electricity,0.484,kWh
2024-03-07 04:00:00,water,3.281,L
2024-03-07 05:00:00,electricity,0.047,kWh
2024-03-07 05:00:00,water,2.922,L
2024-03-07 06:00:00,electricity,1.532,kWh
2024-03-07 06:00:00,water,45.762,L
2024-03-07 07:00:00,electricity,1.215,kWh
2024-03-07 07:00:00,water,36.765,L
2024-03-07 08:00:00,electricity,1.791,kWh
2024-03-07 08:00:00,water,44.278,L
2024-03-07 09:00:00,electricity,1.871,kWh
2024-03-07 09:00:00,water,40.354,L
2024-03-07 10:00:00,electricity,1.008,kWh
2024-03-07 10:00:00,water,19.5,L
2024-03-07 11:00:00,electricity,1.187,kWh
2024-03-07 11:00:00,water,23.557,L
2024-03-07 12:00:00,electricity,1.402,kWh
2024-03-07 12:00:00,water,19.08,L
2024-03-07 13:00:00,electricity,1.592,kWh
2024-03-07 13:00:00,water,13.699,L
2024-03-07 14:00:00,electricity,1.323,kWh
2024-03-07 14:00:00,water,17.22,L
2024-03-07 15:00:00,electricity,1.224,kWh
2024-03-07 15:00:00,water,18.265,L
2024-03-07 16:00:00,electricity,1.296,kWh
2024-03-07 16:00:00,water,18.189,L
2024-03-07 17:00:00,electricity,2.703,kWh
2024-03-07 17:00:00,water,34.211,L
2024-03-07 18:00:00,electricity,2.223,kWh
2024-03-07 18:00:00,water,38.604,L
2024-03-07 19:00:00,electricity,2.186,kWh
2024-03-07 19:00:00,water,31.909,L
2024-03-07 20:00:00,electricity,2.261,kWh
2024-03-07 20:00:00,water,33.248,L
2024-03-07 21:00:00,electricity,2.149,kWh
2024-03-07 21:00:00,water,24.244,L
2024-03-07 22:00:00,electricity,1.336,kWh
2024-03-07 22:00:00,water,19.758,L
2024-03-07 23:00:00,electricity,1.534,kWh
2024-03-07 23:00:00,water,23.953,L
2024-03-08 00:00:00,electricity,0.545,kWh
2024-03-08 00:00:00,water,2.507,L
2024-03-08 01:00:00,electricity,0.515,kWh
2024-03-08 01:00:00,water,3.635,L
2024-03-08 02:00:00,electricity,0.513,kWh
2024-03-08 02:00:00,water,2.721,L
2024-03-08 03:00:00,electricity,0.445,kWh
2024-03-08 03:00:00,water,2.919,L
2024-03-08 04:00:00,electricity,0.575,kWh
2024-03-08 04:00:00,water,3.119,L
2024-03-08 05:00:00,electricity,0.524,kWh
2024-03-08 05:00:00,water,2.796,L
2024-03-08 06:00:00,electricity,1.685,kWh
2024-03-08 06:00:00,water,45.774,L
2024-03-08 07:00:00,electricity,2.264,kWh
2024-03-08 07:00:00,water,48.107,L
2024-03-08 08:00:00,electricity,1.767,kWh
2024-03-08 08:00:00,water,50.187,L
2024-03-08 09:00:00,electricity,1.587,kWh
2024-03-08 09:00:00,water,49.274,L
2024-03-08 10:00:00,electricity,1.264,kWh
2024-03-08 10:00:00,water,17.629,L
2024-03-08 11:00:00,electricity,1.472,kWh
2024-03-08 11:00:00,water,17.683,L
2024-03-08 12:00:00,electricity,1.335,kWh
2024-03-08 12:00:00,water,23.074,L
2024-03-08 13:00:00,electricity,1.13,kWh
2024-03-08 13:00:00,water,20.052,L
2024-03-08 14:00:00,electricity,1.441,kWh
2024-03-08 14:00:00,water,16.009,L
2024-03-08 15:00:00,electricity,1.232,kWh
2024-03-08 15:00:00,water,18.216,L
2024-03-08 16:00:00,electricity,1.567,kWh
2024-03-08 16:00:00,water,17.276,L
2024-03-08 17:00:00,electricity,2.633,kWh
2024-03-08 17:00:00,water,36.891,L
2024-03-08 18:00:00,electricity,2.27,kWh
2024-03-08 18:00:00,water,31.967,L
2024-03-08 19:00:00,electricity,2.68,kWh
2024-03-08 19:00:00,water,35.646,L
2024-03-08 20:00:00,electricity,2.392,kWh
2024-03-08 20:00:00,water,45.652,L
2024-03-08 21:00:00,electricity,2.579,kWh
2024-03-08 21:00:00,water,24.064,L
2024-03-08 22:00:00,electricity,1.384,kWh
2024-03-08 22:00:00,water,15.774,L
2024-03-08 23:00:00,electricity,1.208,kWh
2024-03-08 23:00:00,water,25.785,L
2024-03-09 00:00:00,electricity,0.404,kWh
2024-03-09 00:00:00,water,4.41,L
2024-03-09 01:00:00,electricity,0.476,kWh
2024-03-09 01:00:00,water,3.732,L
2024-03-09 02:00:00,electricity,0.418,kWh
2024-03-09 02:00:00,water,4.236,L
2024-03-09 03:00:00,electricity,0.415,kWh
2024-03-09 03:00:00,water,3.498,L
2024-03-09 04:00:00,electricity,0.391,kWh
2024-03-09 04:00:00,water,3.68,L
2024-03-09 05:00:00,electricity,0.45,kWh
2024-03-09 05:00:00,water,4.601,L
2024-03-09 06:00:00,electricity,1.694,kWh
2024-03-09 06:00:00,water,56.592,L
2024-03-09 07:00:00,electricity,1.254,kWh
2024-03-09 07:00:00,water,45.374,L
2024-03-09 08:00:00,electricity,1.407,kWh
2024-03-09 08:00:00,water,58.056,L
2024-03-09 09:00:00,electricity,1.602,kWh
2024-03-09 09:00:00,water,57.948,L
2024-03-09 10:00:00,electricity,1.071,kWh
2024-03-09 10:00:00,water,26.765,L
2024-03-09 11:00:00,electricity,1.129,kWh
2024-03-09 11:00:00,water,23.44,L
2024-03-09 12:00:00,electricity,0.965,kWh
2024-03-09 12:00:00,water,22.216,L
2024-03-09 13:00:00,electricity,1.126,kWh
2024-03-09 13:00:00,water,26.335,L
2024-03-09 14:00:00,electricity,1.06,kWh
2024-03-09 14:00:00,water,23.739,L
2024-03-09 15:00:00,electricity,1.186,kWh
2024-03-09 15:00:00,water,21.294,L
2024-03-09 16:00:00,electricity,1.208,kWh
2024-03-09 16:00:00,water,26.643,L
2024-03-09 17:00:00,electricity,2.447,kWh
2024-03-09 17:00:00,water,49.883,L
2024-03-09 18:00:00,electricity,2.057,kWh
2024-03-09 18:00:00,water,48.767,L
2024-03-09 19:00:00,electricity,2.007,kWh
2024-03-09 19:00:00,water,49.791,L
2024-03-09 20:00:00,electricity,1.982,kWh
2024-03-09 20:00:00,water,42.487,L
2024-03-09 21:00:00,electricity,1.875,kWh
2024-03-09 21:00:00,water,27.398,L
2024-03-09 22:00:00,electricity,1.117,kWh
2024-03-09 22:00:00,water,121.619,L
2024-03-09 23:00:00,electricity,1.048,kWh
2024-03-09 23:00:00,water,28.567,L
2024-03-10 00:00:00,electricity,0.439,kWh
2024-03-10 00:00:00,water,4.495,L
2024-03-10 01:00:00,electricity,0.489,kWh
2024-03-10 01:00:00,water,4.002,L
2024-03-10 02:00:00,electricity,0.389,kWh
2024-03-10 02:00:00,water,4.3,L
2024-03-10 03:00:00,electricity,0.481,kWh
2024-03-10 03:00:00,water,3.904,L
2024-03-10 04:00:00,electricity,0.489,kWh
2024-03-10 04:00:00,water,4.394,L
2024-03-10 05:00:00,electricity,0.427,kWh
2024-03-10 05:00:00,water,4.086,L
2024-03-10 06:00:00,electricity,1.106,kWh
2024-03-10 06:00:00,water,58.594,L
2024-03-10 07:00:00,electricity,1.319,kWh
2024-03-10 07:00:00,water,58.407,L
2024-03-10 08:00:00,electricity,1.586,kWh
2024-03-10 08:00:00,water,51.8,L
2024-03-10 09:00:00,electricity,1.401,kWh
2024-03-10 09:00:00,water,62.059,L
2024-03-10 10:00:00,electricity,0.972,kWh
2024-03-10 10:00:00,water,23.287,L
2024-03-10 11:00:00,electricity,1.025,kWh
2024-03-10 11:00:00,water,21.99,L
2024-03-10 12:00:00,electricity,1.171,kWh
2024-03-10 12:00:00,water,26.507,L
2024-03-10 13:00:00,electricity,1.139,kWh
2024-03-10 13:00:00,water,19.889,L
2024-03-10 14:00:00,electricity,1.054,kWh
2024-03-10 14:00:00,water,22.214,L
2024-03-10 15:00:00,electricity,1.04,kWh
2024-03-10 15:00:00,water,26.286,L
2024-03-10 16:00:00,electricity,1.038,kWh
2024-03-10 16:00:00,water,24.286,L
2024-03-10 17:00:00,electricity,1.765,kWh
2024-03-10 17:00:00,water,48.47,L
2024-03-10 18:00:00,electricity,2.258,kWh
2024-03-10 18:00:00,water,50.218,L
2024-03-10 19:00:00,electricity,1.881,kWh
2024-03-10 19:00:00,water,49.8,L
2024-03-10 20:00:00,electricity,2.181,kWh
2024-03-10 20:00:00,water,39.878,L
2024-03-10 21:00:00,electricity,2.24,kWh
2024-03-10 21:00:00,water,28.024,L
2024-03-10 22:00:00,electricity,1.188,kWh
2024-03-10 22:00:00,water,34.924,L
2024-03-10 23:00:00,electricity,4.591,kWh
2024-03-10 23:00:00,water,26.936,L
2024-03-11 00:00:00,electricity,0.549,kWh
2024-03-11 00:00:00,water,2.885,L
2024-03-11 01:00:00,electricity,0.527,kWh
2024-03-11 01:00:00,water,2.805,L
2024-03-11 02:00:00,electricity,0.48,kWh
2024-03-11 02:00:00,water,2.969,L
2024-03-11 03:00:00,electricity,0.545,kWh
2024-03-11 03:00:00,water,2.79,L
2024-03-11 04:00:00,electricity,0.466,kWh
2024-03-11 04:00:00,water,3.175,L
2024-03-11 05:00:00,electricity,0.591,kWh
2024-03-11 05:00:00,water,3.071,L
2024-03-11 06:00:00,electricity,1.636,kWh
2024-03-11 06:00:00,water,49.177,L
2024-03-11 07:00:00,electricity,1.751,kWh
2024-03-11 07:00:00,water,39.325,L
2024-03-11 08:00:00,electricity,1.765,kWh
2024-03-11 08:00:00,water,43.162,L
2024-03-11 09:00:00,electricity,1.672,kWh
2024-03-11 09:00:00,water,43.781,L
2024-03-11 10:00:00,electricity,1.397,kWh
2024-03-11 10:00:00,water,18.984,L
2024-03-11 11:00:00,electricity,1.257,kWh
2024-03-11 11:00:00,water,16.287,L
2024-03-11 12:00:00,electricity,1.435,kWh
2024-03-11 12:00:00,water,19.978,L
2024-03-11 13:00:00,electricity,1.142,kWh
2024-03-11 13:00:00,water,20.563,L
2024-03-11 14:00:00,electricity,1.337,kWh
2024-03-11 14:00:00,water,15.864,L
2024-03-11 15:00:00,electricity,1.576,kWh
2024-03-11 15:00:00,water,16.94,L
2024-03-11 16:00:00,electricity,1.188,kWh
2024-03-11 16:00:00,water,16.851,L
2024-03-11 17:00:00,electricity,2.215,kWh
2024-03-11 17:00:00,water,49.346,L
2024-03-11 18:00:00,electricity,2.498,kWh
2024-03-11 18:00:00,water,35.565,L
2024-03-11 19:00:00,electricity,2.419,kWh
2024-03-11 19:00:00,water,45.049,L
2024-03-11 20:00:00,electricity,2.459,kWh
2024-03-11 20:00:00,water,31.8,L
2024-03-11 21:00:00,electricity,2.492,kWh
2024-03-11 21:00:00,water,19.828,L
2024-03-11 22:00:00,electricity,1.404,kWh
2024-03-11 22:00:00,water,20.646,L
2024-03-11 23:00:00,electricity,1.466,kWh
2024-03-11 23:00:00,water,20.217,L
2024-03-12 00:00:00,electricity,0.55,kWh
2024-03-12 00:00:00,water,2.904,L
2024-03-12 01:00:00,electricity,0.515,kWh
2024-03-12 01:00:00,water,2.745,L
2024-03-12 02:00:00,electricity,0.564,kWh
2024-03-12 02:00:00,water,2.705,L
2024-03-12 03:00:00,electricity,0.628,kWh
2024-03-12 03:00:00,water,3.417,L
2024-03-12 04:00:00,electricity,0.521,kWh
2024-03-12 04:00:00,water,3.441,L
2024-03-12 05:00:00,electricity,0.477,kWh
2024-03-12 05:00:00,water,3.342,L
2024-03-12 06:00:00,electricity,1.906,kWh
2024-03-12 06:00:00,water,47.83,L
2024-03-12 07:00:00,electricity,1.695,kWh
2024-03-12 07:00:00,water,45.501,L
2024-03-12 08:00:00,electricity,1.343,kWh
2024-03-12 08:00:00,water,42.316,L
2024-03-12 09:00:00,electricity,1.861,kWh
2024-03-12 09:00:00,water,39.853,L
2024-03-12 10:00:00,electricity,1.249,kWh
2024-03-12 10:00:00,water,18.784,L
2024-03-12 11:00:00,electricity,1.308,kWh
2024-03-12 11:00:00,water,15.465,L
2024-03-12 12:00:00,electricity,1.364,kWh
2024-03-12 12:00:00,water,15.853,L
2024-03-12 13:00:00,electricity,1.345,kWh
2024-03-12 13:00:00,water,20.49,L
2024-03-12 14:00:00,electricity,1.414,kWh
2024-03-12 14:00:00,water,22.105,L
2024-03-12 15:00:00,electricity,1.263,kWh
2024-03-12 15:00:00,water,18.85,L
2024-03-12 16:00:00,electricity,1.388,kWh
2024-03-12 16:00:00,water,20.39,L
2024-03-12 17:00:00,electricity,2.314,kWh
2024-03-12 17:00:00,water,36.394,L
2024-03-12 18:00:00,electricity,2.552,kWh
2024-03-12 18:00:00,water,31.48,L
2024-03-12 19:00:00,electricity,2.522,kWh
2024-03-12 19:00:00,water,40.255,L
2024-03-12 20:00:00,electricity,2.154,kWh
2024-03-12 20:00:00,water,40.062,L
2024-03-12 21:00:00,electricity,2.634,kWh
2024-03-12 21:00:00,water,22.694,L
2024-03-12 22:00:00,electricity,1.249,kWh
2024-03-12 22:00:00,water,21.846,L
2024-03-12 23:00:00,electricity,1.427,kWh
2024-03-12 23:00:00,water,25.098,L
2024-03-13 00:00:00,electricity,0.547,kWh
2024-03-13 00:00:00,water,2.645,L
2024-03-13 01:00:00,electricity,0.625,kWh
2024-03-13 01:00:00,water,2.721,L
2024-03-13 02:00:00,electricity,0.516,kWh
2024-03-13 02:00:00,water,2.637,L
2024-03-13 03:00:00,electricity,0.51,kWh
2024-03-13 03:00:00,water,3.031,L
2024-03-13 04:00:00,electricity,0.527,kWh
2024-03-13 04:00:00,water,2.608,L
2024-03-13 05:00:00,electricity,0.512,kWh
2024-03-13 05:00:00,water,2.754,L
2024-03-13 06:00:00,electricity,1.853,kWh
2024-03-13 06:00:00,water,41.189,L
2024-03-13 07:00:00,electricity,1.439,kWh
2024-03-13 07:00:00,water,43.593,L
2024-03-13 08:00:00,electricity,1.535,kWh
2024-03-13 08:00:00,water,36.968,L
2024-03-13 09:00:00,electricity,1.533,kWh
2024-03-13 09:00:00,water,45.471,L
2024-03-13 10:00:00,electricity,1.445,kWh
2024-03-13 10:00:00,water,20.694,L
2024-03-13 11:00:00,electricity,1.546,kWh
2024-03-13 11:00:00,water,18.293,L
2024-03-13 12:00:00,electricity,1.306,kWh
2024-03-13 12:00:00,water,21.329,L
2024-03-13 13:00:00,electricity,1.298,kWh
2024-03-13 13:00:00,water,20.881,L
2024-03-13 14:00:00,electricity,1.329,kWh
2024-03-13 14:00:00,water,19.68,L
2024-03-13 15:00:00,electricity,1.473,kWh
2024-03-13 15:00:00,water,18.161,L
2024-03-13 16:00:00,electricity,1.198,kWh
2024-03-13 16:00:00,water,18.049,L
2024-03-13 17:00:00,electricity,2.433,kWh
2024-03-13 17:00:00,water,40.937,L
2024-03-13 18:00:00,electricity,2.608,kWh
2024-03-13 18:00:00,water,35.737,L
2024-03-13 19:00:00,electricity,2.495,kWh
2024-03-13 19:00:00,water,29.029,L
2024-03-13 20:00:00,electricity,2.421,kWh
2024-03-13 20:00:00,water,39.714,L
2024-03-13 21:00:00,electricity,2.614,kWh
2024-03-13 21:00:00,water,19.446,L
2024-03-13 22:00:00,electricity,0.963,kWh
2024-03-13 22:00:00,water,19.902,L
2024-03-13 23:00:00,electricity,1.409,kWh
2024-03-13 23:00:00,water,22.501,L
2024-03-14 00:00:00,electricity,0.493,kWh
2024-03-14 00:00:00,water,2.966,L
2024-03-14 01:00:00,electricity,0.431,kWh
2024-03-14 01:00:00,water,2.492,L
2024-03-14 02:00:00,electricity,0.555,kWh
2024-03-14 02:00:00,water,3.06,L
2024-03-14 03:00:00,electricity,0.601,kWh
2024-03-14 03:00:00,water,3.348,L
2024-03-14 04:00:00,electricity,0.521,kWh
2024-03-14 04:00:00,water,2.594,L
2024-03-14 05:00:00,electricity,0.578,kWh
2024-03-14 05:00:00,water,3.458,L
2024-03-14 06:00:00,electricity,1.993,kWh
2024-03-14 06:00:00,water,36.575,L
2024-03-14 07:00:00,electricity,1.942,kWh
2024-03-14 07:00:00,water,56.434,L
2024-03-14 08:00:00,electricity,1.997,kWh
2024-03-14 08:00:00,water,42.779,L
2024-03-14 09:00:00,electricity,1.843,kWh
2024-03-14 09:00:00,water,45.786,L
2024-03-14 10:00:00,electricity,1.33,kWh
2024-03-14 10:00:00,water,13.913,L
2024-03-14 11:00:00,electricity,1.109,kWh
2024-03-14 11:00:00,water,17.866,L
2024-03-14 12:00:00,electricity,1.288,kWh
2024-03-14 12:00:00,water,18.494,L
2024-03-14 13:00:00,electricity,1.209,kWh
2024-03-14 13:00:00,water,17.814,L
2024-03-14 14:00:00,electricity,1.607,kWh
2024-03-14 14:00:00,water,16.784,L
2024-03-14 15:00:00,electricity,1.297,kWh
2024-03-14 15:00:00,water,15.955,L
2024-03-14 16:00:00,electricity,1.336,kWh
2024-03-14 16:00:00,water,20.442,L
2024-03-14 17:00:00,electricity,2.507,kWh
2024-03-14 17:00:00,water,37.639,L
2024-03-14 18:00:00,electricity,2.386,kWh
2024-03-14 18:00:00,water,44.433,L
2024-03-14 19:00:00,electricity,2.779,kWh
2024-03-14 19:00:00,water,35.131,L
2024-03-14 20:00:00,electricity,2.228,kWh
2024-03-14 20:00:00,water,35.543,L
2024-03-14 21:00:00,electricity,2.422,kWh
2024-03-14 21:00:00,water,24.702,L
2024-03-14 22:00:00,electricity,1.222,kWh
2024-03-14 22:00:00,water,18.118,L
2024-03-14 23:00:00,electricity,1.146,kWh
2024-03-14 23:00:00,water,19.224,L
2024-03-15 00:00:00,electricity,0.496,kWh
2024-03-15 00:00:00,water,3.395,L
2024-03-15 01:00:00,electricity,0.526,kWh
2024-03-15 01:00:00,water,2.578,L
2024-03-15 02:00:00,electricity,0.505,kWh
2024-03-15 02:00:00,water,2.345,L
2024-03-15 03:00:00,electricity,0.491,kWh
2024-03-15 03:00:00,water,3.673,L
2024-03-15 04:00:00,electricity,0.454,kWh
2024-03-15 04:00:00,water,2.498,L
2024-03-15 05:00:00,electricity,0.524,kWh
2024-03-15 05:00:00,water,3.066,L
2024-03-15 06:00:00,electricity,1.458,kWh
2024-03-15 06:00:00,water,45.373,L
2024-03-15 07:00:00,electricity,1.846,kWh
2024-03-15 07:00:00,water,29.823,L
2024-03-15 08:00:00,electricity,1.73,kWh
2024-03-15 08:00:00,water,43.556,L
2024-03-15 09:00:00,electricity,1.466,kWh
2024-03-15 09:00:00,water,47.421,L
2024-03-15 10:00:00,electricity,1.279,kWh
2024-03-15 10:00:00,water,18.765,L
2024-03-15 11:00:00,electricity,1.221,kWh
2024-03-15 11:00:00,water,19.952,L
2024-03-15 12:00:00,electricity,1.362,kWh
2024-03-15 12:00:00,water,17.163,L
2024-03-15 13:00:00,electricity,1.497,kWh
2024-03-15 13:00:00,water,19.539,L
2024-03-15 14:00:00,electricity,1.072,kWh
2024-03-15 14:00:00,water,16.511,L
2024-03-15 15:00:00,electricity,1.335,kWh
2024-03-15 15:00:00,water,14.953,L
2024-03-15 16:00:00,electricity,1.299,kWh
2024-03-15 16:00:00,water,15.197,L
2024-03-15 17:00:00,electricity,2.536,kWh
2024-03-15 17:00:00,water,30.921,L
2024-03-15 18:00:00,electricity,2.427,kWh
2024-03-15 18:00:00,water,42.043,L
2024-03-15 19:00:00,electricity,2.197,kWh
2024-03-15 19:00:00,water,30.684,L
2024-03-15 20:00:00,electricity,2.3,kWh
2024-03-15 20:00:00,water,38.733,L
2024-03-15 21:00:00,electricity,2.187,kWh
2024-03-15 21:00:00,water,21.782,L
2024-03-15 22:00:00,electricity,1.462,kWh
2024-03-15 22:00:00,water,22.223,L
2024-03-15 23:00:00,electricity,1.323,kWh
2024-03-15 23:00:00,water,26.182,L
2024-03-16 00:00:00,electricity,0.514,kWh
2024-03-16 00:00:00,water,3.695,L
2024-03-16 01:00:00,electricity,0.429,kWh
2024-03-16 01:00:00,water,4.186,L
2024-03-16 02:00:00,electricity,0.401,kWh
2024-03-16 02:00:00,water,3.918,L
2024-03-16 03:00:00,electricity,0.367,kWh
2024-03-16 03:00:00,water,3.829,L
2024-03-16 04:00:00,electricity,0.354,kWh
2024-03-16 04:00:00,water,4.976,L
2024-03-16 05:00:00,electricity,0.364,kWh
2024-03-16 05:00:00,water,3.225,L
2024-03-16 06:00:00,electricity,1.442,kWh
2024-03-16 06:00:00,water,67.55,L
2024-03-16 07:00:00,electricity,1.475,kWh
2024-03-16 07:00:00,water,63.108,L
2024-03-16 08:00:00,electricity,1.182,kWh
2024-03-16 08:00:00,water,55.134,L
2024-03-16 09:00:00,electricity,1.53,kWh
2024-03-16 09:00:00,water,69.938,L
2024-03-16 10:00:00,electricity,1.028,kWh
2024-03-16 10:00:00,water,18.211,L
2024-03-16 11:00:00,electricity,1.096,kWh
2024-03-16 11:00:00,water,21.935,L
2024-03-16 12:00:00,electricity,1.254,kWh
2024-03-16 12:00:00,water,20.007,L
2024-03-16 13:00:00,electricity,1.177,kWh
2024-03-16 13:00:00,water,24.557,L
2024-03-16 14:00:00,electricity,1.051,kWh
2024-03-16 14:00:00,water,20.275,L
2024-03-16 15:00:00,electricity,0.984,kWh
2024-03-16 15:00:00,water,24.616,L
2024-03-16 16:00:00,electricity,0.848,kWh
2024-03-16 16:00:00,water,22.876,L
2024-03-16 17:00:00,electricity,1.804,kWh
2024-03-16 17:00:00,water,45.946,L
2024-03-16 18:00:00,electricity,1.903,kWh
2024-03-16 18:00:00,water,51.024,L
2024-03-16 19:00:00,electricity,1.752,kWh
2024-03-16 19:00:00,water,47.179,L
2024-03-16 20:00:00,electricity,1.918,kWh
2024-03-16 20:00:00,water,42.381,L
2024-03-16 21:00:00,electricity,1.959,kWh
2024-03-16 21:00:00,water,39.083,L
2024-03-16 22:00:00,electricity,1.056,kWh
2024-03-16 22:00:00,water,27.54,L
2024-03-16 23:00:00,electricity,1.01,kWh
2024-03-16 23:00:00,water,21.466,L
2024-03-17 00:00:00,electricity,4.741,kWh
2024-03-17 00:00:00,water,3.506,L
2024-03-17 01:00:00,electricity,0.451,kWh
2024-03-17 01:00:00,water,3.307,L
2024-03-17 02:00:00,electricity,0.385,kWh
2024-03-17 02:00:00,water,4.287,L
2024-03-17 03:00:00,electricity,0.493,kWh
2024-03-17 03:00:00,water,4.051,L
2024-03-17 04:00:00,electricity,0.428,kWh
2024-03-17 04:00:00,water,4.087,L
2024-03-17 05:00:00,electricity,0.433,kWh
2024-03-17 05:00:00,water,3.727,L
2024-03-17 06:00:00,electricity,1.503,kWh
2024-03-17 06:00:00,water,56.539,L
2024-03-17 07:00:00,electricity,1.437,kWh
2024-03-17 07:00:00,water,55.896,L
2024-03-17 08:00:00,electricity,1.538,kWh
2024-03-17 08:00:00,water,57.93,L
2024-03-17 09:00:00,electricity,1.444,kWh
2024-03-17 09:00:00,water,64.364,L
2024-03-17 10:00:00,electricity,1.014,kWh
2024-03-17 10:00:00,water,24.344,L
2024-03-17 11:00:00,electricity,1.119,kWh
2024-03-17 11:00:00,water,24.804,L
2024-03-17 12:00:00,electricity,0.956,kWh
2024-03-17 12:00:00,water,24.803,L
2024-03-17 13:00:00,electricity,1.092,kWh
2024-03-17 13:00:00,water,25.884,L
2024-03-17 14:00:00,electricity,1.076,kWh
2024-03-17 14:00:00,water,24.209,L
2024-03-17 15:00:00,electricity,1.058,kWh
2024-03-17 15:00:00,water,24.408,L
2024-03-17 16:00:00,electricity,1.066,kWh
2024-03-17 16:00:00,water,26.738,L
2024-03-17 17:00:00,electricity,1.578,kWh
2024-03-17 17:00:00,water,44.859,L
2024-03-17 18:00:00,electricity,1.837,kWh
2024-03-17 18:00:00,water,43.744,L
2024-03-17 19:00:00,electricity,1.962,kWh
2024-03-17 19:00:00,water,41.812,L
2024-03-17 20:00:00,electricity,1.975,kWh
2024-03-17 20:00:00,water,49.82,L
2024-03-17 21:00:00,electricity,1.744,kWh
2024-03-17 21:00:00,water,22.743,L
2024-03-17 22:00:00,electricity,1.217,kWh
2024-03-17 22:00:00,water,30.872,L
2024-03-17 23:00:00,electricity,0.986,kWh
2024-03-17 23:00:00,water,28.867,L
2024-03-18 00:00:00,electricity,0.579,kWh
2024-03-18 00:00:00,water,3.408,L
2024-03-18 01:00:00,electricity,0.551,kWh
2024-03-18 01:00:00,water,2.758,L
2024-03-18 02:00:00,electricity,0.494,kWh
2024-03-18 02:00:00,water,2.927,L
2024-03-18 03:00:00,electricity,0.622,kWh
2024-03-18 03:00:00,water,3.404,L
2024-03-18 04:00:00,electricity,0.465,kWh
2024-03-18 04:00:00,water,3.498,L
2024-03-18 05:00:00,electricity,0.577,kWh
2024-03-18 05:00:00,water,2.755,L
2024-03-18 06:00:00,electricity,1.888,kWh
2024-03-18 06:00:00,water,45.982,L
2024-03-18 07:00:00,electricity,1.601,kWh
2024-03-18 07:00:00,water,46.59,L
2024-03-18 08:00:00,electricity,1.955,kWh
2024-03-18 08:00:00,water,47.018,L
2024-03-18 09:00:00,electricity,1.673,kWh
2024-03-18 09:00:00,water,43.582,L
2024-03-18 10:00:00,electricity,1.358,kWh
2024-03-18 10:00:00,water,20.768,L
2024-03-18 11:00:00,electricity,1.354,kWh
2024-03-18 11:00:00,water,13.918,L
2024-03-18 12:00:00,electricity,1.302,kWh
2024-03-18 12:00:00,water,17.09,L
2024-03-18 13:00:00,electricity,1.427,kWh
2024-03-18 13:00:00,water,18.968,L
2024-03-18 14:00:00,electricity,1.425,kWh
2024-03-18 14:00:00,water,18.988,L
2024-03-18 15:00:00,electricity,1.089,kWh
2024-03-18 15:00:00,water,20.922,L
2024-03-18 16:00:00,electricity,1.492,kWh
2024-03-18 16:00:00,water,20.588,L
2024-03-18 17:00:00,electricity,1.981,kWh
2024-03-18 17:00:00,water,36.215,L
2024-03-18 18:00:00,electricity,2.621,kWh
2024-03-18 18:00:00,water,43.349,L
2024-03-18 19:00:00,electricity,2.644,kWh
2024-03-18 19:00:00,water,34.287,L
2024-03-18 20:00:00,electricity,2.117,kWh
2024-03-18 20:00:00,water,41.689,L
2024-03-18 21:00:00,electricity,2.278,kWh
2024-03-18 21:00:00,water,27.388,L
2024-03-18 22:00:00,electricity,1.174,kWh
2024-03-18 22:00:00,water,25.78,L
2024-03-18 23:00:00,electricity,1.292,kWh
2024-03-18 23:00:00,water,22.786,L
2024-03-19 00:00:00,electricity,0.512,kWh
2024-03-19 00:00:00,water,2.881,L
2024-03-19 01:00:00,electricity,0.569,kWh
2024-03-19 01:00:00,water,2.45,L
2024-03-19 02:00:00,electricity,0.597,kWh
2024-03-19 02:00:00,water,3.112,L
2024-03-19 03:00:00,electricity,0.602,kWh
2024-03-19 03:00:00,water,2.599,L
2024-03-19 04:00:00,electricity,0.498,kWh
2024-03-19 04:00:00,water,2.714,L
2024-03-19 05:00:00,electricity,0.517,kWh
2024-03-19 05:00:00,water,2.571,L
2024-03-19 06:00:00,electricity,1.427,kWh
2024-03-19 06:00:00,water,42.514,L
2024-03-19 07:00:00,electricity,1.578,kWh
2024-03-19 07:00:00,water,44.849,L
2024-03-19 08:00:00,electricity,1.882,kWh
2024-03-19 08:00:00,water,46.478,L
2024-03-19 09:00:00,electricity,1.993,kWh
2024-03-19 09:00:00,water,41.757,L
2024-03-19 10:00:00,electricity,1.157,kWh
2024-03-19 10:00:00,water,20.31,L
2024-03-19 11:00:00,electricity,1.242,kWh
2024-03-19 11:00:00,water,17.55,L
2024-03-19 12:00:00,electricity,1.317,kWh
2024-03-19 12:00:00,water,16.299,L
2024-03-19 13:00:00,electricity,1.357,kWh
2024-03-19 13:00:00,water,18.489,L
2024-03-19 14:00:00,electricity,1.213,kWh
2024-03-19 14:00:00,water,22.241,L
2024-03-19 15:00:00,electricity,1.376,kWh
2024-03-19 15:00:00,water,18.724,L
2024-03-19 16:00:00,electricity,1.257,kWh
2024-03-19 16:00:00,water,17.216,L
2024-03-19 17:00:00,electricity,2.373,kWh
2024-03-19 17:00:00,water,30.626,L
2024-03-19 18:00:00,electricity,2.506,kWh
2024-03-19 18:00:00,water,36.513,L
2024-03-19 19:00:00,electricity,2.378,kWh
2024-03-19 19:00:00,water,38.557,L
2024-03-19 20:00:00,electricity,2.272,kWh
2024-03-19 20:00:00,water,35.756,L
2024-03-19 21:00:00,electricity,2.35,kWh
2024-03-19 21:00:00,water,18.003,L
2024-03-19 22:00:00,electricity,1.308,kWh
2024-03-19 22:00:00,water,20.203,L
2024-03-19 23:00:00,electricity,1.271,kWh
2024-03-19 23:00:00,water,26.427,L
2024-03-20 00:00:00,electricity,0.514,kWh
2024-03-20 00:00:00,water,3.516,L
2024-03-20 01:00:00,electricity,0.612,kWh
2024-03-20 01:00:00,water,2.681,L
2024-03-20 02:00:00,electricity,0.558,kWh
2024-03-20 02:00:00,water,3.242,L
2024-03-20 03:00:00,electricity,0.512,kWh
2024-03-20 03:00:00,water,2.576,L
2024-03-20 04:00:00,electricity,0.565,kWh
2024-03-20 04:00:00,water,3.506,L
2024-03-20 05:00:00,electricity,0.51,kWh
2024-03-20 05:00:00,water,3.088,L
2024-03-20 06:00:00,electricity,1.917,kWh
2024-03-20 06:00:00,water,50.128,L
2024-03-20 07:00:00,electricity,1.779,kWh
2024-03-20 07:00:00,water,35.738,L
2024-03-20 08:00:00,electricity,1.698,kWh
2024-03-20 08:00:00,water,48.659,L
2024-03-20 09:00:00,electricity,1.793,kWh
2024-03-20 09:00:00,water,44.959,L
2024-03-20 10:00:00,electricity,1.113,kWh
2024-03-20 10:00:00,water,19.84,L
2024-03-20 11:00:00,electricity,1.171,kWh
2024-03-20 11:00:00,water,19.976,L
2024-03-20 12:00:00,electricity,1.162,kWh
2024-03-20 12:00:00,water,18.142,L
2024-03-20 13:00:00,electricity,1.339,kWh
2024-03-20 13:00:00,water,16.702,L
2024-03-20 14:00:00,electricity,1.549,kWh
2024-03-20 14:00:00,water,19.684,L
2024-03-20 15:00:00,electricity,1.615,kWh
2024-03-20 15:00:00,water,17.87,L
2024-03-20 16:00:00,electricity,1.404,kWh
2024-03-20 16:00:00,water,16.115,L
2024-03-20 17:00:00,electricity,2.495,kWh
2024-03-20 17:00:00,water,33.359,L
2024-03-20 18:00:00,electricity,1.948,kWh
2024-03-20 18:00:00,water,30.853,L
2024-03-20 19:00:00,electricity,2.247,kWh
2024-03-20 19:00:00,water,35.204,L
2024-03-20 20:00:00,electricity,2.189,kWh
2024-03-20 20:00:00,water,42.462,L
2024-03-20 21:00:00,electricity,2.228,kWh
2024-03-20 21:00:00,water,22.98,L
2024-03-20 22:00:00,electricity,1.298,kWh
2024-03-20 22:00:00,water,21.07,L
2024-03-20 23:00:00,electricity,1.258,kWh
2024-03-20 23:00:00,water,24.673,L
2024-03-21 00:00:00,electricity,0.423,kWh
2024-03-21 00:00:00,water,2.7,L
2024-03-21 01:00:00,electricity,0.567,kWh
2024-03-21 01:00:00,water,3.034,L
2024-03-21 02:00:00,electricity,0.471,kWh
2024-03-21 02:00:00,water,2.935,L
2024-03-21 03:00:00,electricity,0.541,kWh
2024-03-21 03:00:00,water,3.28,L
2024-03-21 04:00:00,electricity,0.638,kWh
2024-03-21 04:00:00,water,2.432,L
2024-03-21 05:00:00,electricity,0.479,kWh
2024-03-21 05:00:00,water,2.694,L
2024-03-21 06:00:00,electricity,1.282,kWh
2024-03-21 06:00:00,water,36.153,L
2024-03-21 07:00:00,electricity,1.667,kWh
2024-03-21 07:00:00,water,43.598,L
2024-03-21 08:00:00,electricity,1.905,kWh
2024-03-21 08:00:00,water,51.542,L
2024-03-21 09:00:00,electricity,2.052,kWh
2024-03-21 09:00:00,water,42.271,L
2024-03-21 10:00:00,electricity,1.158,kWh
2024-03-21 10:00:00,water,16.897,L
2024-03-21 11:00:00,electricity,1.386,kWh
2024-03-21 11:00:00,water,19.883,L
2024-03-21 12:00:00,electricity,1.259,kWh
2024-03-21 12:00:00,water,20.308,L
2024-03-21 13:00:00,electricity,1.306,kWh
2024-03-21 13:00:00,water,17.809,L
2024-03-21 14:00:00,electricity,1.669,kWh
2024-03-21 14:00:00,water,19.479,L
2024-03-21 15:00:00,electricity,1.122,kWh
2024-03-21 15:00:00,water,15.674,L
2024-03-21 16:00:00,electricity,1.353,kWh
2024-03-21 16:00:00,water,20.976,L
2024-03-21 17:00:00,electricity,2.487,kWh
2024-03-21 17:00:00,water,47.169,L
2024-03-21 18:00:00,electricity,2.634,kWh
2024-03-21 18:00:00,water,39.845,L
2024-03-21 19:00:00,electricity,2.399,kWh
2024-03-21 19:00:00,water,28.121,L
2024-03-21 20:00:00,electricity,2.449,kWh
2024-03-21 20:00:00,water,34.988,L
2024-03-21 21:00:00,electricity,2.283,kWh
2024-03-21 21:00:00,water,24.155,L
2024-03-21 22:00:00,electricity,1.356,kWh
2024-03-21 22:00:00,water,21.362,L
2024-03-21 23:00:00,electricity,1.275,kWh
2024-03-21 23:00:00,water,25.935,L
2024-03-22 00:00:00,electricity,0.561,kWh
2024-03-22 00:00:00,water,3.212,L
2024-03-22 01:00:00,electricity,0.508,kWh
2024-03-22 01:00:00,water,2.746,L
2024-03-22 02:00:00,electricity,0.548,kWh
2024-03-22 02:00:00,water,3.012,L
2024-03-22 03:00:00,electricity,0.526,kWh
2024-03-22 03:00:00,water,2.678,L
2024-03-22 04:00:00,electricity,0.587,kWh
2024-03-22 04:00:00,water,2.934,L
2024-03-22 05:00:00,electricity,0.525,kWh
2024-03-22 05:00:00,water,2.8,L
2024-03-22 06:00:00,electricity,1.412,kWh
2024-03-22 06:00:00,water,51.344,L
2024-03-22 07:00:00,electricity,1.933,kWh
2024-03-22 07:00:00,water,56.426,L
2024-03-22 08:00:00,electricity,1.561,kWh
2024-03-22 08:00:00,water,37.272,L
2024-03-22 09:00:00,electricity,1.604,kWh
2024-03-22 09:00:00,water,34.615,L
2024-03-22 10:00:00,electricity,1.241,kWh
2024-03-22 10:00:00,water,17.47,L
2024-03-22 11:00:00,electricity,1.501,kWh
2024-03-22 11:00:00,water,14.72,L
2024-03-22 12:00:00,electricity,1.038,kWh
2024-03-22 12:00:00,water,18.1,L
2024-03-22 13:00:00,electricity,1.734,kWh
2024-03-22 13:00:00,water,19.618,L
2024-03-22 14:00:00,electricity,1.459,kWh
2024-03-22 14:00:00,water,21.227,L
2024-03-22 15:00:00,electricity,1.349,kWh
2024-03-22 15:00:00,water,18.435,L
2024-03-22 16:00:00,electricity,1.313,kWh
2024-03-22 16:00:00,water,17.583,L
2024-03-22 17:00:00,electricity,2.444,kWh
2024-03-22 17:00:00,water,28.597,L
2024-03-22 18:00:00,electricity,2.5,kWh
2024-03-22 18:00:00,water,37.618,L
2024-03-22 19:00:00,electricity,2.529,kWh
2024-03-22 19:00:00,water,37.821,L
2024-03-22 20:00:00,electricity,2.508,kWh
2024-03-22 20:00:00,water,40.375,L
2024-03-22 21:00:00,electricity,2.397,kWh
2024-03-22 21:00:00,water,20.587,L
2024-03-22 22:00:00,electricity,1.294,kWh
2024-03-22 22:00:00,water,21.325,L
2024-03-22 23:00:00,electricity,1.3,kWh
2024-03-22 23:00:00,water,18.509,L
2024-03-23 00:00:00,electricity,0.424,kWh
2024-03-23 00:00:00,water,2.828,L
2024-03-23 01:00:00,electricity,0.481,kWh
2024-03-23 01:00:00,water,3.381,L
2024-03-23 02:00:00,electricity,0.458,kWh
2024-03-23 02:00:00,water,3.165,L
2024-03-23 03:00:00,electricity,0.305,kWh
2024-03-23 03:00:00,water,4.058,L
2024-03-23 04:00:00,electricity,0.46,kWh
2024-03-23 04:00:00,water,3.658,L
2024-03-23 05:00:00,electricity,0.44,kWh
2024-03-23 05:00:00,water,3.648,L
2024-03-23 06:00:00,electricity,1.401,kWh
2024-03-23 06:00:00,water,51.589,L
2024-03-23 07:00:00,electricity,1.349,kWh
2024-03-23 07:00:00,water,35.807,L
2024-03-23 08:00:00,electricity,1.562,kWh
2024-03-23 08:00:00,water,69.088,L
2024-03-23 09:00:00,electricity,1.537,kWh
2024-03-23 09:00:00,water,51.478,L
2024-03-23 10:00:00,electricity,0.997,kWh
2024-03-23 10:00:00,water,22.242,L
2024-03-23 11:00:00,electricity,1.124,kWh
2024-03-23 11:00:00,water,19.315,L
2024-03-23 12:00:00,electricity,0.975,kWh
2024-03-23 12:00:00,water,26.129,L
2024-03-23 13:00:00,electricity,0.931,kWh
2024-03-23 13:00:00,water,23.803,L
2024-03-23 14:00:00,electricity,1.012,kWh
2024-03-23 14:00:00,water,21.08,L
2024-03-23 15:00:00,electricity,1.173,kWh
2024-03-23 15:00:00,water,22.299,L
2024-03-23 16:00:00,electricity,1.183,kWh
2024-03-23 16:00:00,water,28.112,L
2024-03-23 17:00:00,electricity,2.044,kWh
2024-03-23 17:00:00,water,48.323,L
2024-03-23 18:00:00,electricity,2.085,kWh
2024-03-23 18:00:00,water,47.687,L
2024-03-23 19:00:00,electricity,2.044,kWh
2024-03-23 19:00:00,water,43.243,L
2024-03-23 20:00:00,electricity,1.819,kWh
2024-03-23 20:00:00,water,37.667,L
2024-03-23 21:00:00,electricity,2.028,kWh
2024-03-23 21:00:00,water,28.688,L
2024-03-23 22:00:00,electricity,1.166,kWh
2024-03-23 22:00:00,water,30.392,L
2024-03-23 23:00:00,electricity,1.161,kWh
2024-03-23 23:00:00,water,33.11,L
2024-03-24 00:00:00,electricity,0.483,kWh
2024-03-24 00:00:00,water,2.848,L
2024-03-24 01:00:00,electricity,0.463,kWh
2024-03-24 01:00:00,water,3.373,L
2024-03-24 02:00:00,electricity,0.447,kWh
2024-03-24 02:00:00,water,3.628,L
2024-03-24 03:00:00,electricity,0.478,kWh
2024-03-24 03:00:00,water,3.898,L
2024-03-24 04:00:00,electricity,0.431,kWh
2024-03-24 04:00:00,water,3.832,L
2024-03-24 05:00:00,electricity,0.394,kWh
2024-03-24 05:00:00,water,3.843,L
2024-03-24 06:00:00,electricity,1.381,kWh
2024-03-24 06:00:00,water,61.365,L
2024-03-24 07:00:00,electricity,1.299,kWh
2024-03-24 07:00:00,water,52.159,L
2024-03-24 08:00:00,electricity,1.309,kWh
2024-03-24 08:00:00,water,65.058,L
2024-03-24 09:00:00,electricity,1.384,kWh
2024-03-24 09:00:00,water,61.543,L
2024-03-24 10:00:00,electricity,0.994,kWh
2024-03-24 10:00:00,water,22.502,L
2024-03-24 11:00:00,electricity,1.047,kWh
2024-03-24 11:00:00,water,27.895,L
2024-03-24 12:00:00,electricity,0.875,kWh
2024-03-24 12:00:00,water,27.77,L
2024-03-24 13:00:00,electricity,1.103,kWh
2024-03-24 13:00:00,water,26.02,L
2024-03-24 14:00:00,electricity,1.08,kWh
2024-03-24 14:00:00,water,14.924,L
2024-03-24 15:00:00,electricity,0.992,kWh
2024-03-24 15:00:00,water,27.834,L
2024-03-24 16:00:00,electricity,1.151,kWh
2024-03-24 16:00:00,water,25.632,L
2024-03-24 17:00:00,electricity,2.126,kWh
2024-03-24 17:00:00,water,60.487,L
2024-03-24 18:00:00,electricity,1.631,kWh
2024-03-24 18:00:00,water,55.989,L
2024-03-24 19:00:00,electricity,1.796,kWh
2024-03-24 19:00:00,water,57.983,L
2024-03-24 20:00:00,electricity,1.794,kWh
2024-03-24 20:00:00,water,53.89,L
2024-03-24 21:00:00,electricity,1.761,kWh
2024-03-24 21:00:00,water,33.984,L
2024-03-24 22:00:00,electricity,1.17,kWh
2024-03-24 22:00:00,water,36.249,L
2024-03-24 23:00:00,electricity,1.059,kWh
2024-03-24 23:00:00,water,30.01,L
2024-03-25 00:00:00,electricity,0.514,kWh
2024-03-25 00:00:00,water,2.434,L
2024-03-25 01:00:00,electricity,0.422,kWh
2024-03-25 01:00:00,water,2.889,L
2024-03-25 02:00:00,electricity,0.562,kWh
2024-03-25 02:00:00,water,3.14,L
2024-03-25 03:00:00,electricity,0.463,kWh
2024-03-25 03:00:00,water,3.027,L
2024-03-25 04:00:00,electricity,0.531,kWh
2024-03-25 04:00:00,water,2.551,L
2024-03-25 05:00:00,electricity,0.543,kWh
2024-03-25 05:00:00,water,2.413,L
2024-03-25 06:00:00,electricity,1.949,kWh
2024-03-25 06:00:00,water,40.998,L
2024-03-25 07:00:00,electricity,1.491,kWh
2024-03-25 07:00:00,water,49.362,L
2024-03-25 08:00:00,electricity,1.198,kWh
2024-03-25 08:00:00,water,53.534,L
2024-03-25 09:00:00,electricity,1.748,kWh
2024-03-25 09:00:00,water,49.949,L
2024-03-25 10:00:00,electricity,1.558,kWh
2024-03-25 10:00:00,water,20.284,L
2024-03-25 11:00:00,electricity,1.484,kWh
2024-03-25 11:00:00,water,17.825,L
2024-03-25 12:00:00,electricity,1.348,kWh
2024-03-25 12:00:00,water,14.237,L
2024-03-25 13:00:00,electricity,1.255,kWh
2024-03-25 13:00:00,water,17.017,L
2024-03-25 14:00:00,electricity,1.427,kWh
2024-03-25 14:00:00,water,17.441,L
2024-03-25 15:00:00,electricity,1.191,kWh
2024-03-25 15:00:00,water,16.926,L
2024-03-25 16:00:00,electricity,1.383,kWh
2024-03-25 16:00:00,water,18.118,L
2024-03-25 17:00:00,electricity,2.496,kWh
2024-03-25 17:00:00,water,39.486,L
2024-03-25 18:00:00,electricity,2.628,kWh
2024-03-25 18:00:00,water,41.339,L
2024-03-25 19:00:00,electricity,3.032,kWh
2024-03-25 19:00:00,water,36.248,L
2024-03-25 20:00:00,electricity,2.469,kWh
2024-03-25 20:00:00,water,28.933,L
2024-03-25 21:00:00,electricity,2.255,kWh
2024-03-25 21:00:00,water,21.196,L
2024-03-25 22:00:00,electricity,1.317,kWh
2024-03-25 22:00:00,water,22.618,L
2024-03-25 23:00:00,electricity,1.086,kWh
2024-03-25 23:00:00,water,25.802,L
2024-03-26 00:00:00,electricity,0.491,kWh
2024-03-26 00:00:00,water,2.796,L
2024-03-26 01:00:00,electricity,0.506,kWh
2024-03-26 01:00:00,water,3.185,L
2024-03-26 02:00:00,electricity,0.5,kWh
2024-03-26 02:00:00,water,3.104,L
2024-03-26 03:00:00,electricity,0.536,kWh
2024-03-26 03:00:00,water,3.016,L
2024-03-26 04:00:00,electricity,0.485,kWh
2024-03-26 04:00:00,water,3.335,L
2024-03-26 05:00:00,electricity,0.587,kWh
2024-03-26 05:00:00,water,2.762,L
2024-03-26 06:00:00,electricity,1.716,kWh
2024-03-26 06:00:00,water,41.894,L
2024-03-26 07:00:00,electricity,1.714,kWh
2024-03-26 07:00:00,water,44.936,L
2024-03-26 08:00:00,electricity,1.66,kWh
2024-03-26 08:00:00,water,41.543,L
2024-03-26 09:00:00,electricity,1.743,kWh
2024-03-26 09:00:00,water,47.743,L
2024-03-26 10:00:00,electricity,1.429,kWh
2024-03-26 10:00:00,water,16.46,L
2024-03-26 11:00:00,electricity,1.206,kWh
2024-03-26 11:00:00,water,18.489,L
2024-03-26 12:00:00,electricity,0.149,kWh
2024-03-26 12:00:00,water,17.784,L
2024-03-26 13:00:00,electricity,1.28,kWh
2024-03-26 13:00:00,water,18.464,L
2024-03-26 14:00:00,electricity,1.142,kWh
2024-03-26 14:00:00,water,17.007,L
2024-03-26 15:00:00,electricity,1.212,kWh
2024-03-26 15:00:00,water,17.268,L
2024-03-26 16:00:00,electricity,1.257,kWh
2024-03-26 16:00:00,water,18.207,L
2024-03-26 17:00:00,electricity,2.584,kWh
2024-03-26 17:00:00,water,38.409,L
2024-03-26 18:00:00,electricity,2.438,kWh
2024-03-26 18:00:00,water,37.481,L
2024-03-26 19:00:00,electricity,2.422,kWh
2024-03-26 19:00:00,water,45.174,L
2024-03-26 20:00:00,electricity,2.578,kWh
2024-03-26 20:00:00,water,33.042,L
2024-03-26 21:00:00,electricity,2.343,kWh
2024-03-26 21:00:00,water,22.327,L
2024-03-26 22:00:00,electricity,1.372,kWh
2024-03-26 22:00:00,water,18.251,L
2024-03-26 23:00:00,electricity,1.306,kWh
2024-03-26 23:00:00,water,23.505,L
2024-03-27 00:00:00,electricity,0.542,kWh
2024-03-27 00:00:00,water,2.599,L
2024-03-27 01:00:00,electricity,0.497,kWh
2024-03-27 01:00:00,water,2.9,L
2024-03-27 02:00:00,electricity,0.399,kWh
2024-03-27 02:00:00,water,2.866,L
2024-03-27 03:00:00,electricity,0.521,kWh
2024-03-27 03:00:00,water,3.101,L
2024-03-27 04:00:00,electricity,0.603,kWh
2024-03-27 04:00:00,water,2.801,L
2024-03-27 05:00:00,electricity,0.577,kWh
2024-03-27 05:00:00,water,2.786,L
2024-03-27 06:00:00,electricity,1.882,kWh
2024-03-27 06:00:00,water,52.754,L
2024-03-27 07:00:00,electricity,1.928,kWh
2024-03-27 07:00:00,water,46.537,L
2024-03-27 08:00:00,electricity,1.731,kWh
2024-03-27 08:00:00,water,41.97,L
2024-03-27 09:00:00,electricity,1.75,kWh
2024-03-27 09:00:00,water,43.645,L
2024-03-27 10:00:00,electricity,1.238,kWh
2024-03-27 10:00:00,water,21.554,L
2024-03-27 11:00:00,electricity,1.278,kWh
2024-03-27 11:00:00,water,17.492,L
2024-03-27 12:00:00,electricity,1.401,kWh
2024-03-27 12:00:00,water,16.511,L
2024-03-27 13:00:00,electricity,1.479,kWh
2024-03-27 13:00:00,water,16.52,L
2024-03-27 14:00:00,electricity,1.302,kWh
2024-03-27 14:00:00,water,16.814,L
2024-03-27 15:00:00,electricity,1.261,kWh
2024-03-27 15:00:00,water,16.716,L
2024-03-27 16:00:00,electricity,1.32,kWh
2024-03-27 16:00:00,water,15.236,L
2024-03-27 17:00:00,electricity,2.519,kWh
2024-03-27 17:00:00,water,32.441,L
2024-03-27 18:00:00,electricity,2.033,kWh
2024-03-27 18:00:00,water,33.768,L
2024-03-27 19:00:00,electricity,1.83,kWh
2024-03-27 19:00:00,water,40.162,L
2024-03-27 20:00:00,electricity,2.245,kWh
2024-03-27 20:00:00,water,35.784,L
2024-03-27 21:00:00,electricity,2.086,kWh
2024-03-27 21:00:00,water,21.941,L
2024-03-27 22:00:00,electricity,1.253,kWh
2024-03-27 22:00:00,water,25.929,L
2024-03-27 23:00:00,electricity,1.3,kWh
2024-03-27 23:00:00,water,25.997,L
2024-03-28 00:00:00,electricity,0.504,kWh
2024-03-28 00:00:00,water,2.898,L
2024-03-28 01:00:00,electricity,0.605,kWh
2024-03-28 01:00:00,water,2.773,L
2024-03-28 02:00:00,electricity,0.545,kWh
2024-03-28 02:00:00,water,2.689,L
2024-03-28 03:00:00,electricity,0.544,kWh
2024-03-28 03:00:00,water,3.249,L
2024-03-28 04:00:00,electricity,0.561,kWh
2024-03-28 04:00:00,water,2.926,L
2024-03-28 05:00:00,electricity,0.468,kWh
2024-03-28 05:00:00,water,2.861,L
2024-03-28 06:00:00,electricity,1.894,kWh
2024-03-28 06:00:00,water,40.606,L
2024-03-28 07:00:00,electricity,1.703,kWh
2024-03-28 07:00:00,water,40.844,L
2024-03-28 08:00:00,electricity,1.831,kWh
2024-03-28 08:00:00,water,46.728,L
2024-03-28 09:00:00,electricity,1.532,kWh
2024-03-28 09:00:00,water,37.897,L
2024-03-28 10:00:00,electricity,1.115,kWh
2024-03-28 10:00:00,water,20.149,L
2024-03-28 11:00:00,electricity,1.428,kWh
2024-03-28 11:00:00,water,16.847,L
2024-03-28 12:00:00,electricity,1.37,kWh
2024-03-28 12:00:00,water,17.677,L
2024-03-28 13:00:00,electricity,1.201,kWh
2024-03-28 13:00:00,water,15.112,L
2024-03-28 14:00:00,electricity,1.205,kWh
2024-03-28 14:00:00,water,17.973,L
2024-03-28 15:00:00,electricity,1.469,kWh
2024-03-28 15:00:00,water,17.291,L
2024-03-28 16:00:00,electricity,1.163,kWh
2024-03-28 16:00:00,water,17.892,L
2024-03-28 17:00:00,electricity,2.766,kWh
2024-03-28 17:00:00,water,44.123,L
2024-03-28 18:00:00,electricity,2.162,kWh
2024-03-28 18:00:00,water,38.3,L
2024-03-28 19:00:00,electricity,2.528,kWh
2024-03-28 19:00:00,water,33.924,L
2024-03-28 20:00:00,electricity,2.298,kWh
2024-03-28 20:00:00,water,34.299,L
2024-03-28 21:00:00,electricity,2.519,kWh
2024-03-28 21:00:00,water,24.107,L
2024-03-28 22:00:00,electricity,1.248,kWh
2024-03-28 22:00:00,water,26.006,L
2024-03-28 23:00:00,electricity,1.299,kWh
2024-03-28 23:00:00,water,23.261,L
2024-03-29 00:00:00,electricity,0.53,kWh
2024-03-29 00:00:00,water,3.248,L
2024-03-29 01:00:00,electricity,0.475,kWh
2024-03-29 01:00:00,water,3.22,L
2024-03-29 02:00:00,electricity,0.567,kWh
2024-03-29 02:00:00,water,3.511,L
2024-03-29 03:00:00,electricity,0.501,kWh
2024-03-29 03:00:00,water,2.298,L
2024-03-29 04:00:00,electricity,0.516,kWh
2024-03-29 04:00:00,water,3.24,L
2024-03-29 05:00:00,electricity,0.475,kWh
2024-03-29 05:00:00,water,3.354,L
2024-03-29 06:00:00,electricity,1.276,kWh
2024-03-29 06:00:00,water,37.771,L
2024-03-29 07:00:00,electricity,1.683,kWh
2024-03-29 07:00:00,water,40.217,L
2024-03-29 08:00:00,electricity,2.13,kWh
2024-03-29 08:00:00,water,40.406,L
2024-03-29 09:00:00,electricity,1.851,kWh
2024-03-29 09:00:00,water,41.065,L
2024-03-29 10:00:00,electricity,1.317,kWh
2024-03-29 10:00:00,water,16.959,L
2024-03-29 11:00:00,electricity,1.285,kWh
2024-03-29 11:00:00,water,18.524,L
2024-03-29 12:00:00,electricity,1.323,kWh
2024-03-29 12:00:00,water,19.87,L
2024-03-29 13:00:00,electricity,1.392,kWh
2024-03-29 13:00:00,water,20.336,L
2024-03-29 14:00:00,electricity,1.164,kWh
2024-03-29 14:00:00,water,16.19,L
2024-03-29 15:00:00,electricity,1.467,kWh
2024-03-29 15:00:00,water,16.175,L
2024-03-29 16:00:00,electricity,1.414,kWh
2024-03-29 16:00:00,water,20.842,L
2024-03-29 17:00:00,electricity,2.547,kWh
2024-03-29 17:00:00,water,40.41,L
2024-03-29 18:00:00,electricity,2.48,kWh
2024-03-29 18:00:00,water,37.873,L
2024-03-29 19:00:00,electricity,2.381,kWh
2024-03-29 19:00:00,water,39.63,L
2024-03-29 20:00:00,electricity,2.536,kWh
2024-03-29 20:00:00,water,37.366,L
2024-03-29 21:00:00,electricity,2.517,kWh
2024-03-29 21:00:00,water,23.916,L
2024-03-29 22:00:00,electricity,1.273,kWh
2024-03-29 22:00:00,water,21.593,L
2024-03-29 23:00:00,electricity,1.244,kWh
2024-03-29 23:00:00,water,23.226,L
2024-03-30 00:00:00,electricity,0.436,kWh
2024-03-30 00:00:00,water,3.193,L
2024-03-30 01:00:00,electricity,0.499,kWh
2024-03-30 01:00:00,water,3.578,L
2024-03-30 02:00:00,electricity,0.378,kWh
2024-03-30 02:00:00,water,3.583,L
2024-03-30 03:00:00,electricity,0.369,kWh
2024-03-30 03:00:00,water,3.725,L
2024-03-30 04:00:00,electricity,0.439,kWh
2024-03-30 04:00:00,water,3.466,L
2024-03-30 05:00:00,electricity,0.434,kWh
2024-03-30 05:00:00,water,3.65,L
2024-03-30 06:00:00,electricity,1.428,kWh
2024-03-30 06:00:00,water,47.869,L
2024-03-30 07:00:00,electricity,1.438,kWh
2024-03-30 07:00:00,water,62.352,L
2024-03-30 08:00:00,electricity,1.373,kWh
2024-03-30 08:00:00,water,57.921,L
2024-03-30 09:00:00,electricity,1.613,kWh
2024-03-30 09:00:00,water,46.529,L
2024-03-30 10:00:00,electricity,0.907,kWh
2024-03-30 10:00:00,water,21.056,L
2024-03-30 11:00:00,electricity,0.991,kWh
2024-03-30 11:00:00,water,24.345,L
2024-03-30 12:00:00,electricity,1.069,kWh
2024-03-30 12:00:00,water,21.875,L
2024-03-30 13:00:00,electricity,0.903,kWh
2024-03-30 13:00:00,water,21.443,L
2024-03-30 14:00:00,electricity,1.061,kWh
2024-03-30 14:00:00,water,23.191,L
2024-03-30 15:00:00,electricity,1.259,kWh
2024-03-30 15:00:00,water,24.365,L
2024-03-30 16:00:00,electricity,1.082,kWh
2024-03-30 16:00:00,water,19.367,L
2024-03-30 17:00:00,electricity,1.989,kWh
2024-03-30 17:00:00,water,51.968,L
2024-03-30 18:00:00,electricity,1.699,kWh
2024-03-30 18:00:00,water,44.068,L
2024-03-30 19:00:00,electricity,1.824,kWh
2024-03-30 19:00:00,water,48.645,L
2024-03-30 20:00:00,electricity,1.871,kWh
2024-03-30 20:00:00,water,48.543,L
2024-03-30 21:00:00,electricity,1.882,kWh
2024-03-30 21:00:00,water,27.4,L
2024-03-30 22:00:00,electricity,1.218,kWh
2024-03-30 22:00:00,water,25.657,L
2024-03-30 23:00:00,electricity,1.14,kWh
2024-03-30 23:00:00,water,28.247,L
2024-03-31 00:00:00,electricity,0.384,kWh
2024-03-31 00:00:00,water,4.661,L
2024-03-31 01:00:00,electricity,0.443,kWh
2024-03-31 01:00:00,water,3.263,L
2024-03-31 02:00:00,electricity,0.454,kWh
2024-03-31 02:00:00,water,4.692,L
2024-03-31 03:00:00,electricity,0.481,kWh
2024-03-31 03:00:00,water,3.778,L
2024-03-31 04:00:00,electricity,0.5,kWh
2024-03-31 04:00:00,water,3.917,L
2024-03-31 05:00:00,electricity,0.388,kWh
2024-03-31 05:00:00,water,3.391,L
2024-03-31 06:00:00,electricity,1.29,kWh
2024-03-31 06:00:00,water,53.086,L
2024-03-31 07:00:00,electricity,1.227,kWh
2024-03-31 07:00:00,water,54.97,L
2024-03-31 08:00:00,electricity,1.371,kWh
2024-03-31 08:00:00,water,51.159,L
2024-03-31 09:00:00,electricity,1.469,kWh
2024-03-31 09:00:00,water,57.033,L
2024-03-31 10:00:00,electricity,1.187,kWh
2024-03-31 10:00:00,water,22.257,L
2024-03-31 11:00:00,electricity,1.072,kWh
2024-03-31 11:00:00,water,28.597,L
2024-03-31 12:00:00,electricity,1.045,kWh
2024-03-31 12:00:00,water,20.126,L
2024-03-31 13:00:00,electricity,1.096,kWh
2024-03-31 13:00:00,water,23.688,L
2024-03-31 14:00:00,electricity,0.99,kWh
2024-03-31 14:00:00,water,24.096,L
2024-03-31 15:00:00,electricity,1.306,kWh
2024-03-31 15:00:00,water,20.395,L
2024-03-31 16:00:00,electricity,0.906,kWh
2024-03-31 16:00:00,water,25.329,L
2024-03-31 17:00:00,electricity,1.98,kWh
2024-03-31 17:00:00,water,46.42,L
2024-03-31 18:00:00,electricity,2.337,kWh
2024-03-31 18:00:00,water,34.17,L
2024-03-31 19:00:00,electricity,1.945,kWh
2024-03-31 19:00:00,water,52.61,L
2024-03-31 20:00:00,electricity,1.907,kWh
2024-03-31 20:00:00,water,42.216,L
2024-03-31 21:00:00,electricity,1.875,kWh
2024-03-31 21:00:00,water,25.572,L
2024-03-31 22:00:00,electricity,1.061,kWh
2024-03-31 22:00:00,water,31.665,L
2024-03-31 23:00:00,electricity,1.228,kWh
2024-03-31 23:00:00,water,28.031,L
2024-04-01 00:00:00,electricity,0.411,kWh
2024-04-01 00:00:00,water,3.33,L
2024-04-01 01:00:00,electricity,0.609,kWh
2024-04-01 01:00:00,water,3.436,L
2024-04-01 02:00:00,electricity,0.453,kWh
2024-04-01 02:00:00,water,2.768,L
2024-04-01 03:00:00,electricity,0.514,kWh
2024-04-01 03:00:00,water,3.286,L
2024-04-01 04:00:00,electricity,0.505,kWh
2024-04-01 04:00:00,water,2.728,L
2024-04-01 05:00:00,electricity,0.559,kWh
2024-04-01 05:00:00,water,3.804,L
2024-04-01 06:00:00,electricity,1.442,kWh
2024-04-01 06:00:00,water,41.258,L
2024-04-01 07:00:00,electricity,1.795,kWh
2024-04-01 07:00:00,water,50.541,L
2024-04-01 08:00:00,electricity,2.063,kWh
2024-04-01 08:00:00,water,49.556,L
2024-04-01 09:00:00,electricity,1.482,kWh
2024-04-01 09:00:00,water,46.707,L
2024-04-01 10:00:00,electricity,1.345,kWh
2024-04-01 10:00:00,water,16.552,L
2024-04-01 11:00:00,electricity,1.233,kWh
2024-04-01 11:00:00,water,17.673,L
2024-04-01 12:00:00,electricity,1.376,kWh
2024-04-01 12:00:00,water,13.348,L
2024-04-01 13:00:00,electricity,1.323,kWh
2024-04-01 13:00:00,water,18.485,L
2024-04-01 14:00:00,electricity,1.235,kWh
2024-04-01 14:00:00,water,18.755,L
2024-04-01 15:00:00,electricity,1.384,kWh
2024-04-01 15:00:00,water,18.288,L
2024-04-01 16:00:00,electricity,1.558,kWh
2024-04-01 16:00:00,water,11.578,L
2024-04-01 17:00:00,electricity,2.331,kWh
2024-04-01 17:00:00,water,31.805,L
2024-04-01 18:00:00,electricity,2.547,kWh
2024-04-01 18:00:00,water,34.134,L
2024-04-01 19:00:00,electricity,2.069,kWh
2024-04-01 19:00:00,water,38.812,L
2024-04-01 20:00:00,electricity,2.149,kWh
2024-04-01 20:00:00,water,38.802,L
2024-04-01 21:00:00,electricity,2.488,kWh
2024-04-01 21:00:00,water,22.04,L
2024-04-01 22:00:00,electricity,1.516,kWh
2024-04-01 22:00:00,water,24.215,L
2024-04-01 23:00:00,electricity,1.367,kWh
2024-04-01 23:00:00,water,19.729,L
2024-04-02 00:00:00,electricity,0.511,kWh
2024-04-02 00:00:00,water,3.22,L
2024-04-02 01:00:00,electricity,0.528,kWh
2024-04-02 01:00:00,water,3.171,L
2024-04-02 02:00:00,electricity,0.462,kWh
2024-04-02 02:00:00,water,3.136,L
2024-04-02 03:00:00,electricity,0.56,kWh
2024-04-02 03:00:00,water,2.934,L
2024-04-02 04:00:00,electricity,0.575,kWh
2024-04-02 04:00:00,water,3.659,L
2024-04-02 05:00:00,electricity,0.504,kWh
2024-04-02 05:00:00,water,3.178,L
2024-04-02 06:00:00,electricity,1.635,kWh
2024-04-02 06:00:00,water,39.771,L
2024-04-02 07:00:00,electricity,1.762,kWh
2024-04-02 07:00:00,water,46.341,L
2024-04-02 08:00:00,electricity,1.641,kWh
2024-04-02 08:00:00,water,49.063,L
2024-04-02 09:00:00,electricity,1.705,kWh
2024-04-02 09:00:00,water,41.824,L
2024-04-02 10:00:00,electricity,1.597,kWh
2024-04-02 10:00:00,water,20.353,L
2024-04-02 11:00:00,electricity,1.287,kWh
2024-04-02 11:00:00,water,18.825,L
2024-04-02 12:00:00,electricity,1.273,kWh
2024-04-02 12:00:00,water,12.94,L
2024-04-02 13:00:00,electricity,1.235,kWh
2024-04-02 13:00:00,water,18.647,L
2024-04-02 14:00:00,electricity,1.418,kWh
2024-04-02 14:00:00,water,17.123,L
2024-04-02 15:00:00,electricity,1.296,kWh
2024-04-02 15:00:00,water,19.16,L
2024-04-02 16:00:00,electricity,1.234,kWh
2024-04-02 16:00:00,water,20.04,L
2024-04-02 17:00:00,electricity,2.69,kWh
2024-04-02 17:00:00,water,38.378,L
2024-04-02 18:00:00,electricity,2.713,kWh
2024-04-02 18:00:00,water,44.994,L
2024-04-02 19:00:00,electricity,2.233,kWh
2024-04-02 19:00:00,water,36.696,L
2024-04-02 20:00:00,electricity,1.933,kWh
2024-04-02 20:00:00,water,40.312,L
2024-04-02 21:00:00,electricity,2.615,kWh
2024-04-02 21:00:00,water,24.673,L
2024-04-02 22:00:00,electricity,1.23,kWh
2024-04-02 22:00:00,water,22.237,L
2024-04-02 23:00:00,electricity,1.424,kWh
2024-04-02 23:00:00,water,24.603,L
2024-04-03 00:00:00,electricity,0.424,kWh
2024-04-03 00:00:00,water,2.786,L
2024-04-03 01:00:00,electricity,0.575,kWh
2024-04-03 01:00:00,water,2.848,L
2024-04-03 02:00:00,electricity,0.464,kWh
2024-04-03 02:00:00,water,2.528,L
2024-04-03 03:00:00,electricity,0.567,kWh
2024-04-03 03:00:00,water,3.087,L
2024-04-03 04:00:00,electricity,0.529,kWh
2024-04-03 04:00:00,water,3.117,L
2024-04-03 05:00:00,electricity,0.478,kWh
2024-04-03 05:00:00,water,3.425,L
2024-04-03 06:00:00,electricity,1.646,kWh
2024-04-03 06:00:00,water,49.272,L
2024-04-03 07:00:00,electricity,1.834,kWh
2024-04-03 07:00:00,water,43.462,L
2024-04-03 08:00:00,electricity,1.734,kWh
2024-04-03 08:00:00,water,38.638,L
2024-04-03 09:00:00,electricity,1.816,kWh
2024-04-03 09:00:00,water,47.337,L
2024-04-03 10:00:00,electricity,1.581,kWh
2024-04-03 10:00:00,water,20.399,L
2024-04-03 11:00:00,electricity,1.114,kWh
2024-04-03 11:00:00,water,19.631,L
2024-04-03 12:00:00,electricity,1.533,kWh
2024-04-03 12:00:00,water,20.342,L
2024-04-03 13:00:00,electricity,1.334,kWh
2024-04-03 13:00:00,water,17.542,L
2024-04-03 14:00:00,electricity,1.201,kWh
2024-04-03 14:00:00,water,16.992,L
2024-04-03 15:00:00,electricity,1.144,kWh
2024-04-03 15:00:00,water,16.408,L
2024-04-03 16:00:00,electricity,1.295,kWh
2024-04-03 16:00:00,water,17.879,L
2024-04-03 17:00:00,electricity,2.595,kWh
2024-04-03 17:00:00,water,37.146,L
2024-04-03 18:00:00,electricity,2.346,kWh
2024-04-03 18:00:00,water,38.43,L
2024-04-03 19:00:00,electricity,2.735,kWh
2024-04-03 19:00:00,water,36.918,L
2024-04-03 20:00:00,electricity,2.031,kWh
2024-04-03 20:00:00,water,36.899,L
2024-04-03 21:00:00,electricity,2.373,kWh
2024-04-03 21:00:00,water,20.403,L
2024-04-03 22:00:00,electricity,1.155,kWh
2024-04-03 22:00:00,water,25.042,L
2024-04-03 23:00:00,electricity,1.368,kWh
2024-04-03 23:00:00,water,22.707,L
2024-04-04 00:00:00,electricity,0.575,kWh
2024-04-04 00:00:00,water,2.937,L
2024-04-04 01:00:00,electricity,0.506,kWh
2024-04-04 01:00:00,water,2.731,L
2024-04-04 02:00:00,electricity,0.39,kWh
2024-04-04 02:00:00,water,2.521,L
2024-04-04 03:00:00,electricity,0.539,kWh
2024-04-04 03:00:00,water,3.471,L
2024-04-04 04:00:00,electricity,0.551,kWh
2024-04-04 04:00:00,water,3.2,L
2024-04-04 05:00:00,electricity,0.549,kWh
2024-04-04 05:00:00,water,2.415,L
2024-04-04 06:00:00,electricity,1.928,kWh
2024-04-04 06:00:00,water,49.121,L
2024-04-04 07:00:00,electricity,1.532,kWh
2024-04-04 07:00:00,water,49.981,L
2024-04-04 08:00:00,electricity,1.833,kWh
2024-04-04 08:00:00,water,45.672,L
2024-04-04 09:00:00,electricity,1.921,kWh
2024-04-04 09:00:00,water,53.63,L
2024-04-04 10:00:00,electricity,1.085,kWh
2024-04-04 10:00:00,water,18.468,L
2024-04-04 11:00:00,electricity,1.362,kWh
2024-04-04 11:00:00,water,14.94,L
2024-04-04 12:00:00,electricity,1.253,kWh
2024-04-04 12:00:00,water,18.789,L
2024-04-04 13:00:00,electricity,1.309,kWh
2024-04-04 13:00:00,water,18.529,L
2024-04-04 14:00:00,electricity,1.366,kWh
2024-04-04 14:00:00,water,16.697,L
2024-04-04 15:00:00,electricity,1.256,kWh
2024-04-04 15:00:00,water,19.239,L
2024-04-04 16:00:00,electricity,1.231,kWh
2024-04-04 16:00:00,water,14.398,L
2024-04-04 17:00:00,electricity,2.384,kWh
2024-04-04 17:00:00,water,41.958,L
2024-04-04 18:00:00,electricity,2.118,kWh
2024-04-04 18:00:00,water,33.548,L
2024-04-04 19:00:00,electricity,2.118,kWh
2024-04-04 19:00:00,water,33.068,L
2024-04-04 20:00:00,electricity,2.537,kWh
2024-04-04 20:00:00,water,36.988,L
2024-04-04 21:00:00,electricity,2.103,kWh
2024-04-04 21:00:00,water,23.669,L
2024-04-04 22:00:00,electricity,1.408,kWh
2024-04-04 22:00:00,water,22.943,L
2024-04-04 23:00:00,electricity,1.381,kWh
2024-04-04 23:00:00,water,20.495,L
2024-04-05 00:00:00,electricity,0.437,kWh
2024-04-05 00:00:00,water,2.818,L
2024-04-05 01:00:00,electricity,0.492,kWh
2024-04-05 01:00:00,water,2.592,L
2024-04-05 02:00:00,electricity,0.591,kWh
2024-04-05 02:00:00,water,2.919,L
2024-04-05 03:00:00,electricity,0.476,kWh
2024-04-05 03:00:00,water,3.387,L
2024-04-05 04:00:00,electricity,0.503,kWh
2024-04-05 04:00:00,water,2.998,L
2024-04-05 05:00:00,electricity,0.552,kWh
2024-04-05 05:00:00,water,3.309,L
2024-04-05 06:00:00,electricity,5.468,kWh
2024-04-05 06:00:00,water,52.859,L
2024-04-05 07:00:00,electricity,1.673,kWh
2024-04-05 07:00:00,water,41.825,L
2024-04-05 08:00:00,electricity,1.613,kWh
2024-04-05 08:00:00,water,43.993,L
2024-04-05 09:00:00,electricity,1.96,kWh
2024-04-05 09:00:00,water,56.724,L
2024-04-05 10:00:00,electricity,1.55,kWh
2024-04-05 10:00:00,water,21.12,L
2024-04-05 11:00:00,electricity,1.449,kWh
2024-04-05 11:00:00,water,14.388,L
2024-04-05 12:00:00,electricity,1.331,kWh
2024-04-05 12:00:00,water,18.836,L
2024-04-05 13:00:00,electricity,1.213,kWh
2024-04-05 13:00:00,water,18.001,L
2024-04-05 14:00:00,electricity,1.21,kWh
2024-04-05 14:00:00,water,19.785,L
2024-04-05 15:00:00,electricity,1.389,kWh
2024-04-05 15:00:00,water,16.391,L
2024-04-05 16:00:00,electricity,1.375,kWh
2024-04-05 16:00:00,water,16.186,L
2024-04-05 17:00:00,electricity,2.709,kWh
2024-04-05 17:00:00,water,34.458,L
2024-04-05 18:00:00,electricity,2.531,kWh
2024-04-05 18:00:00,water,34.926,L
2024-04-05 19:00:00,electricity,2.019,kWh
2024-04-05 19:00:00,water,41.169,L
2024-04-05 20:00:00,electricity,2.626,kWh
2024-04-05 20:00:00,water,32.185,L
2024-04-05 21:00:00,electricity,2.139,kWh
2024-04-05 21:00:00,water,20.819,L
2024-04-05 22:00:00,electricity,1.269,kWh
2024-04-05 22:00:00,water,17.67,L
2024-04-05 23:00:00,electricity,1.353,kWh
2024-04-05 23:00:00,water,25.219,L
2024-04-06 00:00:00,electricity,0.518,kWh
2024-04-06 00:00:00,water,4.495,L
2024-04-06 01:00:00,electricity,0.566,kWh
2024-04-06 01:00:00,water,3.747,L
2024-04-06 02:00:00,electricity,0.458,kWh
2024-04-06 02:00:00,water,3.761,L
2024-04-06 03:00:00,electricity,0.424,kWh
2024-04-06 03:00:00,water,4.112,L
2024-04-06 04:00:00,electricity,0.455,kWh
2024-04-06 04:00:00,water,4.59,L
2024-04-06 05:00:00,electricity,0.47,kWh
2024-04-06 05:00:00,water,4.091,L
2024-04-06 06:00:00,electricity,1.359,kWh
2024-04-06 06:00:00,water,53.603,L
2024-04-06 07:00:00,electricity,1.656,kWh
2024-04-06 07:00:00,water,47.136,L
2024-04-06 08:00:00,electricity,1.436,kWh
2024-04-06 08:00:00,water,50.672,L
2024-04-06 09:00:00,electricity,1.474,kWh
2024-04-06 09:00:00,water,59.014,L
2024-04-06 10:00:00,electricity,1.152,kWh
2024-04-06 10:00:00,water,21.56,L
2024-04-06 11:00:00,electricity,1.126,kWh
2024-04-06 11:00:00,water,23.947,L
2024-04-06 12:00:00,electricity,1.171,kWh
2024-04-06 12:00:00,water,21.847,L
2024-04-06 13:00:00,electricity,1.013,kWh
2024-04-06 13:00:00,water,20.429,L
2024-04-06 14:00:00,electricity,1.02,kWh
2024-04-06 14:00:00,water,20.095,L
2024-04-06 15:00:00,electricity,0.961,kWh
2024-04-06 15:00:00,water,27.787,L
2024-04-06 16:00:00,electricity,1.127,kWh
2024-04-06 16:00:00,water,25.896,L
2024-04-06 17:00:00,electricity,2.095,kWh
2024-04-06 17:00:00,water,58.874,L
2024-04-06 18:00:00,electricity,2.033,kWh
2024-04-06 18:00:00,water,51.909,L
2024-04-06 19:00:00,electricity,2.27,kWh
2024-04-06 19:00:00,water,46.235,L
2024-04-06 20:00:00,electricity,1.943,kWh
2024-04-06 20:00:00,water,56.492,L
2024-04-06 21:00:00,electricity,2.074,kWh
2024-04-06 21:00:00,water,29.134,L
2024-04-06 22:00:00,electricity,0.962,kWh
2024-04-06 22:00:00,water,30.025,L
2024-04-06 23:00:00,electricity,1.038,kWh
2024-04-06 23:00:00,water,29.1,L
2024-04-07 00:00:00,electricity,0.462,kWh
2024-04-07 00:00:00,water,2.521,L
2024-04-07 01:00:00,electricity,0.469,kWh
2024-04-07 01:00:00,water,4.651,L
2024-04-07 02:00:00,electricity,0.419,kWh
2024-04-07 02:00:00,water,4.13,L
2024-04-07 03:00:00,electricity,0.429,kWh
2024-04-07 03:00:00,water,4.054,L
2024-04-07 04:00:00,electricity,0.366,kWh
2024-04-07 04:00:00,water,3.871,L
2024-04-07 05:00:00,electricity,0.417,kWh
2024-04-07 05:00:00,water,3.976,L
2024-04-07 06:00:00,electricity,1.529,kWh
2024-04-07 06:00:00,water,54.307,L
2024-04-07 07:00:00,electricity,1.485,kWh
2024-04-07 07:00:00,water,62.828,L
2024-04-07 08:00:00,electricity,1.474,kWh
2024-04-07 08:00:00,water,49.324,L
2024-04-07 09:00:00,electricity,1.411,kWh
2024-04-07 09:00:00,water,59.806,L
2024-04-07 10:00:00,electricity,1.081,kWh
2024-04-07 10:00:00,water,24.977,L
2024-04-07 11:00:00,electricity,1.009,kWh
2024-04-07 11:00:00,water,22.842,L
2024-04-07 12:00:00,electricity,1.155,kWh
2024-04-07 12:00:00,water,24.441,L
2024-04-07 13:00:00,electricity,1.125,kWh
2024-04-07 13:00:00,water,20.616,L
2024-04-07 14:00:00,electricity,1.133,kWh
2024-04-07 14:00:00,water,20.688,L
2024-04-07 15:00:00,electricity,1.023,kWh
2024-04-07 15:00:00,water,24.065,L
2024-04-07 16:00:00,electricity,0.847,kWh
2024-04-07 16:00:00,water,25.305,L
2024-04-07 17:00:00,electricity,2.157,kWh
2024-04-07 17:00:00,water,37.782,L
2024-04-07 18:00:00,electricity,1.851,kWh
2024-04-07 18:00:00,water,51.804,L
2024-04-07 19:00:00,electricity,1.776,kWh
2024-04-07 19:00:00,water,45.572,L
2024-04-07 20:00:00,electricity,2.079,kWh
2024-04-07 20:00:00,water,47.622,L
2024-04-07 21:00:00,electricity,1.868,kWh
2024-04-07 21:00:00,water,24.548,L
2024-04-07 22:00:00,electricity,1.194,kWh
2024-04-07 22:00:00,water,26.261,L
2024-04-07 23:00:00,electricity,1.147,kWh
2024-04-07 23:00:00,water,32.641,L
2024-04-08 00:00:00,electricity,0.564,kWh
2024-04-08 00:00:00,water,3.012,L
2024-04-08 01:00:00,electricity,0.456,kWh
2024-04-08 01:00:00,water,2.862,L
2024-04-08 02:00:00,electricity,0.592,kWh
2024-04-08 02:00:00,water,2.958,L
2024-04-08 03:00:00,electricity,0.542,kWh
2024-04-08 03:00:00,water,3.176,L
2024-04-08 04:00:00,electricity,0.509,kWh
2024-04-08 04:00:00,water,3.159,L
2024-04-08 05:00:00,electricity,0.536,kWh
2024-04-08 05:00:00,water,2.973,L
2024-04-08 06:00:00,electricity,1.411,kWh
2024-04-08 06:00:00,water,50.902,L
2024-04-08 07:00:00,electricity,1.786,kWh
2024-04-08 07:00:00,water,50.24,L
2024-04-08 08:00:00,electricity,1.539,kWh
2024-04-08 08:00:00,water,47.232,L
2024-04-08 09:00:00,electricity,1.484,kWh
2024-04-08 09:00:00,water,45.295,L
2024-04-08 10:00:00,electricity,1.119,kWh
2024-04-08 10:00:00,water,19.42,L
2024-04-08 11:00:00,electricity,1.467,kWh
2024-04-08 11:00:00,water,18.679,L
2024-04-08 12:00:00,electricity,1.237,kWh
2024-04-08 12:00:00,water,20.291,L
2024-04-08 13:00:00,electricity,1.522,kWh
2024-04-08 13:00:00,water,19.943,L
2024-04-08 14:00:00,electricity,1.249,kWh
2024-04-08 14:00:00,water,15.801,L
2024-04-08 15:00:00,electricity,1.095,kWh
2024-04-08 15:00:00,water,15.654,L
2024-04-08 16:00:00,electricity,1.173,kWh
2024-04-08 16:00:00,water,16.485,L
2024-04-08 17:00:00,electricity,2.67,kWh
2024-04-08 17:00:00,water,41.893,L
2024-04-08 18:00:00,electricity,2.339,kWh
2024-04-08 18:00:00,water,30.407,L
2024-04-08 19:00:00,electricity,2.246,kWh
2024-04-08 19:00:00,water,39.276,L
2024-04-08 20:00:00,electricity,2.414,kWh
2024-04-08 20:00:00,water,39.131,L
2024-04-08 21:00:00,electricity,2.495,kWh
2024-04-08 21:00:00,water,25.639,L
2024-04-08 22:00:00,electricity,1.467,kWh
2024-04-08 22:00:00,water,22.987,L
2024-04-08 23:00:00,electricity,1.511,kWh
2024-04-08 23:00:00,water,18.873,L
2024-04-09 00:00:00,electricity,0.509,kWh
2024-04-09 00:00:00,water,2.655,L
2024-04-09 01:00:00,electricity,0.458,kWh
2024-04-09 01:00:00,water,2.574,L
2024-04-09 02:00:00,electricity,0.506,kWh
2024-04-09 02:00:00,water,2.806,L
2024-04-09 03:00:00,electricity,0.542,kWh
2024-04-09 03:00:00,water,2.934,L
2024-04-09 04:00:00,electricity,0.477,kWh
2024-04-09 04:00:00,water,2.58,L
2024-04-09 05:00:00,electricity,0.477,kWh
2024-04-09 05:00:00,water,3.529,L
2024-04-09 06:00:00,electricity,1.775,kWh
2024-04-09 06:00:00,water,37.843,L
2024-04-09 07:00:00,electricity,1.708,kWh
2024-04-09 07:00:00,water,52.269,L
2024-04-09 08:00:00,electricity,1.722,kWh
2024-04-09 08:00:00,water,51.4,L
2024-04-09 09:00:00,electricity,1.586,kWh
2024-04-09 09:00:00,water,49.851,L
2024-04-09 10:00:00,electricity,1.29,kWh
2024-04-09 10:00:00,water,16.501,L
2024-04-09 11:00:00,electricity,1.198,kWh
2024-04-09 11:00:00,water,18.74,L
2024-04-09 12:00:00,electricity,1.438,kWh
2024-04-09 12:00:00,water,15.241,L
2024-04-09 13:00:00,electricity,1.457,kWh
2024-04-09 13:00:00,water,19.968,L
2024-04-09 14:00:00,electricity,1.076,kWh
2024-04-09 14:00:00,water,17.84,L
2024-04-09 15:00:00,electricity,1.197,kWh
2024-04-09 15:00:00,water,17.116,L
2024-04-09 16:00:00,electricity,1.122,kWh
2024-04-09 16:00:00,water,15.357,L
2024-04-09 17:00:00,electricity,2.222,kWh
2024-04-09 17:00:00,water,26.351,L
2024-04-09 18:00:00,electricity,2.356,kWh
2024-04-09 18:00:00,water,32.827,L
2024-04-09 19:00:00,electricity,2.032,kWh
2024-04-09 19:00:00,water,42.508,L
2024-04-09 20:00:00,electricity,2.157,kWh
2024-04-09 20:00:00,water,35.687,L
2024-04-09 21:00:00,electricity,2.137,kWh
2024-04-09 21:00:00,water,22.043,L
2024-04-09 22:00:00,electricity,1.347,kWh
2024-04-09 22:00:00,water,24.27,L
2024-04-09 23:00:00,electricity,1.329,kWh
2024-04-09 23:00:00,water,27.375,L
2024-04-10 00:00:00,electricity,0.49,kWh
2024-04-10 00:00:00,water,3.477,L
2024-04-10 01:00:00,electricity,0.537,kWh
2024-04-10 01:00:00,water,2.65,L
2024-04-10 02:00:00,electricity,0.499,kWh
2024-04-10 02:00:00,water,2.301,L
2024-04-10 03:00:00,electricity,0.514,kWh
2024-04-10 03:00:00,water,3.849,L
2024-04-10 04:00:00,electricity,0.616,kWh
2024-04-10 04:00:00,water,3.817,L
2024-04-10 05:00:00,electricity,0.599,kWh
2024-04-10 05:00:00,water,3.068,L
2024-04-10 06:00:00,electricity,1.493,kWh
2024-04-10 06:00:00,water,38.139,L
2024-04-10 07:00:00,electricity,1.858,kWh
2024-04-10 07:00:00,water,50.201,L
2024-04-10 08:00:00,electricity,1.855,kWh
2024-04-10 08:00:00,water,44.417,L
2024-04-10 09:00:00,electricity,1.519,kWh
2024-04-10 09:00:00,water,44.39,L
2024-04-10 10:00:00,electricity,1.428,kWh
2024-04-10 10:00:00,water,19.932,L
2024-04-10 11:00:00,electricity,1.523,kWh
2024-04-10 11:00:00,water,18.722,L
2024-04-10 12:00:00,electricity,1.172,kWh
2024-04-10 12:00:00,water,15.439,L
2024-04-10 13:00:00,electricity,1.199,kWh
2024-04-10 13:00:00,water,17.299,L
2024-04-10 14:00:00,electricity,1.454,kWh
2024-04-10 14:00:00,water,19.428,L
2024-04-10 15:00:00,electricity,1.356,kWh
2024-04-10 15:00:00,water,19.102,L
2024-04-10 16:00:00,electricity,1.393,kWh
2024-04-10 16:00:00,water,18.566,L
2024-04-10 17:00:00,electricity,2.457,kWh
2024-04-10 17:00:00,water,41.7,L
2024-04-10 18:00:00,electricity,2.469,kWh
2024-04-10 18:00:00,water,35.872,L
2024-04-10 19:00:00,electricity,2.061,kWh
2024-04-10 19:00:00,water,38.304,L
2024-04-10 20:00:00,electricity,2.625,kWh
2024-04-10 20:00:00,water,22.31,L
2024-04-10 21:00:00,electricity,2.654,kWh
2024-04-10 21:00:00,water,21.286,L
2024-04-10 22:00:00,electricity,1.29,kWh
2024-04-10 22:00:00,water,24.563,L
2024-04-10 23:00:00,electricity,1.314,kWh
2024-04-10 23:00:00,water,21.446,L
2024-04-11 00:00:00,electricity,0.447,kWh
2024-04-11 00:00:00,water,2.832,L
2024-04-11 01:00:00,electricity,0.555,kWh
2024-04-11 01:00:00,water,2.625,L
2024-04-11 02:00:00,electricity,0.558,kWh
2024-04-11 02:00:00,water,3.361,L
2024-04-11 03:00:00,electricity,0.525,kWh
2024-04-11 03:00:00,water,3.197,L
2024-04-11 04:00:00,electricity,0.587,kWh
2024-04-11 04:00:00,water,3.297,L
2024-04-11 05:00:00,electricity,0.51,kWh
2024-04-11 05:00:00,water,2.379,L
2024-04-11 06:00:00,electricity,1.813,kWh
2024-04-11 06:00:00,water,44.134,L
2024-04-11 07:00:00,electricity,1.541,kWh
2024-04-11 07:00:00,water,43.487,L
2024-04-11 08:00:00,electricity,1.712,kWh
2024-04-11 08:00:00,water,43.485,L
2024-04-11 09:00:00,electricity,1.686,kWh
2024-04-11 09:00:00,water,41.673,L
2024-04-11 10:00:00,electricity,1.35,kWh
2024-04-11 10:00:00,water,17.252,L
2024-04-11 11:00:00,electricity,1.271,kWh
2024-04-11 11:00:00,water,19.835,L
2024-04-11 12:00:00,electricity,1.303,kWh
2024-04-11 12:00:00,water,13.868,L
2024-04-11 13:00:00,electricity,1.429,kWh
2024-04-11 13:00:00,water,21.839,L
2024-04-11 14:00:00,electricity,1.262,kWh
2024-04-11 14:00:00,water,19.045,L
2024-04-11 15:00:00,electricity,1.108,kWh
2024-04-11 15:00:00,water,17.909,L
2024-04-11 16:00:00,electricity,1.551,kWh
2024-04-11 16:00:00,water,19.959,L
2024-04-11 17:00:00,electricity,2.704,kWh
2024-04-11 17:00:00,water,30.967,L
2024-04-11 18:00:00,electricity,2.069,kWh
2024-04-11 18:00:00,water,34.509,L
2024-04-11 19:00:00,electricity,2.54,kWh
2024-04-11 19:00:00,water,36.955,L
2024-04-11 20:00:00,electricity,2.256,kWh
2024-04-11 20:00:00,water,43.645,L
2024-04-11 21:00:00,electricity,2.439,kWh
2024-04-11 21:00:00,water,22.374,L
2024-04-11 22:00:00,electricity,1.359,kWh
2024-04-11 22:00:00,water,23.715,L
2024-04-11 23:00:00,electricity,1.289,kWh
2024-04-11 23:00:00,water,20.908,L
2024-04-12 00:00:00,electricity,0.487,kWh
2024-04-12 00:00:00,water,3.175,L
2024-04-12 01:00:00,electricity,0.492,kWh
2024-04-12 01:00:00,water,3.604,L
2024-04-12 02:00:00,electricity,0.48,kWh
2024-04-12 02:00:00,water,3.358,L
2024-04-12 03:00:00,electricity,0.484,kWh
2024-04-12 03:00:00,water,2.971,L
2024-04-12 04:00:00,electricity,0.524,kWh
2024-04-12 04:00:00,water,3.243,L
2024-04-12 05:00:00,electricity,0.49,kWh
2024-04-12 05:00:00,water,3.208,L
2024-04-12 06:00:00,electricity,1.833,kWh
2024-04-12 06:00:00,water,47.736,L
2024-04-12 07:00:00,electricity,1.971,kWh
2024-04-12 07:00:00,water,51.005,L
2024-04-12 08:00:00,electricity,1.616,kWh
2024-04-12 08:00:00,water,50.964,L
2024-04-12 09:00:00,electricity,1.757,kWh
2024-04-12 09:00:00,water,44.313,L
2024-04-12 10:00:00,electricity,1.386,kWh
2024-04-12 10:00:00,water,19.386,L
2024-04-12 11:00:00,electricity,1.382,kWh
2024-04-12 11:00:00,water,17.173,L
2024-04-12 12:00:00,electricity,1.33,kWh
2024-04-12 12:00:00,water,16.006,L
2024-04-12 13:00:00,electricity,1.418,kWh
2024-04-12 13:00:00,water,17.418,L
2024-04-12 14:00:00,electricity,1.384,kWh
2024-04-12 14:00:00,water,17.835,L
2024-04-12 15:00:00,electricity,1.157,kWh
2024-04-12 15:00:00,water,14.411,L
2024-04-12 16:00:00,electricity,1.435,kWh
2024-04-12 16:00:00,water,19.858,L
2024-04-12 17:00:00,electricity,2.587,kWh
2024-04-12 17:00:00,water,25.047,L
2024-04-12 18:00:00,electricity,2.195,kWh
2024-04-12 18:00:00,water,49.717,L
2024-04-12 19:00:00,electricity,2.385,kWh
2024-04-12 19:00:00,water,44.258,L
2024-04-12 20:00:00,electricity,2.538,kWh
2024-04-12 20:00:00,water,36.325,L
2024-04-12 21:00:00,electricity,2.326,kWh
2024-04-12 21:00:00,water,22.525,L
2024-04-12 22:00:00,electricity,1.462,kWh
2024-04-12 22:00:00,water,23.318,L
2024-04-12 23:00:00,electricity,1.632,kWh
2024-04-12 23:00:00,water,20.909,L
2024-04-13 00:00:00,electricity,0.398,kWh
2024-04-13 00:00:00,water,3.99,L
2024-04-13 01:00:00,electricity,0.372,kWh
2024-04-13 01:00:00,water,3.833,L
2024-04-13 02:00:00,electricity,0.445,kWh
2024-04-13 02:00:00,water,3.856,L
2024-04-13 03:00:00,electricity,0.463,kWh
2024-04-13 03:00:00,water,3.985,L
2024-04-13 04:00:00,electricity,0.422,kWh
2024-04-13 04:00:00,water,3.285,L
2024-04-13 05:00:00,electricity,0.495,kWh
2024-04-13 05:00:00,water,3.919,L
2024-04-13 06:00:00,electricity,1.216,kWh
2024-04-13 06:00:00,water,59.647,L
2024-04-13 07:00:00,electricity,1.501,kWh
2024-04-13 07:00:00,water,59.405,L
2024-04-13 08:00:00,electricity,1.319,kWh
2024-04-13 08:00:00,water,56.985,L
2024-04-13 09:00:00,electricity,1.645,kWh
2024-04-13 09:00:00,water,66.488,L
2024-04-13 10:00:00,electricity,1.295,kWh
2024-04-13 10:00:00,water,22.407,L
2024-04-13 11:00:00,electricity,0.997,kWh
2024-04-13 11:00:00,water,24.038,L
2024-04-13 12:00:00,electricity,1.021,kWh
2024-04-13 12:00:00,water,27.043,L
2024-04-13 13:00:00,electricity,1.173,kWh
2024-04-13 13:00:00,water,23.177,L
2024-04-13 14:00:00,electricity,1.038,kWh
2024-04-13 14:00:00,water,24.002,L
2024-04-13 15:00:00,electricity,1.075,kWh
2024-04-13 15:00:00,water,23.129,L
2024-04-13 16:00:00,electricity,1.083,kWh
2024-04-13 16:00:00,water,26.875,L
2024-04-13 17:00:00,electricity,1.571,kWh
2024-04-13 17:00:00,water,47.242,L
2024-04-13 18:00:00,electricity,1.941,kWh
2024-04-13 18:00:00,water,56.258,L
2024-04-13 19:00:00,electricity,1.81,kWh
2024-04-13 19:00:00,water,48.144,L
2024-04-13 20:00:00,electricity,1.848,kWh
2024-04-13 20:00:00,water,43.722,L
2024-04-13 21:00:00,electricity,2.225,kWh
2024-04-13 21:00:00,water,31.635,L
2024-04-13 22:00:00,electricity,0.944,kWh
2024-04-13 22:00:00,water,28.181,L
2024-04-13 23:00:00,electricity,1.168,kWh
2024-04-13 23:00:00,water,31.428,L
2024-04-14 00:00:00,electricity,0.42,kWh
2024-04-14 00:00:00,water,2.623,L
2024-04-14 01:00:00,electricity,0.42,kWh
2024-04-14 01:00:00,water,3.902,L
2024-04-14 02:00:00,electricity,0.466,kWh
2024-04-14 02:00:00,water,3.685,L
2024-04-14 03:00:00,electricity,0.447,kWh
2024-04-14 03:00:00,water,3.402,L
2024-04-14 04:00:00,electricity,0.457,kWh
2024-04-14 04:00:00,water,3.641,L
2024-04-14 05:00:00,electricity,0.474,kWh
2024-04-14 05:00:00,water,3.632,L
2024-04-14 06:00:00,electricity,1.357,kWh
2024-04-14 06:00:00,water,58.163,L
2024-04-14 07:00:00,electricity,1.318,kWh
2024-04-14 07:00:00,water,48.901,L
2024-04-14 08:00:00,electricity,1.252,kWh
2024-04-14 08:00:00,water,60.72,L
2024-04-14 09:00:00,electricity,1.288,kWh
2024-04-14 09:00:00,water,68.091,L
2024-04-14 10:00:00,electricity,1.399,kWh
2024-04-14 10:00:00,water,24.189,L
2024-04-14 11:00:00,electricity,1.214,kWh
2024-04-14 11:00:00,water,25.672,L
2024-04-14 12:00:00,electricity,0.934,kWh
2024-04-14 12:00:00,water,26.474,L
2024-04-14 13:00:00,electricity,0.937,kWh
2024-04-14 13:00:00,water,26.872,L
2024-04-14 14:00:00,electricity,1.132,kWh
2024-04-14 14:00:00,water,28.651,L
2024-04-14 15:00:00,electricity,1.139,kWh
2024-04-14 15:00:00,water,21.998,L
2024-04-14 16:00:00,electricity,1.139,kWh
2024-04-14 16:00:00,water,21.382,L
2024-04-14 17:00:00,electricity,1.894,kWh
2024-04-14 17:00:00,water,53.333,L
2024-04-14 18:00:00,electricity,1.92,kWh
2024-04-14 18:00:00,water,52.893,L
2024-04-14 19:00:00,electricity,2.008,kWh
2024-04-14 19:00:00,water,53.288,L
2024-04-14 20:00:00,electricity,1.961,kWh
2024-04-14 20:00:00,water,59.802,L
2024-04-14 21:00:00,electricity,1.513,kWh
2024-04-14 21:00:00,water,29.29,L
2024-04-14 22:00:00,electricity,1.055,kWh
2024-04-14 22:00:00,water,30.746,L
2024-04-14 23:00:00,electricity,0.988,kWh
2024-04-14 23:00:00,water,25.809,L
2024-04-15 00:00:00,electricity,0.537,kWh
2024-04-15 00:00:00,water,3.769,L
2024-04-15 01:00:00,electricity,0.686,kWh
2024-04-15 01:00:00,water,2.879,L
2024-04-15 02:00:00,electricity,0.547,kWh
2024-04-15 02:00:00,water,2.889,L
2024-04-15 03:00:00,electricity,0.511,kWh
2024-04-15 03:00:00,water,2.875,L
2024-04-15 04:00:00,electricity,0.577,kWh
2024-04-15 04:00:00,water,2.768,L
2024-04-15 05:00:00,electricity,0.553,kWh
2024-04-15 05:00:00,water,2.737,L
2024-04-15 06:00:00,electricity,1.788,kWh
2024-04-15 06:00:00,water,42.172,L
2024-04-15 07:00:00,electricity,1.82,kWh
2024-04-15 07:00:00,water,37.625,L
2024-04-15 08:00:00,electricity,2.069,kWh
2024-04-15 08:00:00,water,40.759,L
2024-04-15 09:00:00,electricity,1.522,kWh
2024-04-15 09:00:00,water,55.524,L
2024-04-15 10:00:00,electricity,1.383,kWh
2024-04-15 10:00:00,water,19.589,L
2024-04-15 11:00:00,electricity,1.198,kWh
2024-04-15 11:00:00,water,20.0,L
2024-04-15 12:00:00,electricity,1.393,kWh
2024-04-15 12:00:00,water,20.543,L
2024-04-15 13:00:00,electricity,1.199,kWh
2024-04-15 13:00:00,water,21.962,L
2024-04-15 14:00:00,electricity,1.265,kWh
2024-04-15 14:00:00,water,14.174,L
2024-04-15 15:00:00,electricity,1.281,kWh
2024-04-15 15:00:00,water,15.343,L
2024-04-15 16:00:00,electricity,1.449,kWh
2024-04-15 16:00:00,water,16.264,L
2024-04-15 17:00:00,electricity,2.594,kWh
2024-04-15 17:00:00,water,35.386,L
2024-04-15 18:00:00,electricity,2.08,kWh
2024-04-15 18:00:00,water,36.147,L
2024-04-15 19:00:00,electricity,2.389,kWh
2024-04-15 19:00:00,water,35.489,L
2024-04-15 20:00:00,electricity,2.207,kWh
2024-04-15 20:00:00,water,38.487,L
2024-04-15 21:00:00,electricity,2.077,kWh
2024-04-15 21:00:00,water,22.595,L
2024-04-15 22:00:00,electricity,1.291,kWh
2024-04-15 22:00:00,water,20.548,L
2024-04-15 23:00:00,electricity,1.279,kWh
2024-04-15 23:00:00,water,16.626,L
2024-04-16 00:00:00,electricity,0.656,kWh
2024-04-16 00:00:00,water,2.643,L
2024-04-16 01:00:00,electricity,0.551,kWh
2024-04-16 01:00:00,water,2.802,L
2024-04-16 02:00:00,electricity,0.455,kWh
2024-04-16 02:00:00,water,2.911,L
2024-04-16 03:00:00,electricity,0.498,kWh
2024-04-16 03:00:00,water,2.593,L
2024-04-16 04:00:00,electricity,0.582,kWh
2024-04-16 04:00:00,water,2.823,L
2024-04-16 05:00:00,electricity,0.638,kWh
2024-04-16 05:00:00,water,2.593,L
2024-04-16 06:00:00,electricity,1.444,kWh
2024-04-16 06:00:00,water,44.321,L
2024-04-16 07:00:00,electricity,1.393,kWh
2024-04-16 07:00:00,water,39.205,L
2024-04-16 08:00:00,electricity,2.037,kWh
2024-04-16 08:00:00,water,40.416,L
2024-04-16 09:00:00,electricity,1.783,kWh
2024-04-16 09:00:00,water,37.933,L
2024-04-16 10:00:00,electricity,1.205,kWh
2024-04-16 10:00:00,water,17.668,L
2024-04-16 11:00:00,electricity,1.391,kWh
2024-04-16 11:00:00,water,16.128,L
2024-04-16 12:00:00,electricity,0.972,kWh
2024-04-16 12:00:00,water,19.959,L
2024-04-16 13:00:00,electricity,1.32,kWh
2024-04-16 13:00:00,water,18.877,L
2024-04-16 14:00:00,electricity,1.363,kWh
2024-04-16 14:00:00,water,17.849,L
2024-04-16 15:00:00,electricity,1.442,kWh
2024-04-16 15:00:00,water,16.277,L
2024-04-16 16:00:00,electricity,1.186,kWh
2024-04-16 16:00:00,water,18.822,L
2024-04-16 17:00:00,electricity,2.396,kWh
2024-04-16 17:00:00,water,40.608,L
2024-04-16 18:00:00,electricity,2.156,kWh
2024-04-16 18:00:00,water,38.142,L
2024-04-16 19:00:00,electricity,2.437,kWh
2024-04-16 19:00:00,water,44.717,L
2024-04-16 20:00:00,electricity,2.163,kWh
2024-04-16 20:00:00,water,39.568,L
2024-04-16 21:00:00,electricity,2.279,kWh
2024-04-16 21:00:00,water,24.967,L
2024-04-16 22:00:00,electricity,1.189,kWh
2024-04-16 22:00:00,water,22.861,L
2024-04-16 23:00:00,electricity,1.406,kWh
2024-04-16 23:00:00,water,24.324,L
2024-04-17 00:00:00,electricity,0.573,kWh
2024-04-17 00:00:00,water,2.713,L
2024-04-17 01:00:00,electricity,0.516,kWh
2024-04-17 01:00:00,water,2.835,L
2024-04-17 02:00:00,electricity,0.53,kWh
2024-04-17 02:00:00,water,3.126,L
2024-04-17 03:00:00,electricity,0.452,kWh
2024-04-17 03:00:00,water,3.123,L
2024-04-17 04:00:00,electricity,0.512,kWh
2024-04-17 04:00:00,water,3.183,L
2024-04-17 05:00:00,electricity,0.525,kWh
2024-04-17 05:00:00,water,3.396,L
2024-04-17 06:00:00,electricity,2.166,kWh
2024-04-17 06:00:00,water,37.305,L
2024-04-17 07:00:00,electricity,1.525,kWh
2024-04-17 07:00:00,water,39.738,L
2024-04-17 08:00:00,electricity,1.967,kWh
2024-04-17 08:00:00,water,46.24,L
2024-04-17 09:00:00,electricity,1.887,kWh
2024-04-17 09:00:00,water,41.088,L
2024-04-17 10:00:00,electricity,1.357,kWh
2024-04-17 10:00:00,water,25.296,L
2024-04-17 11:00:00,electricity,1.552,kWh
2024-04-17 11:00:00,water,19.114,L
2024-04-17 12:00:00,electricity,1.369,kWh
2024-04-17 12:00:00,water,17.831,L
2024-04-17 13:00:00,electricity,1.371,kWh
2024-04-17 13:00:00,water,16.887,L
2024-04-17 14:00:00,electricity,1.313,kWh
2024-04-17 14:00:00,water,16.963,L
2024-04-17 15:00:00,electricity,1.482,kWh
2024-04-17 15:00:00,water,18.065,L
2024-04-17 16:00:00,electricity,1.465,kWh
2024-04-17 16:00:00,water,18.242,L
2024-04-17 17:00:00,electricity,2.227,kWh
2024-04-17 17:00:00,water,35.445,L
2024-04-17 18:00:00,electricity,2.063,kWh
2024-04-17 18:00:00,water,36.271,L
2024-04-17 19:00:00,electricity,2.328,kWh
2024-04-17 19:00:00,water,43.549,L
2024-04-17 20:00:00,electricity,2.186,kWh
2024-04-17 20:00:00,water,43.73,L
2024-04-17 21:00:00,electricity,2.361,kWh
2024-04-17 21:00:00,water,23.18,L
2024-04-17 22:00:00,electricity,1.483,kWh
2024-04-17 22:00:00,water,18.879,L
2024-04-17 23:00:00,electricity,1.26,kWh
2024-04-17 23:00:00,water,23.954,L
2024-04-18 00:00:00,electricity,0.526,kWh
2024-04-18 00:00:00,water,3.56,L
2024-04-18 01:00:00,electricity,0.531,kWh
2024-04-18 01:00:00,water,3.493,L
2024-04-18 02:00:00,electricity,0.573,kWh
2024-04-18 02:00:00,water,3.264,L
2024-04-18 03:00:00,electricity,0.409,kWh
2024-04-18 03:00:00,water,3.512,L
2024-04-18 04:00:00,electricity,0.496,kWh
2024-04-18 04:00:00,water,3.019,L
2024-04-18 05:00:00,electricity,0.539,kWh
2024-04-18 05:00:00,water,3.226,L
2024-04-18 06:00:00,electricity,1.922,kWh
2024-04-18 06:00:00,water,41.324,L
2024-04-18 07:00:00,electricity,1.632,kWh
2024-04-18 07:00:00,water,46.578,L
2024-04-18 08:00:00,electricity,1.394,kWh
2024-04-18 08:00:00,water,52.179,L
2024-04-18 09:00:00,electricity,1.822,kWh
2024-04-18 09:00:00,water,41.817,L
2024-04-18 10:00:00,electricity,1.236,kWh
2024-04-18 10:00:00,water,16.139,L
2024-04-18 11:00:00,electricity,1.163,kWh
2024-04-18 11:00:00,water,18.211,L
2024-04-18 12:00:00,electricity,1.238,kWh
2024-04-18 12:00:00,water,17.51,L
2024-04-18 13:00:00,electricity,1.296,kWh
2024-04-18 13:00:00,water,19.402,L
2024-04-18 14:00:00,electricity,1.24,kWh
2024-04-18 14:00:00,water,17.021,L
2024-04-18 15:00:00,electricity,1.029,kWh
2024-04-18 15:00:00,water,21.712,L
2024-04-18 16:00:00,electricity,1.438,kWh
2024-04-18 16:00:00,water,15.214,L
2024-04-18 17:00:00,electricity,2.679,kWh
2024-04-18 17:00:00,water,43.142,L
2024-04-18 18:00:00,electricity,2.531,kWh
2024-04-18 18:00:00,water,34.058,L
2024-04-18 19:00:00,electricity,2.106,kWh
2024-04-18 19:00:00,water,29.418,L
2024-04-18 20:00:00,electricity,2.328,kWh
2024-04-18 20:00:00,water,38.57,L
2024-04-18 21:00:00,electricity,2.374,kWh
2024-04-18 21:00:00,water,21.813,L
2024-04-18 22:00:00,electricity,1.399,kWh
2024-04-18 22:00:00,water,19.504,L
2024-04-18 23:00:00,electricity,1.408,kWh
2024-04-18 23:00:00,water,17.96,L
2024-04-19 00:00:00,electricity,0.489,kWh
2024-04-19 00:00:00,water,2.997,L
2024-04-19 01:00:00,electricity,0.532,kWh
2024-04-19 01:00:00,water,3.351,L
2024-04-19 02:00:00,electricity,0.552,kWh
2024-04-19 02:00:00,water,3.211,L
2024-04-19 03:00:00,electricity,0.605,kWh
2024-04-19 03:00:00,water,3.02,L
2024-04-19 04:00:00,electricity,0.565,kWh
2024-04-19 04:00:00,water,3.172,L
2024-04-19 05:00:00,electricity,0.57,kWh
2024-04-19 05:00:00,water,2.99,L
2024-04-19 06:00:00,electricity,1.73,kWh
2024-04-19 06:00:00,water,37.279,L
2024-04-19 07:00:00,electricity,1.958,kWh
2024-04-19 07:00:00,water,37.327,L
2024-04-19 08:00:00,electricity,1.786,kWh
2024-04-19 08:00:00,water,43.903,L
2024-04-19 09:00:00,electricity,1.568,kWh
2024-04-19 09:00:00,water,44.132,L
2024-04-19 10:00:00,electricity,1.505,kWh
2024-04-19 10:00:00,water,19.838,L
2024-04-19 11:00:00,electricity,1.412,kWh
2024-04-19 11:00:00,water,19.636,L
2024-04-19 12:00:00,electricity,1.262,kWh
2024-04-19 12:00:00,water,19.307,L
2024-04-19 13:00:00,electricity,1.257,kWh
2024-04-19 13:00:00,water,17.395,L
2024-04-19 14:00:00,electricity,1.359,kWh
2024-04-19 14:00:00,water,15.018,L
2024-04-19 15:00:00,electricity,1.381,kWh
2024-04-19 15:00:00,water,18.89,L
2024-04-19 16:00:00,electricity,1.346,kWh
2024-04-19 16:00:00,water,19.134,L
2024-04-19 17:00:00,electricity,2.45,kWh
2024-04-19 17:00:00,water,26.752,L
2024-04-19 18:00:00,electricity,2.78,kWh
2024-04-19 18:00:00,water,33.745,L
2024-04-19 19:00:00,electricity,2.631,kWh
2024-04-19 19:00:00,water,34.39,L
2024-04-19 20:00:00,electricity,2.421,kWh
2024-04-19 20:00:00,water,38.033,L
2024-04-19 21:00:00,electricity,2.6,kWh
2024-04-19 21:00:00,water,20.331,L
2024-04-19 22:00:00,electricity,1.184,kWh
2024-04-19 22:00:00,water,22.397,L
2024-04-19 23:00:00,electricity,1.373,kWh
2024-04-19 23:00:00,water,21.932,L
2024-04-20 00:00:00,electricity,0.51,kWh
2024-04-20 00:00:00,water,3.826,L
2024-04-20 01:00:00,electricity,0.423,kWh
2024-04-20 01:00:00,water,3.565,L
2024-04-20 02:00:00,electricity,0.395,kWh
2024-04-20 02:00:00,water,3.601,L
2024-04-20 03:00:00,electricity,0.404,kWh
2024-04-20 03:00:00,water,3.394,L
2024-04-20 04:00:00,electricity,0.385,kWh
2024-04-20 04:00:00,water,4.078,L
2024-04-20 05:00:00,electricity,0.398,kWh
2024-04-20 05:00:00,water,4.167,L
2024-04-20 06:00:00,electricity,1.352,kWh
2024-04-20 06:00:00,water,53.09,L
2024-04-20 07:00:00,electricity,1.207,kWh
2024-04-20 07:00:00,water,69.175,L
2024-04-20 08:00:00,electricity,1.406,kWh
2024-04-20 08:00:00,water,56.291,L
2024-04-20 09:00:00,electricity,1.531,kWh
2024-04-20 09:00:00,water,69.242,L
2024-04-20 10:00:00,electricity,0.982,kWh
2024-04-20 10:00:00,water,21.597,L
2024-04-20 11:00:00,electricity,1.244,kWh
2024-04-20 11:00:00,water,17.709,L
2024-04-20 12:00:00,electricity,1.135,kWh
2024-04-20 12:00:00,water,24.529,L
2024-04-20 13:00:00,electricity,1.191,kWh
2024-04-20 13:00:00,water,24.098,L
2024-04-20 14:00:00,electricity,1.009,kWh
2024-04-20 14:00:00,water,23.497,L
2024-04-20 15:00:00,electricity,1.172,kWh
2024-04-20 15:00:00,water,21.597,L
2024-04-20 16:00:00,electricity,0.962,kWh
2024-04-20 16:00:00,water,23.303,L
2024-04-20 17:00:00,electricity,2.117,kWh
2024-04-20 17:00:00,water,45.759,L
2024-04-20 18:00:00,electricity,1.977,kWh
2024-04-20 18:00:00,water,46.981,L
2024-04-20 19:00:00,electricity,2.052,kWh
2024-04-20 19:00:00,water,53.674,L
2024-04-20 20:00:00,electricity,1.715,kWh
2024-04-20 20:00:00,water,49.828,L
2024-04-20 21:00:00,electricity,1.77,kWh
2024-04-20 21:00:00,water,31.391,L
2024-04-20 22:00:00,electricity,1.145,kWh
2024-04-20 22:00:00,water,28.436,L
2024-04-20 23:00:00,electricity,0.978,kWh
2024-04-20 23:00:00,water,28.05,L
2024-04-21 00:00:00,electricity,0.452,kWh
2024-04-21 00:00:00,water,139.865,L
2024-04-21 01:00:00,electricity,0.373,kWh
2024-04-21 01:00:00,water,3.727,L
2024-04-21 02:00:00,electricity,0.469,kWh
2024-04-21 02:00:00,water,2.346,L
2024-04-21 03:00:00,electricity,0.379,kWh
2024-04-21 03:00:00,water,3.624,L
2024-04-21 04:00:00,electricity,0.456,kWh
2024-04-21 04:00:00,water,3.862,L
2024-04-21 05:00:00,electricity,0.459,kWh
2024-04-21 05:00:00,water,4.164,L
2024-04-21 06:00:00,electricity,1.306,kWh
2024-04-21 06:00:00,water,56.614,L
2024-04-21 07:00:00,electricity,1.486,kWh
2024-04-21 07:00:00,water,60.941,L
2024-04-21 08:00:00,electricity,1.441,kWh
2024-04-21 08:00:00,water,43.198,L
2024-04-21 09:00:00,electricity,1.328,kWh
2024-04-21 09:00:00,water,58.101,L
2024-04-21 10:00:00,electricity,0.971,kWh
2024-04-21 10:00:00,water,18.684,L
2024-04-21 11:00:00,electricity,0.868,kWh
2024-04-21 11:00:00,water,20.007,L
2024-04-21 12:00:00,electricity,1.118,kWh
2024-04-21 12:00:00,water,22.874,L
2024-04-21 13:00:00,electricity,0.911,kWh
2024-04-21 13:00:00,water,26.984,L
2024-04-21 14:00:00,electricity,1.09,kWh
2024-04-21 14:00:00,water,24.442,L
2024-04-21 15:00:00,electricity,1.052,kWh
2024-04-21 15:00:00,water,23.451,L
2024-04-21 16:00:00,electricity,1.153,kWh
2024-04-21 16:00:00,water,23.345,L
2024-04-21 17:00:00,electricity,1.885,kWh
2024-04-21 17:00:00,water,44.575,L
2024-04-21 18:00:00,electricity,1.88,kWh
2024-04-21 18:00:00,water,45.568,L
2024-04-21 19:00:00,electricity,2.086,kWh
2024-04-21 19:00:00,water,51.25,L
2024-04-21 20:00:00,electricity,2.009,kWh
2024-04-21 20:00:00,water,40.646,L
2024-04-21 21:00:00,electricity,2.005,kWh
2024-04-21 21:00:00,water,31.332,L
2024-04-21 22:00:00,electricity,1.131,kWh
2024-04-21 22:00:00,water,27.886,L
2024-04-21 23:00:00,electricity,0.914,kWh
2024-04-21 23:00:00,water,32.148,L
2024-04-22 00:00:00,electricity,0.568,kWh
2024-04-22 00:00:00,water,3.346,L
2024-04-22 01:00:00,electricity,0.56,kWh
2024-04-22 01:00:00,water,2.398,L
2024-04-22 02:00:00,electricity,0.474,kWh
2024-04-22 02:00:00,water,2.791,L
2024-04-22 03:00:00,electricity,0.515,kWh
2024-04-22 03:00:00,water,2.692,L
2024-04-22 04:00:00,electricity,0.526,kWh
2024-04-22 04:00:00,water,2.347,L
2024-04-22 05:00:00,electricity,0.521,kWh
2024-04-22 05:00:00,water,2.628,L
2024-04-22 06:00:00,electricity,1.773,kWh
2024-04-22 06:00:00,water,58.183,L
2024-04-22 07:00:00,electricity,1.962,kWh
2024-04-22 07:00:00,water,48.291,L
2024-04-22 08:00:00,electricity,1.902,kWh
2024-04-22 08:00:00,water,55.353,L
2024-04-22 09:00:00,electricity,1.491,kWh
2024-04-22 09:00:00,water,49.477,L
2024-04-22 10:00:00,electricity,1.402,kWh
2024-04-22 10:00:00,water,16.398,L
2024-04-22 11:00:00,electricity,1.495,kWh
2024-04-22 11:00:00,water,17.175,L
2024-04-22 12:00:00,electricity,1.371,kWh
2024-04-22 12:00:00,water,19.271,L
2024-04-22 13:00:00,electricity,1.464,kWh
2024-04-22 13:00:00,water,18.945,L
2024-04-22 14:00:00,electricity,1.586,kWh
2024-04-22 14:00:00,water,16.753,L
2024-04-22 15:00:00,electricity,1.455,kWh
2024-04-22 15:00:00,water,14.738,L
2024-04-22 16:00:00,electricity,1.353,kWh
2024-04-22 16:00:00,water,25.102,L
2024-04-22 17:00:00,electricity,2.624,kWh
2024-04-22 17:00:00,water,36.865,L
2024-04-22 18:00:00,electricity,2.41,kWh
2024-04-22 18:00:00,water,36.034,L
2024-04-22 19:00:00,electricity,2.382,kWh
2024-04-22 19:00:00,water,38.01,L
2024-04-22 20:00:00,electricity,2.293,kWh
2024-04-22 20:00:00,water,36.408,L
2024-04-22 21:00:00,electricity,2.747,kWh
2024-04-22 21:00:00,water,22.831,L
2024-04-22 22:00:00,electricity,1.212,kWh
2024-04-22 22:00:00,water,25.975,L
2024-04-22 23:00:00,electricity,1.522,kWh
2024-04-22 23:00:00,water,22.164,L
2024-04-23 00:00:00,electricity,0.554,kWh
2024-04-23 00:00:00,water,2.581,L
2024-04-23 01:00:00,electricity,0.454,kWh
2024-04-23 01:00:00,water,2.942,L
2024-04-23 02:00:00,electricity,0.547,kWh
2024-04-23 02:00:00,water,2.833,L
2024-04-23 03:00:00,electricity,0.417,kWh
2024-04-23 03:00:00,water,3.513,L
2024-04-23 04:00:00,electricity,0.561,kWh
2024-04-23 04:00:00,water,3.422,L
2024-04-23 05:00:00,electricity,0.575,kWh
2024-04-23 05:00:00,water,3.039,L
2024-04-23 06:00:00,electricity,1.614,kWh
2024-04-23 06:00:00,water,38.095,L
2024-04-23 07:00:00,electricity,1.737,kWh
2024-04-23 07:00:00,water,38.38,L
2024-04-23 08:00:00,electricity,2.051,kWh
2024-04-23 08:00:00,water,45.082,L
2024-04-23 09:00:00,electricity,1.629,kWh
2024-04-23 09:00:00,water,46.816,L
2024-04-23 10:00:00,electricity,1.18,kWh
2024-04-23 10:00:00,water,17.191,L
2024-04-23 11:00:00,electricity,1.516,kWh
2024-04-23 11:00:00,water,16.963,L
2024-04-23 12:00:00,electricity,1.579,kWh
2024-04-23 12:00:00,water,16.72,L
2024-04-23 13:00:00,electricity,1.32,kWh
2024-04-23 13:00:00,water,17.949,L
2024-04-23 14:00:00,electricity,1.454,kWh
2024-04-23 14:00:00,water,12.853,L
2024-04-23 15:00:00,electricity,1.497,kWh
2024-04-23 15:00:00,water,15.621,L
2024-04-23 16:00:00,electricity,1.222,kWh
2024-04-23 16:00:00,water,16.646,L
2024-04-23 17:00:00,electricity,2.261,kWh
2024-04-23 17:00:00,water,42.934,L
2024-04-23 18:00:00,electricity,2.668,kWh
2024-04-23 18:00:00,water,33.838,L
2024-04-23 19:00:00,electricity,2.776,kWh
2024-04-23 19:00:00,water,38.312,L
2024-04-23 20:00:00,electricity,2.51,kWh
2024-04-23 20:00:00,water,38.519,L
2024-04-23 21:00:00,electricity,2.167,kWh
2024-04-23 21:00:00,water,26.004,L
2024-04-23 22:00:00,electricity,1.582,kWh
2024-04-23 22:00:00,water,25.909,L
2024-04-23 23:00:00,electricity,1.25,kWh
2024-04-23 23:00:00,water,22.345,L
2024-04-24 00:00:00,electricity,0.51,kWh
2024-04-24 00:00:00,water,2.829,L
2024-04-24 01:00:00,electricity,0.546,kWh
2024-04-24 01:00:00,water,2.761,L
2024-04-24 02:00:00,electricity,0.61,kWh
2024-04-24 02:00:00,water,2.913,L
2024-04-24 03:00:00,electricity,0.573,kWh
2024-04-24 03:00:00,water,2.844,L
2024-04-24 04:00:00,electricity,0.55,kWh
2024-04-24 04:00:00,water,3.199,L
2024-04-24 05:00:00,electricity,0.552,kWh
2024-04-24 05:00:00,water,3.151,L
2024-04-24 06:00:00,electricity,1.723,kWh
2024-04-24 06:00:00,water,48.196,L
2024-04-24 07:00:00,electricity,1.812,kWh
2024-04-24 07:00:00,water,51.8,L
2024-04-24 08:00:00,electricity,1.282,kWh
2024-04-24 08:00:00,water,55.059,L
2024-04-24 09:00:00,electricity,1.665,kWh
2024-04-24 09:00:00,water,45.673,L
2024-04-24 10:00:00,electricity,1.352,kWh
2024-04-24 10:00:00,water,20.375,L
2024-04-24 11:00:00,electricity,1.168,kWh
2024-04-24 11:00:00,water,17.24,L
2024-04-24 12:00:00,electricity,1.371,kWh
2024-04-24 12:00:00,water,20.56,L
2024-04-24 13:00:00,electricity,1.293,kWh
2024-04-24 13:00:00,water,20.293,L
2024-04-24 14:00:00,electricity,1.552,kWh
2024-04-24 14:00:00,water,20.178,L
2024-04-24 15:00:00,electricity,1.528,kWh
2024-04-24 15:00:00,water,18.203,L
2024-04-24 16:00:00,electricity,1.259,kWh
2024-04-24 16:00:00,water,16.556,L
2024-04-24 17:00:00,electricity,2.34,kWh
2024-04-24 17:00:00,water,31.225,L
2024-04-24 18:00:00,electricity,2.358,kWh
2024-04-24 18:00:00,water,37.32,L
2024-04-24 19:00:00,electricity,2.269,kWh
2024-04-24 19:00:00,water,44.399,L
2024-04-24 20:00:00,electricity,2.422,kWh
2024-04-24 20:00:00,water,36.106,L
2024-04-24 21:00:00,electricity,2.196,kWh
2024-04-24 21:00:00,water,24.62,L
2024-04-24 22:00:00,electricity,1.171,kWh
2024-04-24 22:00:00,water,24.779,L
2024-04-24 23:00:00,electricity,1.402,kWh
2024-04-24 23:00:00,water,21.734,L
2024-04-25 00:00:00,electricity,0.561,kWh
2024-04-25 00:00:00,water,3.474,L
2024-04-25 01:00:00,electricity,0.486,kWh
2024-04-25 01:00:00,water,1.953,L
2024-04-25 02:00:00,electricity,0.575,kWh
2024-04-25 02:00:00,water,2.56,L
2024-04-25 03:00:00,electricity,0.495,kWh
2024-04-25 03:00:00,water,2.67,L
2024-04-25 04:00:00,electricity,0.541,kWh
2024-04-25 04:00:00,water,2.705,L
2024-04-25 05:00:00,electricity,0.571,kWh
2024-04-25 05:00:00,water,3.121,L
2024-04-25 06:00:00,electricity,1.71,kWh
2024-04-25 06:00:00,water,46.566,L
2024-04-25 07:00:00,electricity,1.794,kWh
2024-04-25 07:00:00,water,47.128,L
2024-04-25 08:00:00,electricity,1.627,kWh
2024-04-25 08:00:00,water,48.219,L
2024-04-25 09:00:00,electricity,1.682,kWh
2024-04-25 09:00:00,water,39.869,L
2024-04-25 10:00:00,electricity,1.293,kWh
2024-04-25 10:00:00,water,15.369,L
2024-04-25 11:00:00,electricity,1.221,kWh
2024-04-25 11:00:00,water,18.856,L
2024-04-25 12:00:00,electricity,1.297,kWh
2024-04-25 12:00:00,water,16.639,L
2024-04-25 13:00:00,electricity,1.116,kWh
2024-04-25 13:00:00,water,14.608,L
2024-04-25 14:00:00,electricity,1.255,kWh
2024-04-25 14:00:00,water,20.098,L
2024-04-25 15:00:00,electricity,1.282,kWh
2024-04-25 15:00:00,water,21.013,L
2024-04-25 16:00:00,electricity,1.286,kWh
2024-04-25 16:00:00,water,21.363,L
2024-04-25 17:00:00,electricity,2.319,kWh
2024-04-25 17:00:00,water,38.342,L
2024-04-25 18:00:00,electricity,2.361,kWh
2024-04-25 18:00:00,water,40.317,L
2024-04-25 19:00:00,electricity,2.49,kWh
2024-04-25 19:00:00,water,43.664,L
2024-04-25 20:00:00,electricity,2.584,kWh
2024-04-25 20:00:00,water,34.614,L
2024-04-25 21:00:00,electricity,2.222,kWh
2024-04-25 21:00:00,water,25.499,L
2024-04-25 22:00:00,electricity,1.161,kWh
2024-04-25 22:00:00,water,23.244,L
2024-04-25 23:00:00,electricity,1.182,kWh
2024-04-25 23:00:00,water,24.967,L
2024-04-26 00:00:00,electricity,0.502,kWh
2024-04-26 00:00:00,water,3.067,L
2024-04-26 01:00:00,electricity,0.509,kWh
2024-04-26 01:00:00,water,3.467,L
2024-04-26 02:00:00,electricity,0.487,kWh
2024-04-26 02:00:00,water,3.08,L
2024-04-26 03:00:00,electricity,0.46,kWh
2024-04-26 03:00:00,water,2.466,L
2024-04-26 04:00:00,electricity,0.504,kWh
2024-04-26 04:00:00,water,3.523,L
2024-04-26 05:00:00,electricity,0.538,kWh
2024-04-26 05:00:00,water,2.659,L
2024-04-26 06:00:00,electricity,1.818,kWh
2024-04-26 06:00:00,water,51.767,L
2024-04-26 07:00:00,electricity,1.62,kWh
2024-04-26 07:00:00,water,44.513,L
2024-04-26 08:00:00,electricity,1.645,kWh
2024-04-26 08:00:00,water,51.35,L
2024-04-26 09:00:00,electricity,1.557,kWh
2024-04-26 09:00:00,water,51.128,L
2024-04-26 10:00:00,electricity,1.316,kWh
2024-04-26 10:00:00,water,18.929,L
2024-04-26 11:00:00,electricity,1.208,kWh
2024-04-26 11:00:00,water,19.098,L
2024-04-26 12:00:00,electricity,1.396,kWh
2024-04-26 12:00:00,water,18.913,L
2024-04-26 13:00:00,electricity,1.084,kWh
2024-04-26 13:00:00,water,13.65,L
2024-04-26 14:00:00,electricity,1.273,kWh
2024-04-26 14:00:00,water,18.256,L
2024-04-26 15:00:00,electricity,1.36,kWh
2024-04-26 15:00:00,water,15.589,L
2024-04-26 16:00:00,electricity,1.344,kWh
2024-04-26 16:00:00,water,18.37,L
2024-04-26 17:00:00,electricity,3.016,kWh
2024-04-26 17:00:00,water,32.357,L
2024-04-26 18:00:00,electricity,2.459,kWh
2024-04-26 18:00:00,water,32.168,L
2024-04-26 19:00:00,electricity,2.137,kWh
2024-04-26 19:00:00,water,44.722,L
2024-04-26 20:00:00,electricity,2.353,kWh
2024-04-26 20:00:00,water,42.313,L
2024-04-26 21:00:00,electricity,1.954,kWh
2024-04-26 21:00:00,water,22.489,L
2024-04-26 22:00:00,electricity,1.309,kWh
2024-04-26 22:00:00,water,22.999,L
2024-04-26 23:00:00,electricity,1.21,kWh
2024-04-26 23:00:00,water,21.831,L
2024-04-27 00:00:00,electricity,0.472,kWh
2024-04-27 00:00:00,water,4.167,L
2024-04-27 01:00:00,electricity,0.408,kWh
2024-04-27 01:00:00,water,3.584,L
2024-04-27 02:00:00,electricity,0.427,kWh
2024-04-27 02:00:00,water,4.365,L
2024-04-27 03:00:00,electricity,0.405,kWh
2024-04-27 03:00:00,water,3.782,L
2024-04-27 04:00:00,electricity,0.507,kWh
2024-04-27 04:00:00,water,3.704,L
2024-04-27 05:00:00,electricity,0.418,kWh
2024-04-27 05:00:00,water,3.91,L
2024-04-27 06:00:00,electricity,1.661,kWh
2024-04-27 06:00:00,water,54.35,L
2024-04-27 07:00:00,electricity,1.518,kWh
2024-04-27 07:00:00,water,60.807,L
2024-04-27 08:00:00,electricity,1.472,kWh
2024-04-27 08:00:00,water,54.728,L
2024-04-27 09:00:00,electricity,1.456,kWh
2024-04-27 09:00:00,water,61.789,L
2024-04-27 10:00:00,electricity,1.123,kWh
2024-04-27 10:00:00,water,26.815,L
2024-04-27 11:00:00,electricity,0.872,kWh
2024-04-27 11:00:00,water,21.38,L
2024-04-27 12:00:00,electricity,1.05,kWh
2024-04-27 12:00:00,water,23.033,L
2024-04-27 13:00:00,electricity,1.171,kWh
2024-04-27 13:00:00,water,24.695,L
2024-04-27 14:00:00,electricity,1.075,kWh
2024-04-27 14:00:00,water,22.176,L
2024-04-27 15:00:00,electricity,0.928,kWh
2024-04-27 15:00:00,water,24.704,L
2024-04-27 16:00:00,electricity,1.074,kWh
2024-04-27 16:00:00,water,24.96,L
2024-04-27 17:00:00,electricity,2.275,kWh
2024-04-27 17:00:00,water,55.087,L
2024-04-27 18:00:00,electricity,2.186,kWh
2024-04-27 18:00:00,water,45.205,L
2024-04-27 19:00:00,electricity,1.932,kWh
2024-04-27 19:00:00,water,43.235,L
2024-04-27 20:00:00,electricity,2.129,kWh
2024-04-27 20:00:00,water,46.951,L
2024-04-27 21:00:00,electricity,1.873,kWh
2024-04-27 21:00:00,water,25.853,L
2024-04-27 22:00:00,electricity,0.896,kWh
2024-04-27 22:00:00,water,31.231,L
2024-04-27 23:00:00,electricity,0.98,kWh
2024-04-27 23:00:00,water,25.172,L
2024-04-28 00:00:00,electricity,0.5,kWh
2024-04-28 00:00:00,water,4.992,L
2024-04-28 01:00:00,electricity,0.42,kWh
2024-04-28 01:00:00,water,4.506,L
2024-04-28 02:00:00,electricity,0.421,kWh
2024-04-28 02:00:00,water,3.906,L
2024-04-28 03:00:00,electricity,0.419,kWh
2024-04-28 03:00:00,water,4.306,L
2024-04-28 04:00:00,electricity,0.514,kWh
2024-04-28 04:00:00,water,3.134,L
2024-04-28 05:00:00,electricity,0.502,kWh
2024-04-28 05:00:00,water,5.081,L
2024-04-28 06:00:00,electricity,1.716,kWh
2024-04-28 06:00:00,water,54.357,L
2024-04-28 07:00:00,electricity,1.382,kWh
2024-04-28 07:00:00,water,57.654,L
2024-04-28 08:00:00,electricity,1.446,kWh
2024-04-28 08:00:00,water,45.471,L
2024-04-28 09:00:00,electricity,1.191,kWh
2024-04-28 09:00:00,water,61.914,L
2024-04-28 10:00:00,electricity,1.24,kWh
2024-04-28 10:00:00,water,20.293,L
2024-04-28 11:00:00,electricity,0.954,kWh
2024-04-28 11:00:00,water,23.685,L
2024-04-28 12:00:00,electricity,1.103,kWh
2024-04-28 12:00:00,water,21.872,L
2024-04-28 13:00:00,electricity,0.961,kWh
2024-04-28 13:00:00,water,20.374,L
2024-04-28 14:00:00,electricity,1.016,kWh
2024-04-28 14:00:00,water,21.141,L
2024-04-28 15:00:00,electricity,0.99,kWh
2024-04-28 15:00:00,water,24.034,L
2024-04-28 16:00:00,electricity,1.014,kWh
2024-04-28 16:00:00,water,19.802,L
2024-04-28 17:00:00,electricity,1.839,kWh
2024-04-28 17:00:00,water,44.369,L
2024-04-28 18:00:00,electricity,1.837,kWh
2024-04-28 18:00:00,water,52.63,L
2024-04-28 19:00:00,electricity,2.106,kWh
2024-04-28 19:00:00,water,63.975,L
2024-04-28 20:00:00,electricity,1.729,kWh
2024-04-28 20:00:00,water,51.544,L
2024-04-28 21:00:00,electricity,1.987,kWh
2024-04-28 21:00:00,water,26.03,L
2024-04-28 22:00:00,electricity,1.212,kWh
2024-04-28 22:00:00,water,27.961,L
2024-04-28 23:00:00,electricity,1.025,kWh
2024-04-28 23:00:00,water,29.361,L
2024-04-29 00:00:00,electricity,0.49,kWh
2024-04-29 00:00:00,water,2.874,L
2024-04-29 01:00:00,electricity,0.516,kWh
2024-04-29 01:00:00,water,3.325,L
2024-04-29 02:00:00,electricity,0.59,kWh
2024-04-29 02:00:00,water,3.078,L
2024-04-29 03:00:00,electricity,0.538,kWh
2024-04-29 03:00:00,water,3.327,L
2024-04-29 04:00:00,electricity,0.5,kWh
2024-04-29 04:00:00,water,2.887,L
2024-04-29 05:00:00,electricity,0.554,kWh
2024-04-29 05:00:00,water,3.477,L
2024-04-29 06:00:00,electricity,1.527,kWh
2024-04-29 06:00:00,water,44.101,L
2024-04-29 07:00:00,electricity,1.833,kWh
2024-04-29 07:00:00,water,39.756,L
2024-04-29 08:00:00,electricity,1.786,kWh
2024-04-29 08:00:00,water,56.758,L
2024-04-29 09:00:00,electricity,1.663,kWh
2024-04-29 09:00:00,water,35.145,L
2024-04-29 10:00:00,electricity,1.209,kWh
2024-04-29 10:00:00,water,16.404,L
2024-04-29 11:00:00,electricity,1.203,kWh
2024-04-29 11:00:00,water,16.646,L
2024-04-29 12:00:00,electricity,1.391,kWh
2024-04-29 12:00:00,water,23.418,L
2024-04-29 13:00:00,electricity,1.482,kWh
2024-04-29 13:00:00,water,21.903,L
2024-04-29 14:00:00,electricity,1.236,kWh
2024-04-29 14:00:00,water,21.227,L
2024-04-29 15:00:00,electricity,1.381,kWh
2024-04-29 15:00:00,water,17.286,L
2024-04-29 16:00:00,electricity,1.045,kWh
2024-04-29 16:00:00,water,23.241,L
2024-04-29 17:00:00,electricity,2.237,kWh
2024-04-29 17:00:00,water,39.158,L
2024-04-29 18:00:00,electricity,2.369,kWh
2024-04-29 18:00:00,water,41.898,L
2024-04-29 19:00:00,electricity,2.16,kWh
2024-04-29 19:00:00,water,38.309,L
2024-04-29 20:00:00,electricity,2.153,kWh
2024-04-29 20:00:00,water,37.277,L
2024-04-29 21:00:00,electricity,2.217,kWh
2024-04-29 21:00:00,water,21.82,L
2024-04-29 22:00:00,electricity,1.359,kWh
2024-04-29 22:00:00,water,21.934,L
2024-04-29 23:00:00,electricity,1.295,kWh
2024-04-29 23:00:00,water,24.143,L
2024-04-30 00:00:00,electricity,0.41,kWh
2024-04-30 00:00:00,water,3.132,L
2024-04-30 01:00:00,electricity,0.416,kWh
2024-04-30 01:00:00,water,2.989,L
2024-04-30 02:00:00,electricity,0.496,kWh
2024-04-30 02:00:00,water,3.543,L
2024-04-30 03:00:00,electricity,0.552,kWh
2024-04-30 03:00:00,water,1.932,L
2024-04-30 04:00:00,electricity,0.383,kWh
2024-04-30 04:00:00,water,3.184,L
2024-04-30 05:00:00,electricity,0.502,kWh
2024-04-30 05:00:00,water,3.258,L
2024-04-30 06:00:00,electricity,1.626,kWh
2024-04-30 06:00:00,water,51.194,L
2024-04-30 07:00:00,electricity,1.954,kWh
2024-04-30 07:00:00,water,44.65,L
2024-04-30 08:00:00,electricity,1.65,kWh
2024-04-30 08:00:00,water,46.123,L
2024-04-30 09:00:00,electricity,1.782,kWh
2024-04-30 09:00:00,water,50.324,L
2024-04-30 10:00:00,electricity,1.339,kWh
2024-04-30 10:00:00,water,21.221,L
2024-04-30 11:00:00,electricity,1.039,kWh
2024-04-30 11:00:00,water,17.351,L
2024-04-30 12:00:00,electricity,1.421,kWh
2024-04-30 12:00:00,water,18.577,L
2024-04-30 13:00:00,electricity,1.348,kWh
2024-04-30 13:00:00,water,21.626,L
2024-04-30 14:00:00,electricity,1.387,kWh
2024-04-30 14:00:00,water,13.412,L
2024-04-30 15:00:00,electricity,1.838,kWh
2024-04-30 15:00:00,water,16.51,L
2024-04-30 16:00:00,electricity,1.045,kWh
2024-04-30 16:00:00,water,21.166,L
2024-04-30 17:00:00,electricity,2.786,kWh
2024-04-30 17:00:00,water,42.416,L
2024-04-30 18:00:00,electricity,2.308,kWh
2024-04-30 18:00:00,water,39.851,L
2024-04-30 19:00:00,electricity,2.444,kWh
2024-04-30 19:00:00,water,35.481,L
2024-04-30 20:00:00,electricity,2.365,kWh
2024-04-30 20:00:00,water,33.532,L
2024-04-30 21:00:00,electricity,2.275,kWh
2024-04-30 21:00:00,water,20.904,L
2024-04-30 22:00:00,electricity,1.245,kWh
2024-04-30 22:00:00,water,26.68,L
2024-04-30 23:00:00,electricity,1.363,kWh
2024-04-30 23:00:00,water,20.803,L
2024-05-01 00:00:00,electricity,0.448,kWh
2024-05-01 00:00:00,water,4.251,L
2024-05-01 01:00:00,electricity,0.568,kWh
2024-05-01 01:00:00,water,3.82,L
2024-05-01 02:00:00,electricity,0.506,kWh
2024-05-01 02:00:00,water,4.625,L
2024-05-01 03:00:00,electricity,0.468,kWh
2024-05-01 03:00:00,water,3.928,L
2024-05-01 04:00:00,electricity,0.504,kWh
2024-05-01 04:00:00,water,4.151,L
2024-05-01 05:00:00,electricity,0.594,kWh
2024-05-01 05:00:00,water,3.352,L
2024-05-01 06:00:00,electricity,1.624,kWh
2024-05-01 06:00:00,water,50.803,L
2024-05-01 07:00:00,electricity,1.778,kWh
2024-05-01 07:00:00,water,63.058,L
2024-05-01 08:00:00,electricity,1.591,kWh
2024-05-01 08:00:00,water,52.982,L
2024-05-01 09:00:00,electricity,1.846,kWh
2024-05-01 09:00:00,water,78.914,L
2024-05-01 10:00:00,electricity,1.41,kWh
2024-05-01 10:00:00,water,18.966,L
2024-05-01 11:00:00,electricity,1.564,kWh
2024-05-01 11:00:00,water,22.78,L
2024-05-01 12:00:00,electricity,1.297,kWh
2024-05-01 12:00:00,water,25.251,L
2024-05-01 13:00:00,electricity,1.408,kWh
2024-05-01 13:00:00,water,24.096,L
2024-05-01 14:00:00,electricity,1.333,kWh
2024-05-01 14:00:00,water,21.861,L
2024-05-01 15:00:00,electricity,1.491,kWh
2024-05-01 15:00:00,water,22.303,L
2024-05-01 16:00:00,electricity,1.225,kWh
2024-05-01 16:00:00,water,22.204,L
2024-05-01 17:00:00,electricity,2.553,kWh
2024-05-01 17:00:00,water,50.694,L
2024-05-01 18:00:00,electricity,2.33,kWh
2024-05-01 18:00:00,water,64.797,L
2024-05-01 19:00:00,electricity,2.361,kWh
2024-05-01 19:00:00,water,52.991,L
2024-05-01 20:00:00,electricity,2.398,kWh
2024-05-01 20:00:00,water,59.952,L
2024-05-01 21:00:00,electricity,2.436,kWh
2024-05-01 21:00:00,water,33.416,L
2024-05-01 22:00:00,electricity,1.305,kWh
2024-05-01 22:00:00,water,35.71,L
2024-05-01 23:00:00,electricity,1.348,kWh
2024-05-01 23:00:00,water,20.916,L
2024-05-02 00:00:00,electricity,0.611,kWh
2024-05-02 00:00:00,water,4.047,L
2024-05-02 01:00:00,electricity,0.58,kWh
2024-05-02 01:00:00,water,4.859,L
2024-05-02 02:00:00,electricity,0.574,kWh
2024-05-02 02:00:00,water,3.912,L
2024-05-02 03:00:00,electricity,0.504,kWh
2024-05-02 03:00:00,water,5.088,L
2024-05-02 04:00:00,electricity,0.481,kWh
2024-05-02 04:00:00,water,4.948,L
2024-05-02 05:00:00,electricity,0.578,kWh
2024-05-02 05:00:00,water,3.964,L
2024-05-02 06:00:00,electricity,1.866,kWh
2024-05-02 06:00:00,water,59.196,L
2024-05-02 07:00:00,electricity,1.969,kWh
2024-05-02 07:00:00,water,55.337,L
2024-05-02 08:00:00,electricity,1.612,kWh
2024-05-02 08:00:00,water,58.24,L
2024-05-02 09:00:00,electricity,1.677,kWh
2024-05-02 09:00:00,water,53.682,L
2024-05-02 10:00:00,electricity,1.104,kWh
2024-05-02 10:00:00,water,26.497,L
2024-05-02 11:00:00,electricity,1.268,kWh
2024-05-02 11:00:00,water,20.797,L
2024-05-02 12:00:00,electricity,1.452,kWh
2024-05-02 12:00:00,water,27.026,L
2024-05-02 13:00:00,electricity,1.258,kWh
2024-05-02 13:00:00,water,27.099,L
2024-05-02 14:00:00,electricity,1.405,kWh
2024-05-02 14:00:00,water,20.177,L
2024-05-02 15:00:00,electricity,1.295,kWh
2024-05-02 15:00:00,water,29.887,L
2024-05-02 16:00:00,electricity,1.363,kWh
2024-05-02 16:00:00,water,26.753,L
2024-05-02 17:00:00,electricity,2.103,kWh
2024-05-02 17:00:00,water,57.223,L
2024-05-02 18:00:00,electricity,2.396,kWh
2024-05-02 18:00:00,water,47.72,L
2024-05-02 19:00:00,electricity,1.665,kWh
2024-05-02 19:00:00,water,56.421,L
2024-05-02 20:00:00,electricity,2.332,kWh
2024-05-02 20:00:00,water,59.596,L
2024-05-02 21:00:00,electricity,1.989,kWh
2024-05-02 21:00:00,water,31.127,L
2024-05-02 22:00:00,electricity,1.479,kWh
2024-05-02 22:00:00,water,39.067,L
2024-05-02 23:00:00,electricity,1.423,kWh
2024-05-02 23:00:00,water,31.667,L
2024-05-03 00:00:00,electricity,0.553,kWh
2024-05-03 00:00:00,water,4.775,L
2024-05-03 01:00:00,electricity,0.608,kWh
2024-05-03 01:00:00,water,4.348,L
2024-05-03 02:00:00,electricity,0.478,kWh
2024-05-03 02:00:00,water,4.495,L
2024-05-03 03:00:00,electricity,0.62,kWh
2024-05-03 03:00:00,water,3.358,L
2024-05-03 04:00:00,electricity,0.577,kWh
2024-05-03 04:00:00,water,4.387,L
2024-05-03 05:00:00,electricity,0.516,kWh
2024-05-03 05:00:00,water,3.83,L
2024-05-03 06:00:00,electricity,1.911,kWh
2024-05-03 06:00:00,water,56.601,L
2024-05-03 07:00:00,electricity,1.526,kWh
2024-05-03 07:00:00,water,76.185,L
2024-05-03 08:00:00,electricity,1.575,kWh
2024-05-03 08:00:00,water,61.384,L
2024-05-03 09:00:00,electricity,1.612,kWh
2024-05-03 09:00:00,water,55.415,L
2024-05-03 10:00:00,electricity,1.25,kWh
2024-05-03 10:00:00,water,24.114,L
2024-05-03 11:00:00,electricity,1.181,kWh
2024-05-03 11:00:00,water,21.267,L
2024-05-03 12:00:00,electricity,1.481,kWh
2024-05-03 12:00:00,water,29.536,L
2024-05-03 13:00:00,electricity,1.286,kWh
2024-05-03 13:00:00,water,23.096,L
2024-05-03 14:00:00,electricity,1.367,kWh
2024-05-03 14:00:00,water,26.801,L
2024-05-03 15:00:00,electricity,1.245,kWh
2024-05-03 15:00:00,water,29.301,L
2024-05-03 16:00:00,electricity,1.08,kWh
2024-05-03 16:00:00,water,23.688,L
2024-05-03 17:00:00,electricity,2.44,kWh
2024-05-03 17:00:00,water,55.852,L
2024-05-03 18:00:00,electricity,1.922,kWh
2024-05-03 18:00:00,water,46.01,L
2024-05-03 19:00:00,electricity,2.36,kWh
2024-05-03 19:00:00,water,67.908,L
2024-05-03 20:00:00,electricity,2.051,kWh
2024-05-03 20:00:00,water,58.399,L
2024-05-03 21:00:00,electricity,2.848,kWh
2024-05-03 21:00:00,water,30.772,L
2024-05-03 22:00:00,electricity,1.44,kWh
2024-05-03 22:00:00,water,28.579,L
2024-05-03 23:00:00,electricity,1.334,kWh
2024-05-03 23:00:00,water,31.069,L
2024-05-04 00:00:00,electricity,0.487,kWh
2024-05-04 00:00:00,water,5.237,L
2024-05-04 01:00:00,electricity,0.395,kWh
2024-05-04 01:00:00,water,6.74,L
2024-05-04 02:00:00,electricity,0.455,kWh
2024-05-04 02:00:00,water,4.657,L
2024-05-04 03:00:00,electricity,0.441,kWh
2024-05-04 03:00:00,water,5.548,L
2024-05-04 04:00:00,electricity,0.443,kWh
2024-05-04 04:00:00,water,5.448,L
2024-05-04 05:00:00,electricity,0.487,kWh
2024-05-04 05:00:00,water,5.383,L
2024-05-04 06:00:00,electricity,1.507,kWh
2024-05-04 06:00:00,water,80.833,L
2024-05-04 07:00:00,electricity,1.445,kWh
2024-05-04 07:00:00,water,80.759,L
2024-05-04 08:00:00,electricity,1.172,kWh
2024-05-04 08:00:00,water,90.48,L
2024-05-04 09:00:00,electricity,1.269,kWh
2024-05-04 09:00:00,water,87.885,L
2024-05-04 10:00:00,electricity,1.067,kWh
2024-05-04 10:00:00,water,34.407,L
2024-05-04 11:00:00,electricity,1.09,kWh
2024-05-04 11:00:00,water,20.833,L
2024-05-04 12:00:00,electricity,0.958,kWh
2024-05-04 12:00:00,water,33.939,L
2024-05-04 13:00:00,electricity,1.34,kWh
2024-05-04 13:00:00,water,26.251,L
2024-05-04 14:00:00,electricity,1.244,kWh
2024-05-04 14:00:00,water,35.301,L
2024-05-04 15:00:00,electricity,1.145,kWh
2024-05-04 15:00:00,water,38.557,L
2024-05-04 16:00:00,electricity,1.088,kWh
2024-05-04 16:00:00,water,29.119,L
2024-05-04 17:00:00,electricity,1.903,kWh
2024-05-04 17:00:00,water,66.106,L
2024-05-04 18:00:00,electricity,1.759,kWh
2024-05-04 18:00:00,water,63.341,L
2024-05-04 19:00:00,electricity,1.959,kWh
2024-05-04 19:00:00,water,78.368,L
2024-05-04 20:00:00,electricity,1.994,kWh
2024-05-04 20:00:00,water,69.028,L
2024-05-04 21:00:00,electricity,1.703,kWh
2024-05-04 21:00:00,water,49.443,L
2024-05-04 22:00:00,electricity,1.116,kWh
2024-05-04 22:00:00,water,42.983,L
2024-05-04 23:00:00,electricity,1.063,kWh
2024-05-04 23:00:00,water,42.141,L
2024-05-05 00:00:00,electricity,0.35,kWh
2024-05-05 00:00:00,water,5.505,L
2024-05-05 01:00:00,electricity,0.395,kWh
2024-05-05 01:00:00,water,5.996,L
2024-05-05 02:00:00,electricity,0.414,kWh
2024-05-05 02:00:00,water,4.321,L
2024-05-05 03:00:00,electricity,0.514,kWh
2024-05-05 03:00:00,water,5.516,L
2024-05-05 04:00:00,electricity,0.456,kWh
2024-05-05 04:00:00,water,5.414,L
2024-05-05 05:00:00,electricity,0.374,kWh
2024-05-05 05:00:00,water,5.935,L
2024-05-05 06:00:00,electricity,1.472,kWh
2024-05-05 06:00:00,water,80.055,L
2024-05-05 07:00:00,electricity,1.187,kWh
2024-05-05 07:00:00,water,71.691,L
2024-05-05 08:00:00,electricity,1.556,kWh
2024-05-05 08:00:00,water,81.972,L
2024-05-05 09:00:00,electricity,1.338,kWh
2024-05-05 09:00:00,water,71.258,L
2024-05-05 10:00:00,electricity,1.07,kWh
2024-05-05 10:00:00,water,25.191,L
2024-05-05 11:00:00,electricity,1.223,kWh
2024-05-05 11:00:00,water,35.618,L
2024-05-05 12:00:00,electricity,0.941,kWh
2024-05-05 12:00:00,water,35.036,L
2024-05-05 13:00:00,electricity,0.929,kWh
2024-05-05 13:00:00,water,34.596,L
2024-05-05 14:00:00,electricity,1.017,kWh
2024-05-05 14:00:00,water,37.882,L
2024-05-05 15:00:00,electricity,1.192,kWh
2024-05-05 15:00:00,water,30.146,L
2024-05-05 16:00:00,electricity,0.916,kWh
2024-05-05 16:00:00,water,27.134,L
2024-05-05 17:00:00,electricity,1.393,kWh
2024-05-05 17:00:00,water,67.676,L
2024-05-05 18:00:00,electricity,1.856,kWh
2024-05-05 18:00:00,water,65.404,L
2024-05-05 19:00:00,electricity,2.051,kWh
2024-05-05 19:00:00,water,61.352,L
2024-05-05 20:00:00,electricity,2.177,kWh
2024-05-05 20:00:00,water,67.596,L
2024-05-05 21:00:00,electricity,1.854,kWh
2024-05-05 21:00:00,water,37.945,L
2024-05-05 22:00:00,electricity,1.036,kWh
2024-05-05 22:00:00,water,31.928,L
2024-05-05 23:00:00,electricity,1.205,kWh
2024-05-05 23:00:00,water,38.782,L
2024-05-06 00:00:00,electricity,0.429,kWh
2024-05-06 00:00:00,water,3.627,L
2024-05-06 01:00:00,electricity,0.507,kWh
2024-05-06 01:00:00,water,4.317,L
2024-05-06 02:00:00,electricity,0.538,kWh
2024-05-06 02:00:00,water,3.869,L
2024-05-06 03:00:00,electricity,0.552,kWh
2024-05-06 03:00:00,water,4.76,L
2024-05-06 04:00:00,electricity,0.501,kWh
2024-05-06 04:00:00,water,5.008,L
2024-05-06 05:00:00,electricity,0.53,kWh
2024-05-06 05:00:00,water,4.542,L
2024-05-06 06:00:00,electricity,1.289,kWh
2024-05-06 06:00:00,water,51.274,L
2024-05-06 07:00:00,electricity,1.603,kWh
2024-05-06 07:00:00,water,74.379,L
2024-05-06 08:00:00,electricity,1.794,kWh
2024-05-06 08:00:00,water,74.912,L
2024-05-06 09:00:00,electricity,1.547,kWh
2024-05-06 09:00:00,water,63.142,L
2024-05-06 10:00:00,electricity,1.328,kWh
2024-05-06 10:00:00,water,29.201,L
2024-05-06 11:00:00,electricity,1.379,kWh
2024-05-06 11:00:00,water,23.532,L
2024-05-06 12:00:00,electricity,1.275,kWh
2024-05-06 12:00:00,water,19.556,L
2024-05-06 13:00:00,electricity,1.343,kWh
2024-05-06 13:00:00,water,22.901,L
2024-05-06 14:00:00,electricity,1.193,kWh
2024-05-06 14:00:00,water,30.429,L
2024-05-06 15:00:00,electricity,1.293,kWh
2024-05-06 15:00:00,water,20.691,L
2024-05-06 16:00:00,electricity,1.401,kWh
2024-05-06 16:00:00,water,25.199,L
2024-05-06 17:00:00,electricity,2.413,kWh
2024-05-06 17:00:00,water,52.715,L
2024-05-06 18:00:00,electricity,2.237,kWh
2024-05-06 18:00:00,water,49.268,L
2024-05-06 19:00:00,electricity,2.429,kWh
2024-05-06 19:00:00,water,49.706,L
2024-05-06 20:00:00,electricity,2.546,kWh
2024-05-06 20:00:00,water,52.955,L
2024-05-06 21:00:00,electricity,1.889,kWh
2024-05-06 21:00:00,water,29.375,L
2024-05-06 22:00:00,electricity,1.473,kWh
2024-05-06 22:00:00,water,26.125,L
2024-05-06 23:00:00,electricity,1.276,kWh
2024-05-06 23:00:00,water,32.313,L
2024-05-07 00:00:00,electricity,0.55,kWh
2024-05-07 00:00:00,water,4.741,L
2024-05-07 01:00:00,electricity,0.591,kWh
2024-05-07 01:00:00,water,4.638,L
2024-05-07 02:00:00,electricity,0.456,kWh
2024-05-07 02:00:00,water,3.792,L
2024-05-07 03:00:00,electricity,0.491,kWh
2024-05-07 03:00:00,water,3.569,L
2024-05-07 04:00:00,electricity,0.513,kWh
2024-05-07 04:00:00,water,4.057,L
2024-05-07 05:00:00,electricity,0.487,kWh
2024-05-07 05:00:00,water,4.99,L
2024-05-07 06:00:00,electricity,2.014,kWh
2024-05-07 06:00:00,water,67.881,L
2024-05-07 07:00:00,electricity,1.569,kWh
2024-05-07 07:00:00,water,68.322,L
2024-05-07 08:00:00,electricity,1.621,kWh
2024-05-07 08:00:00,water,69.727,L
2024-05-07 09:00:00,electricity,1.751,kWh
2024-05-07 09:00:00,water,66.181,L
2024-05-07 10:00:00,electricity,1.161,kWh
2024-05-07 10:00:00,water,25.565,L
2024-05-07 11:00:00,electricity,1.268,kWh
2024-05-07 11:00:00,water,27.203,L
2024-05-07 12:00:00,electricity,1.362,kWh
2024-05-07 12:00:00,water,23.548,L
2024-05-07 13:00:00,electricity,1.276,kWh
2024-05-07 13:00:00,water,20.923,L
2024-05-07 14:00:00,electricity,1.308,kWh
2024-05-07 14:00:00,water,27.386,L
2024-05-07 15:00:00,electricity,1.25,kWh
2024-05-07 15:00:00,water,28.943,L
2024-05-07 16:00:00,electricity,1.12,kWh
2024-05-07 16:00:00,water,21.818,L
2024-05-07 17:00:00,electricity,2.452,kWh
2024-05-07 17:00:00,water,57.678,L
2024-05-07 18:00:00,electricity,2.793,kWh
2024-05-07 18:00:00,water,63.089,L
2024-05-07 19:00:00,electricity,2.38,kWh
2024-05-07 19:00:00,water,52.486,L
2024-05-07 20:00:00,electricity,2.43,kWh
2024-05-07 20:00:00,water,47.347,L
2024-05-07 21:00:00,electricity,2.541,kWh
2024-05-07 21:00:00,water,31.965,L
2024-05-07 22:00:00,electricity,1.152,kWh
2024-05-07 22:00:00,water,29.419,L
2024-05-07 23:00:00,electricity,1.545,kWh
2024-05-07 23:00:00,water,29.169,L
2024-05-08 00:00:00,electricity,0.539,kWh
2024-05-08 00:00:00,water,4.418,L
2024-05-08 01:00:00,electricity,0.614,kWh
2024-05-08 01:00:00,water,3.392,L
2024-05-08 02:00:00,electricity,0.489,kWh
2024-05-08 02:00:00,water,3.472,L
2024-05-08 03:00:00,electricity,0.624,kWh
2024-05-08 03:00:00,water,4.21,L
2024-05-08 04:00:00,electricity,0.569,kWh
2024-05-08 04:00:00,water,4.189,L
2024-05-08 05:00:00,electricity,0.557,kWh
2024-05-08 05:00:00,water,4.373,L
2024-05-08 06:00:00,electricity,1.756,kWh
2024-05-08 06:00:00,water,77.177,L
2024-05-08 07:00:00,electricity,1.673,kWh
2024-05-08 07:00:00,water,63.79,L
2024-05-08 08:00:00,electricity,1.922,kWh
2024-05-08 08:00:00,water,67.522,L
2024-05-08 09:00:00,electricity,1.74,kWh
2024-05-08 09:00:00,water,55.625,L
2024-05-08 10:00:00,electricity,1.06,kWh
2024-05-08 10:00:00,water,27.522,L
2024-05-08 11:00:00,electricity,1.173,kWh
2024-05-08 11:00:00,water,23.608,L
2024-05-08 12:00:00,electricity,1.295,kWh
2024-05-08 12:00:00,water,25.416,L
2024-05-08 13:00:00,electricity,1.361,kWh
2024-05-08 13:00:00,water,24.871,L
2024-05-08 14:00:00,electricity,1.313,kWh
2024-05-08 14:00:00,water,28.324,L
2024-05-08 15:00:00,electricity,1.481,kWh
2024-05-08 15:00:00,water,21.239,L
2024-05-08 16:00:00,electricity,1.062,kWh
2024-05-08 16:00:00,water,18.295,L
2024-05-08 17:00:00,electricity,2.41,kWh
2024-05-08 17:00:00,water,51.155,L
2024-05-08 18:00:00,electricity,1.944,kWh
2024-05-08 18:00:00,water,55.452,L
2024-05-08 19:00:00,electricity,2.557,kWh
2024-05-08 19:00:00,water,53.459,L
2024-05-08 20:00:00,electricity,2.354,kWh
2024-05-08 20:00:00,water,60.263,L
2024-05-08 21:00:00,electricity,2.476,kWh
2024-05-08 21:00:00,water,33.153,L
2024-05-08 22:00:00,electricity,1.206,kWh
2024-05-08 22:00:00,water,29.369,L
2024-05-08 23:00:00,electricity,1.489,kWh
2024-05-08 23:00:00,water,22.71,L
2024-05-09 00:00:00,electricity,0.583,kWh
2024-05-09 00:00:00,water,4.08,L
2024-05-09 01:00:00,electricity,0.559,kWh
2024-05-09 01:00:00,water,4.718,L
2024-05-09 02:00:00,electricity,0.521,kWh
2024-05-09 02:00:00,water,4.002,L
2024-05-09 03:00:00,electricity,0.559,kWh
2024-05-09 03:00:00,water,4.214,L
2024-05-09 04:00:00,electricity,0.491,kWh
2024-05-09 04:00:00,water,4.412,L
2024-05-09 05:00:00,electricity,0.573,kWh
2024-05-09 05:00:00,water,3.688,L
2024-05-09 06:00:00,electricity,1.999,kWh
2024-05-09 06:00:00,water,67.712,L
2024-05-09 07:00:00,electricity,1.9,kWh
2024-05-09 07:00:00,water,75.377,L
2024-05-09 08:00:00,electricity,1.591,kWh
2024-05-09 08:00:00,water,61.694,L
2024-05-09 09:00:00,electricity,1.778,kWh
2024-05-09 09:00:00,water,54.464,L
2024-05-09 10:00:00,electricity,1.149,kWh
2024-05-09 10:00:00,water,24.999,L
2024-05-09 11:00:00,electricity,1.396,kWh
2024-05-09 11:00:00,water,18.473,L
2024-05-09 12:00:00,electricity,1.379,kWh
2024-05-09 12:00:00,water,26.219,L
2024-05-09 13:00:00,electricity,1.073,kWh
2024-05-09 13:00:00,water,26.568,L
2024-05-09 14:00:00,electricity,1.167,kWh
2024-05-09 14:00:00,water,30.267,L
2024-05-09 15:00:00,electricity,1.283,kWh
2024-05-09 15:00:00,water,24.613,L
2024-05-09 16:00:00,electricity,1.28,kWh
2024-05-09 16:00:00,water,26.435,L
2024-05-09 17:00:00,electricity,2.089,kWh
2024-05-09 17:00:00,water,47.074,L
2024-05-09 18:00:00,electricity,2.468,kWh
2024-05-09 18:00:00,water,50.255,L
2024-05-09 19:00:00,electricity,2.436,kWh
2024-05-09 19:00:00,water,42.891,L
2024-05-09 20:00:00,electricity,2.33,kWh
2024-05-09 20:00:00,water,51.273,L
2024-05-09 21:00:00,electricity,2.196,kWh
2024-05-09 21:00:00,water,30.346,L
2024-05-09 22:00:00,electricity,1.458,kWh
2024-05-09 22:00:00,water,32.631,L
2024-05-09 23:00:00,electricity,1.539,kWh
2024-05-09 23:00:00,water,29.143,L
2024-05-10 00:00:00,electricity,0.502,kWh
2024-05-10 00:00:00,water,4.242,L
2024-05-10 01:00:00,electricity,0.496,kWh
2024-05-10 01:00:00,water,4.032,L
2024-05-10 02:00:00,electricity,0.554,kWh
2024-05-10 02:00:00,water,4.033,L
2024-05-10 03:00:00,electricity,0.509,kWh
2024-05-10 03:00:00,water,4.241,L
2024-05-10 04:00:00,electricity,0.521,kWh
2024-05-10 04:00:00,water,4.22,L
2024-05-10 05:00:00,electricity,0.567,kWh
2024-05-10 05:00:00,water,4.584,L
2024-05-10 06:00:00,electricity,1.388,kWh
2024-05-10 06:00:00,water,62.088,L
2024-05-10 07:00:00,electricity,1.942,kWh
2024-05-10 07:00:00,water,60.355,L
2024-05-10 08:00:00,electricity,1.728,kWh
2024-05-10 08:00:00,water,61.633,L
2024-05-10 09:00:00,electricity,1.645,kWh
2024-05-10 09:00:00,water,57.597,L
2024-05-10 10:00:00,electricity,1.308,kWh
2024-05-10 10:00:00,water,24.112,L
2024-05-10 11:00:00,electricity,1.315,kWh
2024-05-10 11:00:00,water,31.342,L
2024-05-10 12:00:00,electricity,1.091,kWh
2024-05-10 12:00:00,water,22.44,L
2024-05-10 13:00:00,electricity,1.517,kWh
2024-05-10 13:00:00,water,24.357,L
2024-05-10 14:00:00,electricity,1.325,kWh
2024-05-10 14:00:00,water,24.028,L
2024-05-10 15:00:00,electricity,1.378,kWh
2024-05-10 15:00:00,water,24.453,L
2024-05-10 16:00:00,electricity,1.446,kWh
2024-05-10 16:00:00,water,24.198,L
2024-05-10 17:00:00,electricity,2.133,kWh
2024-05-10 17:00:00,water,54.259,L
2024-05-10 18:00:00,electricity,2.488,kWh
2024-05-10 18:00:00,water,41.726,L
2024-05-10 19:00:00,electricity,2.312,kWh
2024-05-10 19:00:00,water,59.034,L
2024-05-10 20:00:00,electricity,2.577,kWh
2024-05-10 20:00:00,water,56.485,L
2024-05-10 21:00:00,electricity,1.871,kWh
2024-05-10 21:00:00,water,26.802,L
2024-05-10 22:00:00,electricity,1.307,kWh
2024-05-10 22:00:00,water,22.923,L
2024-05-10 23:00:00,electricity,1.24,kWh
2024-05-10 23:00:00,water,27.807,L
2024-05-11 00:00:00,electricity,0.451,kWh
2024-05-11 00:00:00,water,5.301,L
2024-05-11 01:00:00,electricity,0.452,kWh
2024-05-11 01:00:00,water,7.151,L
2024-05-11 02:00:00,electricity,0.401,kWh
2024-05-11 02:00:00,water,5.816,L
2024-05-11 03:00:00,electricity,0.401,kWh
2024-05-11 03:00:00,water,4.276,L
2024-05-11 04:00:00,electricity,0.427,kWh
2024-05-11 04:00:00,water,5.008,L
2024-05-11 05:00:00,electricity,0.393,kWh
2024-05-11 05:00:00,water,5.425,L
2024-05-11 06:00:00,electricity,1.522,kWh
2024-05-11 06:00:00,water,84.393,L
2024-05-11 07:00:00,electricity,1.352,kWh
2024-05-11 07:00:00,water,68.979,L
2024-05-11 08:00:00,electricity,0.996,kWh
2024-05-11 08:00:00,water,80.573,L
2024-05-11 09:00:00,electricity,1.351,kWh
2024-05-11 09:00:00,water,74.847,L
2024-05-11 10:00:00,electricity,0.968,kWh
2024-05-11 10:00:00,water,28.421,L
2024-05-11 11:00:00,electricity,0.904,kWh
2024-05-11 11:00:00,water,33.781,L
2024-05-11 12:00:00,electricity,0.946,kWh
2024-05-11 12:00:00,water,35.802,L
2024-05-11 13:00:00,electricity,1.092,kWh
2024-05-11 13:00:00,water,36.066,L
2024-05-11 14:00:00,electricity,1.223,kWh
2024-05-11 14:00:00,water,35.018,L
2024-05-11 15:00:00,electricity,1.114,kWh
2024-05-11 15:00:00,water,30.805,L
2024-05-11 16:00:00,electricity,1.014,kWh
2024-05-11 16:00:00,water,35.569,L
2024-05-11 17:00:00,electricity,2.033,kWh
2024-05-11 17:00:00,water,70.781,L
2024-05-11 18:00:00,electricity,1.855,kWh
2024-05-11 18:00:00,water,69.347,L
2024-05-11 19:00:00,electricity,1.809,kWh
2024-05-11 19:00:00,water,63.24,L
2024-05-11 20:00:00,electricity,1.72,kWh
2024-05-11 20:00:00,water,64.181,L
2024-05-11 21:00:00,electricity,1.603,kWh
2024-05-11 21:00:00,water,41.313,L
2024-05-11 22:00:00,electricity,1.038,kWh
2024-05-11 22:00:00,water,52.94,L
2024-05-11 23:00:00,electricity,1.097,kWh
2024-05-11 23:00:00,water,42.43,L
2024-05-12 00:00:00,electricity,0.428,kWh
2024-05-12 00:00:00,water,5.06,L
2024-05-12 01:00:00,electricity,0.414,kWh
2024-05-12 01:00:00,water,4.915,L
2024-05-12 02:00:00,electricity,0.391,kWh
2024-05-12 02:00:00,water,5.138,L
2024-05-12 03:00:00,electricity,0.458,kWh
2024-05-12 03:00:00,water,6.887,L
2024-05-12 04:00:00,electricity,0.375,kWh
2024-05-12 04:00:00,water,5.198,L
2024-05-12 05:00:00,electricity,0.466,kWh
2024-05-12 05:00:00,water,6.054,L
2024-05-12 06:00:00,electricity,1.263,kWh
2024-05-12 06:00:00,water,78.205,L
2024-05-12 07:00:00,electricity,1.298,kWh
2024-05-12 07:00:00,water,84.467,L
2024-05-12 08:00:00,electricity,1.198,kWh
2024-05-12 08:00:00,water,89.681,L
2024-05-12 09:00:00,electricity,1.334,kWh
2024-05-12 09:00:00,water,76.279,L
2024-05-12 10:00:00,electricity,1.185,kWh
2024-05-12 10:00:00,water,30.24,L
2024-05-12 11:00:00,electricity,1.136,kWh
2024-05-12 11:00:00,water,39.281,L
2024-05-12 12:00:00,electricity,1.186,kWh
2024-05-12 12:00:00,water,36.631,L
2024-05-12 13:00:00,electricity,1.136,kWh
2024-05-12 13:00:00,water,35.868,L
2024-05-12 14:00:00,electricity,0.961,kWh
2024-05-12 14:00:00,water,35.855,L
2024-05-12 15:00:00,electricity,1.044,kWh
2024-05-12 15:00:00,water,34.567,L
2024-05-12 16:00:00,electricity,0.996,kWh
2024-05-12 16:00:00,water,40.692,L
2024-05-12 17:00:00,electricity,2.203,kWh
2024-05-12 17:00:00,water,68.61,L
2024-05-12 18:00:00,electricity,1.711,kWh
2024-05-12 18:00:00,water,72.978,L
2024-05-12 19:00:00,electricity,2.118,kWh
2024-05-12 19:00:00,water,56.367,L
2024-05-12 20:00:00,electricity,2.118,kWh
2024-05-12 20:00:00,water,61.494,L
2024-05-12 21:00:00,electricity,2.3,kWh
2024-05-12 21:00:00,water,35.049,L
2024-05-12 22:00:00,electricity,1.036,kWh
2024-05-12 22:00:00,water,47.211,L
2024-05-12 23:00:00,electricity,1.157,kWh
2024-05-12 23:00:00,water,28.407,L
2024-05-13 00:00:00,electricity,0.648,kWh
2024-05-13 00:00:00,water,3.997,L
2024-05-13 01:00:00,electricity,0.495,kWh
2024-05-13 01:00:00,water,2.691,L
2024-05-13 02:00:00,electricity,0.447,kWh
2024-05-13 02:00:00,water,3.781,L
2024-05-13 03:00:00,electricity,0.429,kWh
2024-05-13 03:00:00,water,3.953,L
2024-05-13 04:00:00,electricity,0.566,kWh
2024-05-13 04:00:00,water,4.898,L
2024-05-13 05:00:00,electricity,0.429,kWh
2024-05-13 05:00:00,water,4.4,L
2024-05-13 06:00:00,electricity,1.652,kWh
2024-05-13 06:00:00,water,56.701,L
2024-05-13 07:00:00,electricity,1.791,kWh
2024-05-13 07:00:00,water,71.059,L
2024-05-13 08:00:00,electricity,1.748,kWh
2024-05-13 08:00:00,water,63.135,L
2024-05-13 09:00:00,electricity,1.789,kWh
2024-05-13 09:00:00,water,63.284,L
2024-05-13 10:00:00,electricity,1.349,kWh
2024-05-13 10:00:00,water,21.563,L
2024-05-13 11:00:00,electricity,1.489,kWh
2024-05-13 11:00:00,water,22.206,L
2024-05-13 12:00:00,electricity,1.194,kWh
2024-05-13 12:00:00,water,22.705,L
2024-05-13 13:00:00,electricity,1.231,kWh
2024-05-13 13:00:00,water,25.34,L
2024-05-13 14:00:00,electricity,1.218,kWh
2024-05-13 14:00:00,water,25.436,L
2024-05-13 15:00:00,electricity,1.43,kWh
2024-05-13 15:00:00,water,29.869,L
2024-05-13 16:00:00,electricity,1.439,kWh
2024-05-13 16:00:00,water,26.364,L
2024-05-13 17:00:00,electricity,2.483,kWh
2024-05-13 17:00:00,water,35.442,L
2024-05-13 18:00:00,electricity,2.657,kWh
2024-05-13 18:00:00,water,54.155,L
2024-05-13 19:00:00,electricity,2.096,kWh
2024-05-13 19:00:00,water,43.365,L
2024-05-13 20:00:00,electricity,2.772,kWh
2024-05-13 20:00:00,water,46.414,L
2024-05-13 21:00:00,electricity,2.738,kWh
2024-05-13 21:00:00,water,28.43,L
2024-05-13 22:00:00,electricity,1.417,kWh
2024-05-13 22:00:00,water,28.993,L
2024-05-13 23:00:00,electricity,1.555,kWh
2024-05-13 23:00:00,water,26.302,L
2024-05-14 00:00:00,electricity,0.441,kWh
2024-05-14 00:00:00,water,4.303,L
2024-05-14 01:00:00,electricity,0.5,kWh
2024-05-14 01:00:00,water,3.489,L
2024-05-14 02:00:00,electricity,0.489,kWh
2024-05-14 02:00:00,water,4.38,L
2024-05-14 03:00:00,electricity,0.566,kWh
2024-05-14 03:00:00,water,5.327,L
2024-05-14 04:00:00,electricity,0.473,kWh
2024-05-14 04:00:00,water,3.53,L
2024-05-14 05:00:00,electricity,0.568,kWh
2024-05-14 05:00:00,water,4.057,L
2024-05-14 06:00:00,electricity,1.951,kWh
2024-05-14 06:00:00,water,43.923,L
2024-05-14 07:00:00,electricity,1.835,kWh
2024-05-14 07:00:00,water,60.725,L
2024-05-14 08:00:00,electricity,1.765,kWh
2024-05-14 08:00:00,water,67.859,L
2024-05-14 09:00:00,electricity,1.546,kWh
2024-05-14 09:00:00,water,68.448,L
2024-05-14 10:00:00,electricity,1.208,kWh
2024-05-14 10:00:00,water,25.434,L
2024-05-14 11:00:00,electricity,1.485,kWh
2024-05-14 11:00:00,water,27.889,L
2024-05-14 12:00:00,electricity,1.423,kWh
2024-05-14 12:00:00,water,32.899,L
2024-05-14 13:00:00,electricity,1.315,kWh
2024-05-14 13:00:00,water,30.378,L
2024-05-14 14:00:00,electricity,1.265,kWh
2024-05-14 14:00:00,water,23.62,L
2024-05-14 15:00:00,electricity,1.053,kWh
2024-05-14 15:00:00,water,20.812,L
2024-05-14 16:00:00,electricity,1.179,kWh
2024-05-14 16:00:00,water,23.972,L
2024-05-14 17:00:00,electricity,2.83,kWh
2024-05-14 17:00:00,water,46.534,L
2024-05-14 18:00:00,electricity,2.072,kWh
2024-05-14 18:00:00,water,55.343,L
2024-05-14 19:00:00,electricity,2.421,kWh
2024-05-14 19:00:00,water,45.058,L
2024-05-14 20:00:00,electricity,2.615,kWh
2024-05-14 20:00:00,water,52.041,L
2024-05-14 21:00:00,electricity,2.078,kWh
2024-05-14 21:00:00,water,34.668,L
2024-05-14 22:00:00,electricity,1.344,kWh
2024-05-14 22:00:00,water,31.119,L
2024-05-14 23:00:00,electricity,1.444,kWh
2024-05-14 23:00:00,water,27.923,L
2024-05-15 00:00:00,electricity,0.529,kWh
2024-05-15 00:00:00,water,4.792,L
2024-05-15 01:00:00,electricity,0.679,kWh
2024-05-15 01:00:00,water,3.253,L
2024-05-15 02:00:00,electricity,0.44,kWh
2024-05-15 02:00:00,water,4.035,L
2024-05-15 03:00:00,electricity,0.584,kWh
2024-05-15 03:00:00,water,4.179,L
2024-05-15 04:00:00,electricity,0.519,kWh
2024-05-15 04:00:00,water,4.208,L
2024-05-15 05:00:00,electricity,0.569,kWh
2024-05-15 05:00:00,water,4.291,L
2024-05-15 06:00:00,electricity,1.792,kWh
2024-05-15 06:00:00,water,67.615,L
2024-05-15 07:00:00,electricity,1.59,kWh
2024-05-15 07:00:00,water,62.732,L
2024-05-15 08:00:00,electricity,1.755,kWh
2024-05-15 08:00:00,water,60.217,L
2024-05-15 09:00:00,electricity,1.397,kWh
2024-05-15 09:00:00,water,59.919,L
2024-05-15 10:00:00,electricity,1.4,kWh
2024-05-15 10:00:00,water,23.351,L
2024-05-15 11:00:00,electricity,1.359,kWh
2024-05-15 11:00:00,water,27.582,L
2024-05-15 12:00:00,electricity,1.404,kWh
2024-05-15 12:00:00,water,23.245,L
2024-05-15 13:00:00,electricity,1.46,kWh
2024-05-15 13:00:00,water,27.761,L
2024-05-15 14:00:00,electricity,1.369,kWh
2024-05-15 14:00:00,water,25.257,L
2024-05-15 15:00:00,electricity,1.34,kWh
2024-05-15 15:00:00,water,23.624,L
2024-05-15 16:00:00,electricity,1.204,kWh
2024-05-15 16:00:00,water,27.07,L
2024-05-15 17:00:00,electricity,2.207,kWh
2024-05-15 17:00:00,water,47.917,L
2024-05-15 18:00:00,electricity,2.658,kWh
2024-05-15 18:00:00,water,56.521,L
2024-05-15 19:00:00,electricity,2.717,kWh
2024-05-15 19:00:00,water,53.84,L
2024-05-15 20:00:00,electricity,2.319,kWh
2024-05-15 20:00:00,water,48.743,L
2024-05-15 21:00:00,electricity,2.387,kWh
2024-05-15 21:00:00,water,33.498,L
2024-05-15 22:00:00,electricity,1.201,kWh
2024-05-15 22:00:00,water,33.566,L
2024-05-15 23:00:00,electricity,1.475,kWh
2024-05-15 23:00:00,water,35.875,L
2024-05-16 00:00:00,electricity,0.563,kWh
2024-05-16 00:00:00,water,4.687,L
2024-05-16 01:00:00,electricity,0.63,kWh
2024-05-16 01:00:00,water,4.448,L
2024-05-16 02:00:00,electricity,0.482,kWh
2024-05-16 02:00:00,water,3.632,L
2024-05-16 03:00:00,electricity,0.508,kWh
2024-05-16 03:00:00,water,5.434,L
2024-05-16 04:00:00,electricity,0.54,kWh
2024-05-16 04:00:00,water,3.493,L
2024-05-16 05:00:00,electricity,0.562,kWh
2024-05-16 05:00:00,water,4.678,L
2024-05-16 06:00:00,electricity,1.679,kWh
2024-05-16 06:00:00,water,66.261,L
2024-05-16 07:00:00,electricity,1.566,kWh
2024-05-16 07:00:00,water,54.123,L
2024-05-16 08:00:00,electricity,1.867,kWh
2024-05-16 08:00:00,water,62.06,L
2024-05-16 09:00:00,electricity,1.84,kWh
2024-05-16 09:00:00,water,62.405,L
2024-05-16 10:00:00,electricity,1.199,kWh
2024-05-16 10:00:00,water,29.148,L
2024-05-16 11:00:00,electricity,1.499,kWh
2024-05-16 11:00:00,water,23.043,L
2024-05-16 12:00:00,electricity,1.474,kWh
2024-05-16 12:00:00,water,24.408,L
2024-05-16 13:00:00,electricity,1.338,kWh
2024-05-16 13:00:00,water,18.136,L
2024-05-16 14:00:00,electricity,1.331,kWh
2024-05-16 14:00:00,water,30.446,L
2024-05-16 15:00:00,electricity,1.393,kWh
2024-05-16 15:00:00,water,21.963,L
2024-05-16 16:00:00,electricity,1.206,kWh
2024-05-16 16:00:00,water,26.189,L
2024-05-16 17:00:00,electricity,2.383,kWh
2024-05-16 17:00:00,water,51.861,L
2024-05-16 18:00:00,electricity,1.865,kWh
2024-05-16 18:00:00,water,51.883,L
2024-05-16 19:00:00,electricity,2.584,kWh
2024-05-16 19:00:00,water,57.602,L
2024-05-16 20:00:00,electricity,2.005,kWh
2024-05-16 20:00:00,water,63.029,L
2024-05-16 21:00:00,electricity,2.733,kWh
2024-05-16 21:00:00,water,32.451,L
2024-05-16 22:00:00,electricity,1.276,kWh
2024-05-16 22:00:00,water,33.976,L
2024-05-16 23:00:00,electricity,1.292,kWh
2024-05-16 23:00:00,water,32.743,L
2024-05-17 00:00:00,electricity,0.495,kWh
2024-05-17 00:00:00,water,4.713,L
2024-05-17 01:00:00,electricity,0.513,kWh
2024-05-17 01:00:00,water,3.967,L
2024-05-17 02:00:00,electricity,0.603,kWh
2024-05-17 02:00:00,water,4.742,L
2024-05-17 03:00:00,electricity,0.397,kWh
2024-05-17 03:00:00,water,4.76,L
2024-05-17 04:00:00,electricity,0.595,kWh
2024-05-17 04:00:00,water,4.746,L
2024-05-17 05:00:00,electricity,0.546,kWh
2024-05-17 05:00:00,water,3.867,L
2024-05-17 06:00:00,electricity,1.509,kWh
2024-05-17 06:00:00,water,61.727,L
2024-05-17 07:00:00,electricity,1.531,kWh
2024-05-17 07:00:00,water,64.81,L
2024-05-17 08:00:00,electricity,2.004,kWh
2024-05-17 08:00:00,water,52.636,L
2024-05-17 09:00:00,electricity,1.554,kWh
2024-05-17 09:00:00,water,75.058,L
2024-05-17 10:00:00,electricity,1.168,kWh
2024-05-17 10:00:00,water,25.163,L
2024-05-17 11:00:00,electricity,1.47,kWh
2024-05-17 11:00:00,water,26.059,L
2024-05-17 12:00:00,electricity,1.365,kWh
2024-05-17 12:00:00,water,23.455,L
2024-05-17 13:00:00,electricity,1.196,kWh
2024-05-17 13:00:00,water,21.188,L
2024-05-17 14:00:00,electricity,1.349,kWh
2024-05-17 14:00:00,water,23.373,L
2024-05-17 15:00:00,electricity,1.185,kWh
2024-05-17 15:00:00,water,25.863,L
2024-05-17 16:00:00,electricity,1.465,kWh
2024-05-17 16:00:00,water,27.236,L
2024-05-17 17:00:00,electricity,2.628,kWh
2024-05-17 17:00:00,water,53.519,L
2024-05-17 18:00:00,electricity,2.502,kWh
2024-05-17 18:00:00,water,54.684,L
2024-05-17 19:00:00,electricity,2.462,kWh
2024-05-17 19:00:00,water,50.377,L
2024-05-17 20:00:00,electricity,2.794,kWh
2024-05-17 20:00:00,water,55.626,L
2024-05-17 21:00:00,electricity,2.376,kWh
2024-05-17 21:00:00,water,37.105,L
2024-05-17 22:00:00,electricity,1.164,kWh
2024-05-17 22:00:00,water,34.164,L
2024-05-17 23:00:00,electricity,1.379,kWh
2024-05-17 23:00:00,water,34.56,L
2024-05-18 00:00:00,electricity,0.522,kWh
2024-05-18 00:00:00,water,5.653,L
2024-05-18 01:00:00,electricity,0.388,kWh
2024-05-18 01:00:00,water,4.475,L
2024-05-18 02:00:00,electricity,0.416,kWh
2024-05-18 02:00:00,water,4.776,L
2024-05-18 03:00:00,electricity,0.45,kWh
2024-05-18 03:00:00,water,5.758,L
2024-05-18 04:00:00,electricity,0.43,kWh
2024-05-18 04:00:00,water,5.453,L
2024-05-18 05:00:00,electricity,0.39,kWh
2024-05-18 05:00:00,water,5.748,L
2024-05-18 06:00:00,electricity,1.562,kWh
2024-05-18 06:00:00,water,98.376,L
2024-05-18 07:00:00,electricity,1.73,kWh
2024-05-18 07:00:00,water,89.035,L
2024-05-18 08:00:00,electricity,1.432,kWh
2024-05-18 08:00:00,water,94.272,L
2024-05-18 09:00:00,electricity,1.277,kWh
2024-05-18 09:00:00,water,82.831,L
2024-05-18 10:00:00,electricity,0.913,kWh
2024-05-18 10:00:00,water,29.587,L
2024-05-18 11:00:00,electricity,1.108,kWh
2024-05-18 11:00:00,water,32.533,L
2024-05-18 12:00:00,electricity,1.199,kWh
2024-05-18 12:00:00,water,29.596,L
2024-05-18 13:00:00,electricity,1.131,kWh
2024-05-18 13:00:00,water,38.886,L
2024-05-18 14:00:00,electricity,1.08,kWh
2024-05-18 14:00:00,water,35.867,L
2024-05-18 15:00:00,electricity,1.016,kWh
2024-05-18 15:00:00,water,34.806,L
2024-05-18 16:00:00,electricity,0.962,kWh
2024-05-18 16:00:00,water,37.619,L
2024-05-18 17:00:00,electricity,2.106,kWh
2024-05-18 17:00:00,water,51.706,L
2024-05-18 18:00:00,electricity,2.122,kWh
2024-05-18 18:00:00,water,73.067,L
2024-05-18 19:00:00,electricity,1.644,kWh
2024-05-18 19:00:00,water,57.516,L
2024-05-18 20:00:00,electricity,2.253,kWh
2024-05-18 20:00:00,water,68.191,L
2024-05-18 21:00:00,electricity,2.056,kWh
2024-05-18 21:00:00,water,39.418,L
2024-05-18 22:00:00,electricity,1.231,kWh
2024-05-18 22:00:00,water,44.202,L
2024-05-18 23:00:00,electricity,0.935,kWh
2024-05-18 23:00:00,water,42.071,L
2024-05-19 00:00:00,electricity,0.373,kWh
2024-05-19 00:00:00,water,6.341,L
2024-05-19 01:00:00,electricity,0.426,kWh
2024-05-19 01:00:00,water,5.066,L
2024-05-19 02:00:00,electricity,0.454,kWh
2024-05-19 02:00:00,water,5.925,L
2024-05-19 03:00:00,electricity,0.51,kWh
2024-05-19 03:00:00,water,5.566,L
2024-05-19 04:00:00,electricity,0.463,kWh
2024-05-19 04:00:00,water,4.389,L
2024-05-19 05:00:00,electricity,0.422,kWh
2024-05-19 05:00:00,water,4.858,L
2024-05-19 06:00:00,electricity,1.26,kWh
2024-05-19 06:00:00,water,80.427,L
2024-05-19 07:00:00,electricity,1.577,kWh
2024-05-19 07:00:00,water,92.832,L
2024-05-19 08:00:00,electricity,1.269,kWh
2024-05-19 08:00:00,water,86.457,L
2024-05-19 09:00:00,electricity,1.633,kWh
2024-05-19 09:00:00,water,70.426,L
2024-05-19 10:00:00,electricity,1.049,kWh
2024-05-19 10:00:00,water,32.208,L
2024-05-19 11:00:00,electricity,1.252,kWh
2024-05-19 11:00:00,water,40.692,L
2024-05-19 12:00:00,electricity,1.153,kWh
2024-05-19 12:00:00,water,33.197,L
2024-05-19 13:00:00,electricity,1.065,kWh
2024-05-19 13:00:00,water,31.473,L
2024-05-19 14:00:00,electricity,1.024,kWh
2024-05-19 14:00:00,water,34.693,L
2024-05-19 15:00:00,electricity,1.043,kWh
2024-05-19 15:00:00,water,35.761,L
2024-05-19 16:00:00,electricity,1.126,kWh
2024-05-19 16:00:00,water,30.967,L
2024-05-19 17:00:00,electricity,1.959,kWh
2024-05-19 17:00:00,water,72.366,L
2024-05-19 18:00:00,electricity,1.829,kWh
2024-05-19 18:00:00,water,65.556,L
2024-05-19 19:00:00,electricity,1.912,kWh
2024-05-19 19:00:00,water,74.141,L
2024-05-19 20:00:00,electricity,1.959,kWh
2024-05-19 20:00:00,water,69.64,L
2024-05-19 21:00:00,electricity,1.53,kWh
2024-05-19 21:00:00,water,43.318,L
2024-05-19 22:00:00,electricity,1.129,kWh
2024-05-19 22:00:00,water,37.219,L
2024-05-19 23:00:00,electricity,0.974,kWh
2024-05-19 23:00:00,water,36.914,L
2024-05-20 00:00:00,electricity,0.467,kWh
2024-05-20 00:00:00,water,4.677,L
2024-05-20 01:00:00,electricity,0.439,kWh
2024-05-20 01:00:00,water,4.16,L
2024-05-20 02:00:00,electricity,0.433,kWh
2024-05-20 02:00:00,water,4.344,L
2024-05-20 03:00:00,electricity,0.456,kWh
2024-05-20 03:00:00,water,4.046,L
2024-05-20 04:00:00,electricity,0.491,kWh
2024-05-20 04:00:00,water,4.653,L
2024-05-20 05:00:00,electricity,0.631,kWh
2024-05-20 05:00:00,water,3.894,L
2024-05-20 06:00:00,electricity,1.626,kWh
2024-05-20 06:00:00,water,61.975,L
2024-05-20 07:00:00,electricity,1.747,kWh
2024-05-20 07:00:00,water,68.942,L
2024-05-20 08:00:00,electricity,1.785,kWh
2024-05-20 08:00:00,water,71.868,L
2024-05-20 09:00:00,electricity,1.738,kWh
2024-05-20 09:00:00,water,59.04,L
2024-05-20 10:00:00,electricity,1.31,kWh
2024-05-20 10:00:00,water,31.126,L
2024-05-20 11:00:00,electricity,1.162,kWh
2024-05-20 11:00:00,water,26.147,L
2024-05-20 12:00:00,electricity,1.512,kWh
2024-05-20 12:00:00,water,22.046,L
2024-05-20 13:00:00,electricity,1.559,kWh
2024-05-20 13:00:00,water,26.316,L
2024-05-20 14:00:00,electricity,1.098,kWh
2024-05-20 14:00:00,water,24.042,L
2024-05-20 15:00:00,electricity,1.185,kWh
2024-05-20 15:00:00,water,26.513,L
2024-05-20 16:00:00,electricity,1.283,kWh
2024-05-20 16:00:00,water,25.07,L
2024-05-20 17:00:00,electricity,2.147,kWh
2024-05-20 17:00:00,water,52.968,L
2024-05-20 18:00:00,electricity,2.496,kWh
2024-05-20 18:00:00,water,46.757,L
2024-05-20 19:00:00,electricity,2.203,kWh
2024-05-20 19:00:00,water,58.737,L
2024-05-20 20:00:00,electricity,2.89,kWh
2024-05-20 20:00:00,water,45.216,L
2024-05-20 21:00:00,electricity,2.659,kWh
2024-05-20 21:00:00,water,27.309,L
2024-05-20 22:00:00,electricity,1.348,kWh
2024-05-20 22:00:00,water,32.889,L
2024-05-20 23:00:00,electricity,1.456,kWh
2024-05-20 23:00:00,water,37.559,L
2024-05-21 00:00:00,electricity,0.586,kWh
2024-05-21 00:00:00,water,4.022,L
2024-05-21 01:00:00,electricity,0.498,kWh
2024-05-21 01:00:00,water,4.553,L
2024-05-21 02:00:00,electricity,0.485,kWh
2024-05-21 02:00:00,water,4.741,L
2024-05-21 03:00:00,electricity,0.532,kWh
2024-05-21 03:00:00,water,4.611,L
2024-05-21 04:00:00,electricity,0.573,kWh
2024-05-21 04:00:00,water,4.043,L
2024-05-21 05:00:00,electricity,0.535,kWh
2024-05-21 05:00:00,water,3.65,L
2024-05-21 06:00:00,electricity,1.445,kWh
2024-05-21 06:00:00,water,46.311,L
2024-05-21 07:00:00,electricity,1.578,kWh
2024-05-21 07:00:00,water,61.013,L
2024-05-21 08:00:00,electricity,1.703,kWh
2024-05-21 08:00:00,water,71.906,L
2024-05-21 09:00:00,electricity,1.703,kWh
2024-05-21 09:00:00,water,54.501,L
2024-05-21 10:00:00,electricity,1.58,kWh
2024-05-21 10:00:00,water,27.317,L
2024-05-21 11:00:00,electricity,1.137,kWh
2024-05-21 11:00:00,water,22.327,L
2024-05-21 12:00:00,electricity,1.387,kWh
2024-05-21 12:00:00,water,25.521,L
2024-05-21 13:00:00,electricity,1.517,kWh
2024-05-21 13:00:00,water,27.34,L
2024-05-21 14:00:00,electricity,1.62,kWh
2024-05-21 14:00:00,water,23.206,L
2024-05-21 15:00:00,electricity,1.267,kWh
2024-05-21 15:00:00,water,25.716,L
2024-05-21 16:00:00,electricity,1.385,kWh
2024-05-21 16:00:00,water,23.945,L
2024-05-21 17:00:00,electricity,2.511,kWh
2024-05-21 17:00:00,water,56.942,L
2024-05-21 18:00:00,electricity,2.422,kWh
2024-05-21 18:00:00,water,53.982,L
2024-05-21 19:00:00,electricity,2.353,kWh
2024-05-21 19:00:00,water,52.856,L
2024-05-21 20:00:00,electricity,2.48,kWh
2024-05-21 20:00:00,water,62.318,L
2024-05-21 21:00:00,electricity,1.774,kWh
2024-05-21 21:00:00,water,34.004,L
2024-05-21 22:00:00,electricity,1.41,kWh
2024-05-21 22:00:00,water,28.89,L
2024-05-21 23:00:00,electricity,1.337,kWh
2024-05-21 23:00:00,water,31.175,L
2024-05-22 00:00:00,electricity,0.516,kWh
2024-05-22 00:00:00,water,4.162,L
2024-05-22 01:00:00,electricity,0.636,kWh
2024-05-22 01:00:00,water,4.24,L
2024-05-22 02:00:00,electricity,0.492,kWh
2024-05-22 02:00:00,water,5.472,L
2024-05-22 03:00:00,electricity,0.507,kWh
2024-05-22 03:00:00,water,4.387,L
2024-05-22 04:00:00,electricity,0.633,kWh
2024-05-22 04:00:00,water,3.174,L
2024-05-22 05:00:00,electricity,0.484,kWh
2024-05-22 05:00:00,water,3.926,L
2024-05-22 06:00:00,electricity,1.622,kWh
2024-05-22 06:00:00,water,48.391,L
2024-05-22 07:00:00,electricity,1.691,kWh
2024-05-22 07:00:00,water,60.507,L
2024-05-22 08:00:00,electricity,1.86,kWh
2024-05-22 08:00:00,water,47.976,L
2024-05-22 09:00:00,electricity,1.752,kWh
2024-05-22 09:00:00,water,56.411,L
2024-05-22 10:00:00,electricity,1.149,kWh
2024-05-22 10:00:00,water,20.601,L
2024-05-22 11:00:00,electricity,1.25,kWh
2024-05-22 11:00:00,water,26.362,L
2024-05-22 12:00:00,electricity,1.24,kWh
2024-05-22 12:00:00,water,25.202,L
2024-05-22 13:00:00,electricity,1.31,kWh
2024-05-22 13:00:00,water,26.116,L
2024-05-22 14:00:00,electricity,1.376,kWh
2024-05-22 14:00:00,water,24.884,L
2024-05-22 15:00:00,electricity,1.375,kWh
2024-05-22 15:00:00,water,20.984,L
2024-05-22 16:00:00,electricity,1.086,kWh
2024-05-22 16:00:00,water,26.753,L
2024-05-22 17:00:00,electricity,2.629,kWh
2024-05-22 17:00:00,water,64.61,L
2024-05-22 18:00:00,electricity,2.436,kWh
2024-05-22 18:00:00,water,55.078,L
2024-05-22 19:00:00,electricity,2.705,kWh
2024-05-22 19:00:00,water,49.817,L
2024-05-22 20:00:00,electricity,2.482,kWh
2024-05-22 20:00:00,water,43.503,L
2024-05-22 21:00:00,electricity,2.638,kWh
2024-05-22 21:00:00,water,28.068,L
2024-05-22 22:00:00,electricity,1.382,kWh
2024-05-22 22:00:00,water,33.212,L
2024-05-22 23:00:00,electricity,1.498,kWh
2024-05-22 23:00:00,water,35.556,L
2024-05-23 00:00:00,electricity,0.556,kWh
2024-05-23 00:00:00,water,4.331,L
2024-05-23 01:00:00,electricity,0.523,kWh
2024-05-23 01:00:00,water,4.603,L
2024-05-23 02:00:00,electricity,0.648,kWh
2024-05-23 02:00:00,water,4.557,L
2024-05-23 03:00:00,electricity,0.575,kWh
2024-05-23 03:00:00,water,4.455,L
2024-05-23 04:00:00,electricity,0.558,kWh
2024-05-23 04:00:00,water,3.868,L
2024-05-23 05:00:00,electricity,0.461,kWh
2024-05-23 05:00:00,water,4.288,L
2024-05-23 06:00:00,electricity,1.495,kWh
2024-05-23 06:00:00,water,56.586,L
2024-05-23 07:00:00,electricity,1.766,kWh
2024-05-23 07:00:00,water,63.132,L
2024-05-23 08:00:00,electricity,1.741,kWh
2024-05-23 08:00:00,water,65.501,L
2024-05-23 09:00:00,electricity,1.611,kWh
2024-05-23 09:00:00,water,75.692,L
2024-05-23 10:00:00,electricity,1.339,kWh
2024-05-23 10:00:00,water,21.239,L
2024-05-23 11:00:00,electricity,1.53,kWh
2024-05-23 11:00:00,water,26.656,L
2024-05-23 12:00:00,electricity,1.412,kWh
2024-05-23 12:00:00,water,29.679,L
2024-05-23 13:00:00,electricity,1.169,kWh
2024-05-23 13:00:00,water,27.495,L
2024-05-23 14:00:00,electricity,1.305,kWh
2024-05-23 14:00:00,water,27.719,L
2024-05-23 15:00:00,electricity,1.214,kWh
2024-05-23 15:00:00,water,26.977,L
2024-05-23 16:00:00,electricity,1.269,kWh
2024-05-23 16:00:00,water,29.126,L
2024-05-23 17:00:00,electricity,2.278,kWh
2024-05-23 17:00:00,water,45.649,L
2024-05-23 18:00:00,electricity,2.263,kWh
2024-05-23 18:00:00,water,43.769,L
2024-05-23 19:00:00,electricity,2.078,kWh
2024-05-23 19:00:00,water,52.46,L
2024-05-23 20:00:00,electricity,2.346,kWh
2024-05-23 20:00:00,water,38.885,L
2024-05-23 21:00:00,electricity,2.243,kWh
2024-05-23 21:00:00,water,36.152,L
2024-05-23 22:00:00,electricity,0.933,kWh
2024-05-23 22:00:00,water,36.114,L
2024-05-23 23:00:00,electricity,1.591,kWh
2024-05-23 23:00:00,water,29.862,L
2024-05-24 00:00:00,electricity,0.585,kWh
2024-05-24 00:00:00,water,4.013,L
2024-05-24 01:00:00,electricity,0.508,kWh
2024-05-24 01:00:00,water,4.164,L
2024-05-24 02:00:00,electricity,0.529,kWh
2024-05-24 02:00:00,water,4.226,L
2024-05-24 03:00:00,electricity,0.466,kWh
2024-05-24 03:00:00,water,4.264,L
2024-05-24 04:00:00,electricity,0.618,kWh
2024-05-24 04:00:00,water,4.481,L
2024-05-24 05:00:00,electricity,0.628,kWh
2024-05-24 05:00:00,water,4.113,L
2024-05-24 06:00:00,electricity,1.743,kWh
2024-05-24 06:00:00,water,70.131,L
2024-05-24 07:00:00,electricity,1.892,kWh
2024-05-24 07:00:00,water,66.371,L
2024-05-24 08:00:00,electricity,1.746,kWh
2024-05-24 08:00:00,water,58.411,L
2024-05-24 09:00:00,electricity,1.487,kWh
2024-05-24 09:00:00,water,73.093,L
2024-05-24 10:00:00,electricity,1.266,kWh
2024-05-24 10:00:00,water,21.093,L
2024-05-24 11:00:00,electricity,1.337,kWh
2024-05-24 11:00:00,water,24.921,L
2024-05-24 12:00:00,electricity,1.26,kWh
2024-05-24 12:00:00,water,28.124,L
2024-05-24 13:00:00,electricity,1.291,kWh
2024-05-24 13:00:00,water,23.013,L
2024-05-24 14:00:00,electricity,1.308,kWh
2024-05-24 14:00:00,water,26.136,L
2024-05-24 15:00:00,electricity,1.309,kWh
2024-05-24 15:00:00,water,26.843,L
2024-05-24 16:00:00,electricity,1.327,kWh
2024-05-24 16:00:00,water,22.598,L
2024-05-24 17:00:00,electricity,2.124,kWh
2024-05-24 17:00:00,water,52.043,L
2024-05-24 18:00:00,electricity,2.206,kWh
2024-05-24 18:00:00,water,51.514,L
2024-05-24 19:00:00,electricity,2.071,kWh
2024-05-24 19:00:00,water,49.024,L
2024-05-24 20:00:00,electricity,2.608,kWh
2024-05-24 20:00:00,water,67.001,L
2024-05-24 21:00:00,electricity,1.876,kWh
2024-05-24 21:00:00,water,28.615,L
2024-05-24 22:00:00,electricity,1.472,kWh
2024-05-24 22:00:00,water,35.299,L
2024-05-24 23:00:00,electricity,1.503,kWh
2024-05-24 23:00:00,water,30.015,L
2024-05-25 00:00:00,electricity,0.419,kWh
2024-05-25 00:00:00,water,4.748,L
2024-05-25 01:00:00,electricity,0.32,kWh
2024-05-25 01:00:00,water,5.527,L
2024-05-25 02:00:00,electricity,0.416,kWh
2024-05-25 02:00:00,water,5.885,L
2024-05-25 03:00:00,electricity,0.429,kWh
2024-05-25 03:00:00,water,6.063,L
2024-05-25 04:00:00,electricity,0.388,kWh
2024-05-25 04:00:00,water,6.484,L
2024-05-25 05:00:00,electricity,0.41,kWh
2024-05-25 05:00:00,water,7.39,L
2024-05-25 06:00:00,electricity,1.619,kWh
2024-05-25 06:00:00,water,84.362,L
2024-05-25 07:00:00,electricity,1.497,kWh
2024-05-25 07:00:00,water,75.383,L
2024-05-25 08:00:00,electricity,1.274,kWh
2024-05-25 08:00:00,water,86.351,L
2024-05-25 09:00:00,electricity,1.18,kWh
2024-05-25 09:00:00,water,79.284,L
2024-05-25 10:00:00,electricity,1.045,kWh
2024-05-25 10:00:00,water,36.4,L
2024-05-25 11:00:00,electricity,1.057,kWh
2024-05-25 11:00:00,water,27.661,L
2024-05-25 12:00:00,electricity,1.134,kWh
2024-05-25 12:00:00,water,42.07,L
2024-05-25 13:00:00,electricity,1.022,kWh
2024-05-25 13:00:00,water,36.125,L
2024-05-25 14:00:00,electricity,1.135,kWh
2024-05-25 14:00:00,water,26.14,L
2024-05-25 15:00:00,electricity,1.289,kWh
2024-05-25 15:00:00,water,29.973,L
2024-05-25 16:00:00,electricity,1.168,kWh
2024-05-25 16:00:00,water,35.968,L
2024-05-25 17:00:00,electricity,1.935,kWh
2024-05-25 17:00:00,water,77.884,L
2024-05-25 18:00:00,electricity,1.908,kWh
2024-05-25 18:00:00,water,57.83,L
2024-05-25 19:00:00,electricity,1.875,kWh
2024-05-25 19:00:00,water,74.09,L
2024-05-25 20:00:00,electricity,2.174,kWh
2024-05-25 20:00:00,water,52.301,L
2024-05-25 21:00:00,electricity,1.822,kWh
2024-05-25 21:00:00,water,40.511,L
2024-05-25 22:00:00,electricity,1.085,kWh
2024-05-25 22:00:00,water,46.415,L
2024-05-25 23:00:00,electricity,1.086,kWh
2024-05-25 23:00:00,water,38.24,L
2024-05-26 00:00:00,electricity,0.41,kWh
2024-05-26 00:00:00,water,4.473,L
2024-05-26 01:00:00,electricity,0.373,kWh
2024-05-26 01:00:00,water,5.556,L
2024-05-26 02:00:00,electricity,0.446,kWh
2024-05-26 02:00:00,water,5.064,L
2024-05-26 03:00:00,electricity,0.429,kWh
2024-05-26 03:00:00,water,5.872,L
2024-05-26 04:00:00,electricity,0.454,kWh
2024-05-26 04:00:00,water,4.88,L
2024-05-26 05:00:00,electricity,0.409,kWh
2024-05-26 05:00:00,water,4.954,L
2024-05-26 06:00:00,electricity,1.575,kWh
2024-05-26 06:00:00,water,62.038,L
2024-05-26 07:00:00,electricity,1.281,kWh
2024-05-26 07:00:00,water,83.57,L
2024-05-26 08:00:00,electricity,1.644,kWh
2024-05-26 08:00:00,water,80.319,L
2024-05-26 09:00:00,electricity,1.159,kWh
2024-05-26 09:00:00,water,70.221,L
2024-05-26 10:00:00,electricity,1.127,kWh
2024-05-26 10:00:00,water,33.522,L
2024-05-26 11:00:00,electricity,1.131,kWh
2024-05-26 11:00:00,water,36.798,L
2024-05-26 12:00:00,electricity,0.994,kWh
2024-05-26 12:00:00,water,31.913,L
2024-05-26 13:00:00,electricity,1.126,kWh
2024-05-26 13:00:00,water,33.814,L
2024-05-26 14:00:00,electricity,1.218,kWh
2024-05-26 14:00:00,water,33.834,L
2024-05-26 15:00:00,electricity,0.841,kWh
2024-05-26 15:00:00,water,28.026,L
2024-05-26 16:00:00,electricity,1.134,kWh
2024-05-26 16:00:00,water,40.845,L
2024-05-26 17:00:00,electricity,1.459,kWh
2024-05-26 17:00:00,water,64.394,L
2024-05-26 18:00:00,electricity,1.756,kWh
2024-05-26 18:00:00,water,73.624,L
2024-05-26 19:00:00,electricity,2.261,kWh
2024-05-26 19:00:00,water,74.55,L
2024-05-26 20:00:00,electricity,1.831,kWh
2024-05-26 20:00:00,water,67.107,L
2024-05-26 21:00:00,electricity,1.716,kWh
2024-05-26 21:00:00,water,43.932,L
2024-05-26 22:00:00,electricity,1.059,kWh
2024-05-26 22:00:00,water,42.158,L
2024-05-26 23:00:00,electricity,1.303,kWh
2024-05-26 23:00:00,water,33.984,L
2024-05-27 00:00:00,electricity,0.431,kWh
2024-05-27 00:00:00,water,4.033,L
2024-05-27 01:00:00,electricity,0.472,kWh
2024-05-27 01:00:00,water,3.891,L
2024-05-27 02:00:00,electricity,0.607,kWh
2024-05-27 02:00:00,water,3.967,L
2024-05-27 03:00:00,electricity,0.626,kWh
2024-05-27 03:00:00,water,3.543,L
2024-05-27 04:00:00,electricity,0.523,kWh
2024-05-27 04:00:00,water,4.768,L
2024-05-27 05:00:00,electricity,0.463,kWh
2024-05-27 05:00:00,water,5.007,L
2024-05-27 06:00:00,electricity,2.076,kWh
2024-05-27 06:00:00,water,70.394,L
2024-05-27 07:00:00,electricity,1.99,kWh
2024-05-27 07:00:00,water,72.605,L
2024-05-27 08:00:00,electricity,1.833,kWh
2024-05-27 08:00:00,water,60.395,L
2024-05-27 09:00:00,electricity,1.577,kWh
2024-05-27 09:00:00,water,58.19,L
2024-05-27 10:00:00,electricity,1.314,kWh
2024-05-27 10:00:00,water,22.846,L
2024-05-27 11:00:00,electricity,1.299,kWh
2024-05-27 11:00:00,water,27.148,L
2024-05-27 12:00:00,electricity,1.364,kWh
2024-05-27 12:00:00,water,25.887,L
2024-05-27 13:00:00,electricity,1.512,kWh
2024-05-27 13:00:00,water,24.966,L
2024-05-27 14:00:00,electricity,1.436,kWh
2024-05-27 14:00:00,water,29.117,L
2024-05-27 15:00:00,electricity,1.178,kWh
2024-05-27 15:00:00,water,26.425,L
2024-05-27 16:00:00,electricity,1.502,kWh
2024-05-27 16:00:00,water,22.664,L
2024-05-27 17:00:00,electricity,2.45,kWh
2024-05-27 17:00:00,water,48.21,L
2024-05-27 18:00:00,electricity,2.539,kWh
2024-05-27 18:00:00,water,56.797,L
2024-05-27 19:00:00,electricity,2.724,kWh
2024-05-27 19:00:00,water,59.063,L
2024-05-27 20:00:00,electricity,2.112,kWh
2024-05-27 20:00:00,water,55.976,L
2024-05-27 21:00:00,electricity,2.367,kWh
2024-05-27 21:00:00,water,38.67,L
2024-05-27 22:00:00,electricity,1.25,kWh
2024-05-27 22:00:00,water,37.68,L
2024-05-27 23:00:00,electricity,1.113,kWh
2024-05-27 23:00:00,water,33.167,L
2024-05-28 00:00:00,electricity,0.546,kWh
2024-05-28 00:00:00,water,3.777,L
2024-05-28 01:00:00,electricity,0.661,kWh
2024-05-28 01:00:00,water,3.54,L
2024-05-28 02:00:00,electricity,0.431,kWh
2024-05-28 02:00:00,water,4.005,L
2024-05-28 03:00:00,electricity,0.526,kWh
2024-05-28 03:00:00,water,4.58,L
2024-05-28 04:00:00,electricity,0.562,kWh
2024-05-28 04:00:00,water,5.121,L
2024-05-28 05:00:00,electricity,0.534,kWh
2024-05-28 05:00:00,water,4.41,L
2024-05-28 06:00:00,electricity,1.697,kWh
2024-05-28 06:00:00,water,71.836,L
2024-05-28 07:00:00,electricity,1.493,kWh
2024-05-28 07:00:00,water,61.145,L
2024-05-28 08:00:00,electricity,1.756,kWh
2024-05-28 08:00:00,water,67.708,L
2024-05-28 09:00:00,electricity,1.586,kWh
2024-05-28 09:00:00,water,69.225,L
2024-05-28 10:00:00,electricity,1.031,kWh
2024-05-28 10:00:00,water,19.214,L
2024-05-28 11:00:00,electricity,1.478,kWh
2024-05-28 11:00:00,water,23.95,L
2024-05-28 12:00:00,electricity,1.447,kWh
2024-05-28 12:00:00,water,28.072,L
2024-05-28 13:00:00,electricity,1.327,kWh
2024-05-28 13:00:00,water,26.03,L
2024-05-28 14:00:00,electricity,1.35,kWh
2024-05-28 14:00:00,water,21.582,L
2024-05-28 15:00:00,electricity,1.462,kWh
2024-05-28 15:00:00,water,17.851,L
2024-05-28 16:00:00,electricity,1.35,kWh
2024-05-28 16:00:00,water,24.094,L
2024-05-28 17:00:00,electricity,2.591,kWh
2024-05-28 17:00:00,water,52.049,L
2024-05-28 18:00:00,electricity,2.305,kWh
2024-05-28 18:00:00,water,46.931,L
2024-05-28 19:00:00,electricity,2.688,kWh
2024-05-28 19:00:00,water,53.401,L
2024-05-28 20:00:00,electricity,2.452,kWh
2024-05-28 20:00:00,water,55.69,L
2024-05-28 21:00:00,electricity,2.422,kWh
2024-05-28 21:00:00,water,34.035,L
2024-05-28 22:00:00,electricity,1.152,kWh
2024-05-28 22:00:00,water,22.595,L
2024-05-28 23:00:00,electricity,1.358,kWh
2024-05-28 23:00:00,water,26.532,L
2024-05-29 00:00:00,electricity,0.484,kWh
2024-05-29 00:00:00,water,4.046,L
2024-05-29 01:00:00,electricity,0.494,kWh
2024-05-29 01:00:00,water,4.488,L
2024-05-29 02:00:00,electricity,0.485,kWh
2024-05-29 02:00:00,water,4.447,L
2024-05-29 03:00:00,electricity,0.472,kWh
2024-05-29 03:00:00,water,4.438,L
2024-05-29 04:00:00,electricity,0.64,kWh
2024-05-29 04:00:00,water,4.007,L
2024-05-29 05:00:00,electricity,0.598,kWh
2024-05-29 05:00:00,water,4.035,L
2024-05-29 06:00:00,electricity,4.897,kWh
2024-05-29 06:00:00,water,57.494,L
2024-05-29 07:00:00,electricity,1.506,kWh
2024-05-29 07:00:00,water,68.808,L
2024-05-29 08:00:00,electricity,1.728,kWh
2024-05-29 08:00:00,water,56.041,L
2024-05-29 09:00:00,electricity,1.494,kWh
2024-05-29 09:00:00,water,69.426,L
2024-05-29 10:00:00,electricity,1.228,kWh
2024-05-29 10:00:00,water,25.829,L
2024-05-29 11:00:00,electricity,1.199,kWh
2024-05-29 11:00:00,water,25.064,L
2024-05-29 12:00:00,electricity,1.484,kWh
2024-05-29 12:00:00,water,23.214,L
2024-05-29 13:00:00,electricity,1.268,kWh
2024-05-29 13:00:00,water,21.101,L
2024-05-29 14:00:00,electricity,1.461,kWh
2024-05-29 14:00:00,water,23.241,L
2024-05-29 15:00:00,electricity,1.4,kWh
2024-05-29 15:00:00,water,24.202,L
2024-05-29 16:00:00,electricity,1.624,kWh
2024-05-29 16:00:00,water,18.036,L
2024-05-29 17:00:00,electricity,2.024,kWh
2024-05-29 17:00:00,water,51.257,L
2024-05-29 18:00:00,electricity,2.675,kWh
2024-05-29 18:00:00,water,58.323,L
2024-05-29 19:00:00,electricity,2.648,kWh
2024-05-29 19:00:00,water,56.073,L
2024-05-29 20:00:00,electricity,2.145,kWh
2024-05-29 20:00:00,water,49.374,L
2024-05-29 21:00:00,electricity,2.615,kWh
2024-05-29 21:00:00,water,31.677,L
2024-05-29 22:00:00,electricity,1.364,kWh
2024-05-29 22:00:00,water,29.398,L
2024-05-29 23:00:00,electricity,1.29,kWh
2024-05-29 23:00:00,water,32.062,L
2024-05-30 00:00:00,electricity,0.484,kWh
2024-05-30 00:00:00,water,4.976,L
2024-05-30 01:00:00,electricity,0.49,kWh
2024-05-30 01:00:00,water,4.688,L
2024-05-30 02:00:00,electricity,0.636,kWh
2024-05-30 02:00:00,water,0.402,L
2024-05-30 03:00:00,electricity,0.528,kWh
2024-05-30 03:00:00,water,3.952,L
2024-05-30 04:00:00,electricity,0.569,kWh
2024-05-30 04:00:00,water,4.578,L
2024-05-30 05:00:00,electricity,0.486,kWh
2024-05-30 05:00:00,water,3.35,L
2024-05-30 06:00:00,electricity,1.582,kWh
2024-05-30 06:00:00,water,61.092,L
2024-05-30 07:00:00,electricity,1.902,kWh
2024-05-30 07:00:00,water,67.413,L
2024-05-30 08:00:00,electricity,1.484,kWh
2024-05-30 08:00:00,water,68.598,L
2024-05-30 09:00:00,electricity,1.645,kWh
2024-05-30 09:00:00,water,68.064,L
2024-05-30 10:00:00,electricity,1.324,kWh
2024-05-30 10:00:00,water,26.092,L
2024-05-30 11:00:00,electricity,1.335,kWh
2024-05-30 11:00:00,water,24.608,L
2024-05-30 12:00:00,electricity,1.296,kWh
2024-05-30 12:00:00,water,26.827,L
2024-05-30 13:00:00,electricity,1.372,kWh
2024-05-30 13:00:00,water,22.319,L
2024-05-30 14:00:00,electricity,1.411,kWh
2024-05-30 14:00:00,water,22.646,L
2024-05-30 15:00:00,electricity,1.417,kWh
2024-05-30 15:00:00,water,25.387,L
2024-05-30 16:00:00,electricity,1.19,kWh
2024-05-30 16:00:00,water,25.724,L
2024-05-30 17:00:00,electricity,2.308,kWh
2024-05-30 17:00:00,water,40.999,L
2024-05-30 18:00:00,electricity,2.66,kWh
2024-05-30 18:00:00,water,55.367,L
2024-05-30 19:00:00,electricity,2.589,kWh
2024-05-30 19:00:00,water,57.368,L
2024-05-30 20:00:00,electricity,2.05,kWh
2024-05-30 20:00:00,water,52.013,L
2024-05-30 21:00:00,electricity,2.46,kWh
2024-05-30 21:00:00,water,40.475,L
2024-05-30 22:00:00,electricity,1.059,kWh
2024-05-30 22:00:00,water,28.919,L
2024-05-30 23:00:00,electricity,1.326,kWh
2024-05-30 23:00:00,water,30.135,L
2024-05-31 00:00:00,electricity,0.628,kWh
2024-05-31 00:00:00,water,4.001,L
2024-05-31 01:00:00,electricity,0.478,kWh
2024-05-31 01:00:00,water,4.162,L
2024-05-31 02:00:00,electricity,0.484,kWh
2024-05-31 02:00:00,water,4.034,L
2024-05-31 03:00:00,electricity,0.568,kWh
2024-05-31 03:00:00,water,3.491,L
2024-05-31 04:00:00,electricity,0.447,kWh
2024-05-31 04:00:00,water,3.925,L
2024-05-31 05:00:00,electricity,0.495,kWh
2024-05-31 05:00:00,water,4.151,L
2024-05-31 06:00:00,electricity,1.818,kWh
2024-05-31 06:00:00,water,72.288,L
2024-05-31 07:00:00,electricity,1.607,kWh
2024-05-31 07:00:00,water,79.649,L
2024-05-31 08:00:00,electricity,1.676,kWh
2024-05-31 08:00:00,water,73.096,L
2024-05-31 09:00:00,electricity,1.844,kWh
2024-05-31 09:00:00,water,57.138,L
2024-05-31 10:00:00,electricity,1.376,kWh
2024-05-31 10:00:00,water,23.096,L
2024-05-31 11:00:00,electricity,1.355,kWh
2024-05-31 11:00:00,water,24.718,L
2024-05-31 12:00:00,electricity,1.275,kWh
2024-05-31 12:00:00,water,30.597,L
2024-05-31 13:00:00,electricity,1.369,kWh
2024-05-31 13:00:00,water,24.7,L
2024-05-31 14:00:00,electricity,1.304,kWh
2024-05-31 14:00:00,water,21.186,L
2024-05-31 15:00:00,electricity,1.38,kWh
2024-05-31 15:00:00,water,23.684,L
2024-05-31 16:00:00,electricity,1.254,kWh
2024-05-31 16:00:00,water,27.489,L
2024-05-31 17:00:00,electricity,2.333,kWh
2024-05-31 17:00:00,water,56.847,L
2024-05-31 18:00:00,electricity,2.141,kWh
2024-05-31 18:00:00,water,51.239,L
2024-05-31 19:00:00,electricity,2.368,kWh
2024-05-31 19:00:00,water,56.806,L
2024-05-31 20:00:00,electricity,2.183,kWh
2024-05-31 20:00:00,water,38.179,L
2024-05-31 21:00:00,electricity,2.111,kWh
2024-05-31 21:00:00,water,31.892,L
2024-05-31 22:00:00,electricity,1.354,kWh
2024-05-31 22:00:00,water,34.753,L
2024-05-31 23:00:00,electricity,1.348,kWh
2024-05-31 23:00:00,water,28.352,L
2024-06-01 00:00:00,electricity,0.699,kWh
2024-06-01 00:00:00,water,4.912,L
2024-06-01 01:00:00,electricity,0.62,kWh
2024-06-01 01:00:00,water,4.237,L
2024-06-01 02:00:00,electricity,0.674,kWh
2024-06-01 02:00:00,water,6.502,L
2024-06-01 03:00:00,electricity,0.684,kWh
2024-06-01 03:00:00,water,4.988,L
2024-06-01 04:00:00,electricity,0.677,kWh
2024-06-01 04:00:00,water,5.618,L
2024-06-01 05:00:00,electricity,0.594,kWh
2024-06-01 05:00:00,water,5.856,L
2024-06-01 06:00:00,electricity,2.137,kWh
2024-06-01 06:00:00,water,96.761,L
2024-06-01 07:00:00,electricity,2.183,kWh
2024-06-01 07:00:00,water,80.387,L
2024-06-01 08:00:00,electricity,2.108,kWh
2024-06-01 08:00:00,water,76.598,L
2024-06-01 09:00:00,electricity,6.18,kWh
2024-06-01 09:00:00,water,83.601,L
2024-06-01 10:00:00,electricity,1.646,kWh
2024-06-01 10:00:00,water,37.808,L
2024-06-01 11:00:00,electricity,1.978,kWh
2024-06-01 11:00:00,water,32.091,L
2024-06-01 12:00:00,electricity,1.562,kWh
2024-06-01 12:00:00,water,29.006,L
2024-06-01 13:00:00,electricity,1.502,kWh
2024-06-01 13:00:00,water,26.703,L
2024-06-01 14:00:00,electricity,1.68,kWh
2024-06-01 14:00:00,water,27.959,L
2024-06-01 15:00:00,electricity,1.671,kWh
2024-06-01 15:00:00,water,36.158,L
2024-06-01 16:00:00,electricity,1.813,kWh
2024-06-01 16:00:00,water,31.5,L
2024-06-01 17:00:00,electricity,2.549,kWh
2024-06-01 17:00:00,water,63.274,L
2024-06-01 18:00:00,electricity,3.129,kWh
2024-06-01 18:00:00,water,62.386,L
2024-06-01 19:00:00,electricity,3.088,kWh
2024-06-01 19:00:00,water,68.947,L
2024-06-01 20:00:00,electricity,2.875,kWh
2024-06-01 20:00:00,water,66.289,L
2024-06-01 21:00:00,electricity,3.015,kWh
2024-06-01 21:00:00,water,39.608,L
2024-06-01 22:00:00,electricity,1.787,kWh
2024-06-01 22:00:00,water,47.581,L
2024-06-01 23:00:00,electricity,1.761,kWh
2024-06-01 23:00:00,water,48.508,L
2024-06-02 00:00:00,electricity,0.574,kWh
2024-06-02 00:00:00,water,4.405,L
2024-06-02 01:00:00,electricity,0.701,kWh
2024-06-02 01:00:00,water,5.675,L
2024-06-02 02:00:00,electricity,0.644,kWh
2024-06-02 02:00:00,water,4.951,L
2024-06-02 03:00:00,electricity,0.653,kWh
2024-06-02 03:00:00,water,5.297,L
2024-06-02 04:00:00,electricity,0.653,kWh
2024-06-02 04:00:00,water,5.663,L
2024-06-02 05:00:00,electricity,0.638,kWh
2024-06-02 05:00:00,water,5.321,L
2024-06-02 06:00:00,electricity,2.357,kWh
2024-06-02 06:00:00,water,84.165,L
2024-06-02 07:00:00,electricity,2.088,kWh
2024-06-02 07:00:00,water,88.514,L
2024-06-02 08:00:00,electricity,1.87,kWh
2024-06-02 08:00:00,water,84.795,L
2024-06-02 09:00:00,electricity,2.023,kWh
2024-06-02 09:00:00,water,75.543,L
2024-06-02 10:00:00,electricity,1.649,kWh
2024-06-02 10:00:00,water,30.286,L
2024-06-02 11:00:00,electricity,1.819,kWh
2024-06-02 11:00:00,water,27.1,L
2024-06-02 12:00:00,electricity,1.718,kWh
2024-06-02 12:00:00,water,29.403,L
2024-06-02 13:00:00,electricity,1.482,kWh
2024-06-02 13:00:00,water,40.473,L
2024-06-02 14:00:00,electricity,2.023,kWh
2024-06-02 14:00:00,water,29.646,L
2024-06-02 15:00:00,electricity,1.663,kWh
2024-06-02 15:00:00,water,28.069,L
2024-06-02 16:00:00,electricity,1.827,kWh
2024-06-02 16:00:00,water,34.018,L
2024-06-02 17:00:00,electricity,2.872,kWh
2024-06-02 17:00:00,water,67.346,L
2024-06-02 18:00:00,electricity,3.072,kWh
2024-06-02 18:00:00,water,66.648,L
2024-06-02 19:00:00,electricity,3.161,kWh
2024-06-02 19:00:00,water,79.79,L
2024-06-02 20:00:00,electricity,3.271,kWh
2024-06-02 20:00:00,water,72.747,L
2024-06-02 21:00:00,electricity,3.224,kWh
2024-06-02 21:00:00,water,38.346,L
2024-06-02 22:00:00,electricity,1.761,kWh
2024-06-02 22:00:00,water,38.864,L
2024-06-02 23:00:00,electricity,1.569,kWh
2024-06-02 23:00:00,water,38.48,L
2024-06-03 00:00:00,electricity,0.747,kWh
2024-06-03 00:00:00,water,4.641,L
2024-06-03 01:00:00,electricity,0.818,kWh
2024-06-03 01:00:00,water,4.045,L
2024-06-03 02:00:00,electricity,0.866,kWh
2024-06-03 02:00:00,water,3.296,L
2024-06-03 03:00:00,electricity,0.774,kWh
2024-06-03 03:00:00,water,4.176,L
2024-06-03 04:00:00,electricity,0.876,kWh
2024-06-03 04:00:00,water,3.425,L
2024-06-03 05:00:00,electricity,0.907,kWh
2024-06-03 05:00:00,water,5.301,L
2024-06-03 06:00:00,electricity,2.338,kWh
2024-06-03 06:00:00,water,55.7,L
2024-06-03 07:00:00,electricity,2.359,kWh
2024-06-03 07:00:00,water,61.776,L
2024-06-03 08:00:00,electricity,2.538,kWh
2024-06-03 08:00:00,water,64.952,L
2024-06-03 09:00:00,electricity,2.653,kWh
2024-06-03 09:00:00,water,60.818,L
2024-06-03 10:00:00,electricity,1.876,kWh
2024-06-03 10:00:00,water,24.323,L
2024-06-03 11:00:00,electricity,2.248,kWh
2024-06-03 11:00:00,water,26.476,L
2024-06-03 12:00:00,electricity,2.064,kWh
2024-06-03 12:00:00,water,29.815,L
2024-06-03 13:00:00,electricity,1.988,kWh
2024-06-03 13:00:00,water,27.521,L
2024-06-03 14:00:00,electricity,1.696,kWh
2024-06-03 14:00:00,water,29.671,L
2024-06-03 15:00:00,electricity,1.719,kWh
2024-06-03 15:00:00,water,22.035,L
2024-06-03 16:00:00,electricity,2.036,kWh
2024-06-03 16:00:00,water,26.16,L
2024-06-03 17:00:00,electricity,2.804,kWh
2024-06-03 17:00:00,water,53.478,L
2024-06-03 18:00:00,electricity,3.925,kWh
2024-06-03 18:00:00,water,54.712,L
2024-06-03 19:00:00,electricity,3.508,kWh
2024-06-03 19:00:00,water,61.17,L
2024-06-03 20:00:00,electricity,4.72,kWh
2024-06-03 20:00:00,water,51.109,L
2024-06-03 21:00:00,electricity,4.387,kWh
2024-06-03 21:00:00,water,29.967,L
2024-06-03 22:00:00,electricity,1.944,kWh
2024-06-03 22:00:00,water,33.518,L
2024-06-03 23:00:00,electricity,1.959,kWh
2024-06-03 23:00:00,water,24.778,L
2024-06-04 00:00:00,electricity,0.871,kWh
2024-06-04 00:00:00,water,4.081,L
2024-06-04 01:00:00,electricity,0.927,kWh
2024-06-04 01:00:00,water,4.132,L
2024-06-04 02:00:00,electricity,0.662,kWh
2024-06-04 02:00:00,water,3.736,L
2024-06-04 03:00:00,electricity,0.651,kWh
2024-06-04 03:00:00,water,4.733,L
2024-06-04 04:00:00,electricity,0.743,kWh
2024-06-04 04:00:00,water,3.665,L
2024-06-04 05:00:00,electricity,0.838,kWh
2024-06-04 05:00:00,water,4.132,L
2024-06-04 06:00:00,electricity,2.702,kWh
2024-06-04 06:00:00,water,65.216,L
2024-06-04 07:00:00,electricity,2.849,kWh
2024-06-04 07:00:00,water,73.232,L
2024-06-04 08:00:00,electricity,2.265,kWh
2024-06-04 08:00:00,water,62.92,L
2024-06-04 09:00:00,electricity,1.978,kWh
2024-06-04 09:00:00,water,70.077,L
2024-06-04 10:00:00,electricity,2.15,kWh
2024-06-04 10:00:00,water,27.319,L
2024-06-04 11:00:00,electricity,1.816,kWh
2024-06-04 11:00:00,water,25.573,L
2024-06-04 12:00:00,electricity,1.58,kWh
2024-06-04 12:00:00,water,21.905,L
2024-06-04 13:00:00,electricity,2.009,kWh
2024-06-04 13:00:00,water,138.202,L
2024-06-04 14:00:00,electricity,2.137,kWh
2024-06-04 14:00:00,water,25.522,L
2024-06-04 15:00:00,electricity,1.956,kWh
2024-06-04 15:00:00,water,23.559,L
2024-06-04 16:00:00,electricity,1.889,kWh
2024-06-04 16:00:00,water,27.98,L
2024-06-04 17:00:00,electricity,3.507,kWh
2024-06-04 17:00:00,water,57.199,L
2024-06-04 18:00:00,electricity,3.432,kWh
2024-06-04 18:00:00,water,51.337,L
2024-06-04 19:00:00,electricity,3.084,kWh
2024-06-04 19:00:00,water,45.206,L
2024-06-04 20:00:00,electricity,3.309,kWh
2024-06-04 20:00:00,water,55.718,L
2024-06-04 21:00:00,electricity,3.75,kWh
2024-06-04 21:00:00,water,27.652,L
2024-06-04 22:00:00,electricity,2.044,kWh
2024-06-04 22:00:00,water,28.633,L
2024-06-04 23:00:00,electricity,2.013,kWh
2024-06-04 23:00:00,water,27.798,L
2024-06-05 00:00:00,electricity,0.713,kWh
2024-06-05 00:00:00,water,4.13,L
2024-06-05 01:00:00,electricity,0.778,kWh
2024-06-05 01:00:00,water,4.79,L
2024-06-05 02:00:00,electricity,0.62,kWh
2024-06-05 02:00:00,water,4.197,L
2024-06-05 03:00:00,electricity,0.806,kWh
2024-06-05 03:00:00,water,3.977,L
2024-06-05 04:00:00,electricity,0.905,kWh
2024-06-05 04:00:00,water,3.431,L
2024-06-05 05:00:00,electricity,0.675,kWh
2024-06-05 05:00:00,water,4.478,L
2024-06-05 06:00:00,electricity,2.423,kWh
2024-06-05 06:00:00,water,57.1,L
2024-06-05 07:00:00,electricity,2.659,kWh
2024-06-05 07:00:00,water,63.888,L
2024-06-05 08:00:00,electricity,2.896,kWh
2024-06-05 08:00:00,water,60.322,L
2024-06-05 09:00:00,electricity,2.459,kWh
2024-06-05 09:00:00,water,69.337,L
2024-06-05 10:00:00,electricity,1.843,kWh
2024-06-05 10:00:00,water,24.725,L
2024-06-05 11:00:00,electricity,1.59,kWh
2024-06-05 11:00:00,water,25.022,L
2024-06-05 12:00:00,electricity,2.0,kWh
2024-06-05 12:00:00,water,26.669,L
2024-06-05 13:00:00,electricity,2.384,kWh
2024-06-05 13:00:00,water,3.369,L
2024-06-05 14:00:00,electricity,2.035,kWh
2024-06-05 14:00:00,water,27.887,L
2024-06-05 15:00:00,electricity,1.976,kWh
2024-06-05 15:00:00,water,24.932,L
2024-06-05 16:00:00,electricity,2.044,kWh
2024-06-05 16:00:00,water,25.21,L
2024-06-05 17:00:00,electricity,3.56,kWh
2024-06-05 17:00:00,water,49.193,L
2024-06-05 18:00:00,electricity,3.274,kWh
2024-06-05 18:00:00,water,46.515,L
2024-06-05 19:00:00,electricity,3.857,kWh
2024-06-05 19:00:00,water,49.018,L
2024-06-05 20:00:00,electricity,3.644,kWh
2024-06-05 20:00:00,water,47.635,L
2024-06-05 21:00:00,electricity,3.57,kWh
2024-06-05 21:00:00,water,33.97,L
2024-06-05 22:00:00,electricity,1.787,kWh
2024-06-05 22:00:00,water,27.451,L
2024-06-05 23:00:00,electricity,2.238,kWh
2024-06-05 23:00:00,water,36.54,L
2024-06-06 00:00:00,electricity,0.845,kWh
2024-06-06 00:00:00,water,4.579,L
2024-06-06 01:00:00,electricity,0.748,kWh
2024-06-06 01:00:00,water,4.21,L
2024-06-06 02:00:00,electricity,0.871,kWh
2024-06-06 02:00:00,water,4.2,L
2024-06-06 03:00:00,electricity,0.753,kWh
2024-06-06 03:00:00,water,3.919,L
2024-06-06 04:00:00,electricity,0.73,kWh
2024-06-06 04:00:00,water,4.336,L
2024-06-06 05:00:00,electricity,0.732,kWh
2024-06-06 05:00:00,water,4.748,L
2024-06-06 06:00:00,electricity,2.118,kWh
2024-06-06 06:00:00,water,57.684,L
2024-06-06 07:00:00,electricity,2.695,kWh
2024-06-06 07:00:00,water,51.408,L
2024-06-06 08:00:00,electricity,2.103,kWh
2024-06-06 08:00:00,water,68.316,L
2024-06-06 09:00:00,electricity,2.258,kWh
2024-06-06 09:00:00,water,65.452,L
2024-06-06 10:00:00,electricity,1.569,kWh
2024-06-06 10:00:00,water,21.813,L
2024-06-06 11:00:00,electricity,1.963,kWh
2024-06-06 11:00:00,water,22.982,L
2024-06-06 12:00:00,electricity,1.95,kWh
2024-06-06 12:00:00,water,22.602,L
2024-06-06 13:00:00,electricity,1.915,kWh
2024-06-06 13:00:00,water,23.009,L
2024-06-06 14:00:00,electricity,1.774,kWh
2024-06-06 14:00:00,water,24.221,L
2024-06-06 15:00:00,electricity,1.748,kWh
2024-06-06 15:00:00,water,24.394,L
2024-06-06 16:00:00,electricity,2.072,kWh
2024-06-06 16:00:00,water,23.232,L
2024-06-06 17:00:00,electricity,3.368,kWh
2024-06-06 17:00:00,water,47.724,L
2024-06-06 18:00:00,electricity,3.677,kWh
2024-06-06 18:00:00,water,51.059,L
2024-06-06 19:00:00,electricity,3.248,kWh
2024-06-06 19:00:00,water,53.556,L
2024-06-06 20:00:00,electricity,3.629,kWh
2024-06-06 20:00:00,water,50.507,L
2024-06-06 21:00:00,electricity,4.028,kWh
2024-06-06 21:00:00,water,35.88,L
2024-06-06 22:00:00,electricity,2.096,kWh
2024-06-06 22:00:00,water,33.421,L
2024-06-06 23:00:00,electricity,1.898,kWh
2024-06-06 23:00:00,water,25.487,L
2024-06-07 00:00:00,electricity,0.812,kWh
2024-06-07 00:00:00,water,4.464,L
2024-06-07 01:00:00,electricity,0.773,kWh
2024-06-07 01:00:00,water,4.505,L
2024-06-07 02:00:00,electricity,0.793,kWh
2024-06-07 02:00:00,water,3.981,L
2024-06-07 03:00:00,electricity,0.766,kWh
2024-06-07 03:00:00,water,3.446,L
2024-06-07 04:00:00,electricity,0.779,kWh
2024-06-07 04:00:00,water,4.204,L
2024-06-07 05:00:00,electricity,0.809,kWh
2024-06-07 05:00:00,water,4.196,L
2024-06-07 06:00:00,electricity,2.318,kWh
2024-06-07 06:00:00,water,54.52,L
2024-06-07 07:00:00,electricity,2.313,kWh
2024-06-07 07:00:00,water,52.029,L
2024-06-07 08:00:00,electricity,2.217,kWh
2024-06-07 08:00:00,water,62.338,L
2024-06-07 09:00:00,electricity,2.162,kWh
2024-06-07 09:00:00,water,61.238,L
2024-06-07 10:00:00,electricity,1.739,kWh
2024-06-07 10:00:00,water,23.938,L
2024-06-07 11:00:00,electricity,2.012,kWh
2024-06-07 11:00:00,water,24.948,L
2024-06-07 12:00:00,electricity,1.803,kWh
2024-06-07 12:00:00,water,21.865,L
2024-06-07 13:00:00,electricity,2.082,kWh
2024-06-07 13:00:00,water,23.885,L
2024-06-07 14:00:00,electricity,1.987,kWh
2024-06-07 14:00:00,water,26.813,L
2024-06-07 15:00:00,electricity,1.59,kWh
2024-06-07 15:00:00,water,24.142,L
2024-06-07 16:00:00,electricity,2.11,kWh
2024-06-07 16:00:00,water,20.144,L
2024-06-07 17:00:00,electricity,3.853,kWh
2024-06-07 17:00:00,water,49.522,L
2024-06-07 18:00:00,electricity,3.21,kWh
2024-06-07 18:00:00,water,45.758,L
2024-06-07 19:00:00,electricity,8.671,kWh
2024-06-07 19:00:00,water,54.183,L
2024-06-07 20:00:00,electricity,3.259,kWh
2024-06-07 20:00:00,water,54.509,L
2024-06-07 21:00:00,electricity,3.599,kWh
2024-06-07 21:00:00,water,25.23,L
2024-06-07 22:00:00,electricity,1.73,kWh
2024-06-07 22:00:00,water,112.342,L
2024-06-07 23:00:00,electricity,1.625,kWh
2024-06-07 23:00:00,water,27.296,L
2024-06-08 00:00:00,electricity,0.623,kWh
2024-06-08 00:00:00,water,6.482,L
2024-06-08 01:00:00,electricity,0.64,kWh
2024-06-08 01:00:00,water,5.428,L
2024-06-08 02:00:00,electricity,0.622,kWh
2024-06-08 02:00:00,water,4.643,L
2024-06-08 03:00:00,electricity,0.571,kWh
2024-06-08 03:00:00,water,4.712,L
2024-06-08 04:00:00,electricity,0.622,kWh
2024-06-08 04:00:00,water,5.688,L
2024-06-08 05:00:00,electricity,0.665,kWh
2024-06-08 05:00:00,water,5.204,L
2024-06-08 06:00:00,electricity,2.097,kWh
2024-06-08 06:00:00,water,80.95,L
2024-06-08 07:00:00,electricity,2.144,kWh
2024-06-08 07:00:00,water,97.75,L
2024-06-08 08:00:00,electricity,1.965,kWh
2024-06-08 08:00:00,water,75.028,L
2024-06-08 09:00:00,electricity,2.353,kWh
2024-06-08 09:00:00,water,82.489,L
2024-06-08 10:00:00,electricity,1.429,kWh
2024-06-08 10:00:00,water,38.342,L
2024-06-08 11:00:00,electricity,1.699,kWh
2024-06-08 11:00:00,water,33.823,L
2024-06-08 12:00:00,electricity,1.811,kWh
2024-06-08 12:00:00,water,26.444,L
2024-06-08 13:00:00,electricity,1.698,kWh
2024-06-08 13:00:00,water,34.747,L
2024-06-08 14:00:00,electricity,1.587,kWh
2024-06-08 14:00:00,water,28.188,L
2024-06-08 15:00:00,electricity,1.534,kWh
2024-06-08 15:00:00,water,38.29,L
2024-06-08 16:00:00,electricity,1.788,kWh
2024-06-08 16:00:00,water,29.525,L
2024-06-08 17:00:00,electricity,2.501,kWh
2024-06-08 17:00:00,water,92.57,L
2024-06-08 18:00:00,electricity,2.633,kWh
2024-06-08 18:00:00,water,80.268,L
2024-06-08 19:00:00,electricity,2.8,kWh
2024-06-08 19:00:00,water,61.726,L
2024-06-08 20:00:00,electricity,3.277,kWh
2024-06-08 20:00:00,water,68.414,L
2024-06-08 21:00:00,electricity,3.027,kWh
2024-06-08 21:00:00,water,44.653,L
2024-06-08 22:00:00,electricity,1.463,kWh
2024-06-08 22:00:00,water,44.801,L
2024-06-08 23:00:00,electricity,1.57,kWh
2024-06-08 23:00:00,water,43.124,L
2024-06-09 00:00:00,electricity,0.608,kWh
2024-06-09 00:00:00,water,6.28,L
2024-06-09 01:00:00,electricity,0.602,kWh
2024-06-09 01:00:00,water,5.379,L
2024-06-09 02:00:00,electricity,0.711,kWh
2024-06-09 02:00:00,water,5.22,L
2024-06-09 03:00:00,electricity,0.559,kWh
2024-06-09 03:00:00,water,5.233,L
2024-06-09 04:00:00,electricity,0.752,kWh
2024-06-09 04:00:00,water,6.022,L
2024-06-09 05:00:00,electricity,0.702,kWh
2024-06-09 05:00:00,water,5.699,L
2024-06-09 06:00:00,electricity,2.336,kWh
2024-06-09 06:00:00,water,84.763,L
2024-06-09 07:00:00,electricity,2.009,kWh
2024-06-09 07:00:00,water,89.716,L
2024-06-09 08:00:00,electricity,2.074,kWh
2024-06-09 08:00:00,water,61.742,L
2024-06-09 09:00:00,electricity,1.804,kWh
2024-06-09 09:00:00,water,84.947,L
2024-06-09 10:00:00,electricity,1.535,kWh
2024-06-09 10:00:00,water,33.619,L
2024-06-09 11:00:00,electricity,1.7,kWh
2024-06-09 11:00:00,water,39.32,L
2024-06-09 12:00:00,electricity,1.83,kWh
2024-06-09 12:00:00,water,26.751,L
2024-06-09 13:00:00,electricity,1.441,kWh
2024-06-09 13:00:00,water,38.882,L
2024-06-09 14:00:00,electricity,1.561,kWh
2024-06-09 14:00:00,water,33.056,L
2024-06-09 15:00:00,electricity,1.595,kWh
2024-06-09 15:00:00,water,34.682,L
2024-06-09 16:00:00,electricity,1.394,kWh
2024-06-09 16:00:00,water,39.348,L
2024-06-09 17:00:00,electricity,3.088,kWh
2024-06-09 17:00:00,water,72.843,L
2024-06-09 18:00:00,electricity,2.705,kWh
2024-06-09 18:00:00,water,71.529,L
2024-06-09 19:00:00,electricity,2.859,kWh
2024-06-09 19:00:00,water,70.234,L
2024-06-09 20:00:00,electricity,2.784,kWh
2024-06-09 20:00:00,water,64.29,L
2024-06-09 21:00:00,electricity,2.686,kWh
2024-06-09 21:00:00,water,40.81,L
2024-06-09 22:00:00,electricity,1.619,kWh
2024-06-09 22:00:00,water,37.434,L
2024-06-09 23:00:00,electricity,1.585,kWh
2024-06-09 23:00:00,water,40.731,L
2024-06-10 00:00:00,electricity,0.763,kWh
2024-06-10 00:00:00,water,3.023,L
2024-06-10 01:00:00,electricity,0.734,kWh
2024-06-10 01:00:00,water,4.416,L
2024-06-10 02:00:00,electricity,0.817,kWh
2024-06-10 02:00:00,water,4.139,L
2024-06-10 03:00:00,electricity,0.923,kWh
2024-06-10 03:00:00,water,4.031,L
2024-06-10 04:00:00,electricity,0.803,kWh
2024-06-10 04:00:00,water,4.311,L
2024-06-10 05:00:00,electricity,0.871,kWh
2024-06-10 05:00:00,water,3.477,L
2024-06-10 06:00:00,electricity,2.216,kWh
2024-06-10 06:00:00,water,77.585,L
2024-06-10 07:00:00,electricity,2.615,kWh
2024-06-10 07:00:00,water,62.223,L
2024-06-10 08:00:00,electricity,2.292,kWh
2024-06-10 08:00:00,water,61.897,L
2024-06-10 09:00:00,electricity,2.194,kWh
2024-06-10 09:00:00,water,55.702,L
2024-06-10 10:00:00,electricity,1.834,kWh
2024-06-10 10:00:00,water,25.272,L
2024-06-10 11:00:00,electricity,2.216,kWh
2024-06-10 11:00:00,water,29.394,L
2024-06-10 12:00:00,electricity,2.168,kWh
2024-06-10 12:00:00,water,28.333,L
2024-06-10 13:00:00,electricity,2.028,kWh
2024-06-10 13:00:00,water,27.784,L
2024-06-10 14:00:00,electricity,1.677,kWh
2024-06-10 14:00:00,water,26.852,L
2024-06-10 15:00:00,electricity,1.941,kWh
2024-06-10 15:00:00,water,24.116,L
2024-06-10 16:00:00,electricity,2.04,kWh
2024-06-10 16:00:00,water,20.815,L
2024-06-10 17:00:00,electricity,3.627,kWh
2024-06-10 17:00:00,water,51.233,L
2024-06-10 18:00:00,electricity,2.907,kWh
2024-06-10 18:00:00,water,51.014,L
2024-06-10 19:00:00,electricity,3.247,kWh
2024-06-10 19:00:00,water,59.107,L
2024-06-10 20:00:00,electricity,3.541,kWh
2024-06-10 20:00:00,water,54.449,L
2024-06-10 21:00:00,electricity,3.755,kWh
2024-06-10 21:00:00,water,37.595,L
2024-06-10 22:00:00,electricity,1.545,kWh
2024-06-10 22:00:00,water,36.027,L
2024-06-10 23:00:00,electricity,1.948,kWh
2024-06-10 23:00:00,water,29.774,L
2024-06-11 00:00:00,electricity,0.803,kWh
2024-06-11 00:00:00,water,3.295,L
2024-06-11 01:00:00,electricity,0.859,kWh
2024-06-11 01:00:00,water,4.898,L
2024-06-11 02:00:00,electricity,0.847,kWh
2024-06-11 02:00:00,water,4.885,L
2024-06-11 03:00:00,electricity,0.838,kWh
2024-06-11 03:00:00,water,3.511,L
2024-06-11 04:00:00,electricity,0.729,kWh
2024-06-11 04:00:00,water,4.961,L
2024-06-11 05:00:00,electricity,0.641,kWh
2024-06-11 05:00:00,water,4.393,L
2024-06-11 06:00:00,electricity,2.473,kWh
2024-06-11 06:00:00,water,64.215,L
2024-06-11 07:00:00,electricity,2.832,kWh
2024-06-11 07:00:00,water,75.208,L
2024-06-11 08:00:00,electricity,2.933,kWh
2024-06-11 08:00:00,water,73.166,L
2024-06-11 09:00:00,electricity,2.757,kWh
2024-06-11 09:00:00,water,67.924,L
2024-06-11 10:00:00,electricity,2.065,kWh
2024-06-11 10:00:00,water,26.631,L
2024-06-11 11:00:00,electricity,2.055,kWh
2024-06-11 11:00:00,water,27.064,L
2024-06-11 12:00:00,electricity,1.87,kWh
2024-06-11 12:00:00,water,23.99,L
2024-06-11 13:00:00,electricity,1.954,kWh
2024-06-11 13:00:00,water,25.033,L
2024-06-11 14:00:00,electricity,2.31,kWh
2024-06-11 14:00:00,water,22.471,L
2024-06-11 15:00:00,electricity,1.793,kWh
2024-06-11 15:00:00,water,24.193,L
2024-06-11 16:00:00,electricity,2.3,kWh
2024-06-11 16:00:00,water,24.091,L
2024-06-11 17:00:00,electricity,3.449,kWh
2024-06-11 17:00:00,water,48.498,L
2024-06-11 18:00:00,electricity,4.036,kWh
2024-06-11 18:00:00,water,53.362,L
2024-06-11 19:00:00,electricity,3.063,kWh
2024-06-11 19:00:00,water,50.459,L
2024-06-11 20:00:00,electricity,3.773,kWh
2024-06-11 20:00:00,water,55.664,L
2024-06-11 21:00:00,electricity,3.301,kWh
2024-06-11 21:00:00,water,25.368,L
2024-06-11 22:00:00,electricity,1.7,kWh
2024-06-11 22:00:00,water,31.072,L
2024-06-11 23:00:00,electricity,2.023,kWh
2024-06-11 23:00:00,water,31.997,L
2024-06-12 00:00:00,electricity,0.872,kWh
2024-06-12 00:00:00,water,4.043,L
2024-06-12 01:00:00,electricity,0.725,kWh
2024-06-12 01:00:00,water,4.113,L
2024-06-12 02:00:00,electricity,0.673,kWh
2024-06-12 02:00:00,water,3.401,L
2024-06-12 03:00:00,electricity,0.785,kWh
2024-06-12 03:00:00,water,4.38,L
2024-06-12 04:00:00,electricity,0.785,kWh
2024-06-12 04:00:00,water,4.526,L
2024-06-12 05:00:00,electricity,0.835,kWh
2024-06-12 05:00:00,water,4.449,L
2024-06-12 06:00:00,electricity,2.818,kWh
2024-06-12 06:00:00,water,70.853,L
2024-06-12 07:00:00,electricity,2.559,kWh
2024-06-12 07:00:00,water,64.524,L
2024-06-12 08:00:00,electricity,3.052,kWh
2024-06-12 08:00:00,water,66.619,L
2024-06-12 09:00:00,electricity,2.632,kWh
2024-06-12 09:00:00,water,64.18,L
2024-06-12 10:00:00,electricity,1.911,kWh
2024-06-12 10:00:00,water,27.279,L
2024-06-12 11:00:00,electricity,1.661,kWh
2024-06-12 11:00:00,water,20.43,L
2024-06-12 12:00:00,electricity,1.928,kWh
2024-06-12 12:00:00,water,22.498,L
2024-06-12 13:00:00,electricity,1.913,kWh
2024-06-12 13:00:00,water,29.999,L
2024-06-12 14:00:00,electricity,2.17,kWh
2024-06-12 14:00:00,water,17.76,L
2024-06-12 15:00:00,electricity,2.072,kWh
2024-06-12 15:00:00,water,24.776,L
2024-06-12 16:00:00,electricity,1.746,kWh
2024-06-12 16:00:00,water,28.745,L
2024-06-12 17:00:00,electricity,3.625,kWh
2024-06-12 17:00:00,water,51.912,L
2024-06-12 18:00:00,electricity,3.803,kWh
2024-06-12 18:00:00,water,49.948,L
2024-06-12 19:00:00,electricity,4.109,kWh
2024-06-12 19:00:00,water,53.315,L
2024-06-12 20:00:00,electricity,3.88,kWh
2024-06-12 20:00:00,water,50.275,L
2024-06-12 21:00:00,electricity,3.835,kWh
2024-06-12 21:00:00,water,31.617,L
2024-06-12 22:00:00,electricity,1.992,kWh
2024-06-12 22:00:00,water,28.917,L
2024-06-12 23:00:00,electricity,2.057,kWh
2024-06-12 23:00:00,water,35.691,L
2024-06-13 00:00:00,electricity,0.891,kWh
2024-06-13 00:00:00,water,4.917,L
2024-06-13 01:00:00,electricity,0.686,kWh
2024-06-13 01:00:00,water,4.133,L
2024-06-13 02:00:00,electricity,0.764,kWh
2024-06-13 02:00:00,water,3.501,L
2024-06-13 03:00:00,electricity,0.731,kWh
2024-06-13 03:00:00,water,3.936,L
2024-06-13 04:00:00,electricity,0.822,kWh
2024-06-13 04:00:00,water,4.107,L
2024-06-13 05:00:00,electricity,0.889,kWh
2024-06-13 05:00:00,water,4.455,L
2024-06-13 06:00:00,electricity,2.42,kWh
2024-06-13 06:00:00,water,55.379,L
2024-06-13 07:00:00,electricity,1.959,kWh
2024-06-13 07:00:00,water,57.185,L
2024-06-13 08:00:00,electricity,2.468,kWh
2024-06-13 08:00:00,water,66.861,L
2024-06-13 09:00:00,electricity,2.809,kWh
2024-06-13 09:00:00,water,70.098,L
2024-06-13 10:00:00,electricity,2.086,kWh
2024-06-13 10:00:00,water,23.32,L
2024-06-13 11:00:00,electricity,2.065,kWh
2024-06-13 11:00:00,water,21.168,L
2024-06-13 12:00:00,electricity,1.925,kWh
2024-06-13 12:00:00,water,35.131,L
2024-06-13 13:00:00,electricity,1.727,kWh
2024-06-13 13:00:00,water,27.569,L
2024-06-13 14:00:00,electricity,2.082,kWh
2024-06-13 14:00:00,water,24.393,L
2024-06-13 15:00:00,electricity,1.815,kWh
2024-06-13 15:00:00,water,27.828,L
2024-06-13 16:00:00,electricity,2.412,kWh
2024-06-13 16:00:00,water,24.824,L
2024-06-13 17:00:00,electricity,3.767,kWh
2024-06-13 17:00:00,water,57.963,L
2024-06-13 18:00:00,electricity,3.357,kWh
2024-06-13 18:00:00,water,53.504,L
2024-06-13 19:00:00,electricity,3.346,kWh
2024-06-13 19:00:00,water,53.075,L
2024-06-13 20:00:00,electricity,3.531,kWh
2024-06-13 20:00:00,water,51.784,L
2024-06-13 21:00:00,electricity,3.479,kWh
2024-06-13 21:00:00,water,26.029,L
2024-06-13 22:00:00,electricity,2.201,kWh
2024-06-13 22:00:00,water,38.826,L
2024-06-13 23:00:00,electricity,2.017,kWh
2024-06-13 23:00:00,water,27.941,L
2024-06-14 00:00:00,electricity,0.734,kWh
2024-06-14 00:00:00,water,3.515,L
2024-06-14 01:00:00,electricity,0.942,kWh
2024-06-14 01:00:00,water,4.093,L
2024-06-14 02:00:00,electricity,0.796,kWh
2024-06-14 02:00:00,water,3.715,L
2024-06-14 03:00:00,electricity,0.853,kWh
2024-06-14 03:00:00,water,4.174,L
2024-06-14 04:00:00,electricity,0.744,kWh
2024-06-14 04:00:00,water,4.547,L
2024-06-14 05:00:00,electricity,0.821,kWh
2024-06-14 05:00:00,water,4.702,L
2024-06-14 06:00:00,electricity,2.654,kWh
2024-06-14 06:00:00,water,69.159,L
2024-06-14 07:00:00,electricity,2.088,kWh
2024-06-14 07:00:00,water,60.689,L
2024-06-14 08:00:00,electricity,3.093,kWh
2024-06-14 08:00:00,water,63.375,L
2024-06-14 09:00:00,electricity,2.906,kWh
2024-06-14 09:00:00,water,66.084,L
2024-06-14 10:00:00,electricity,1.901,kWh
2024-06-14 10:00:00,water,19.884,L
2024-06-14 11:00:00,electricity,1.762,kWh
2024-06-14 11:00:00,water,26.925,L
2024-06-14 12:00:00,electricity,2.049,kWh
2024-06-14 12:00:00,water,20.793,L
2024-06-14 13:00:00,electricity,1.997,kWh
2024-06-14 13:00:00,water,31.37,L
2024-06-14 14:00:00,electricity,2.05,kWh
2024-06-14 14:00:00,water,23.977,L
2024-06-14 15:00:00,electricity,2.018,kWh
2024-06-14 15:00:00,water,24.641,L
2024-06-14 16:00:00,electricity,2.08,kWh
2024-06-14 16:00:00,water,22.872,L
2024-06-14 17:00:00,electricity,4.08,kWh
2024-06-14 17:00:00,water,48.531,L
2024-06-14 18:00:00,electricity,3.766,kWh
2024-06-14 18:00:00,water,66.827,L
2024-06-14 19:00:00,electricity,3.19,kWh
2024-06-14 19:00:00,water,58.424,L
2024-06-14 20:00:00,electricity,4.05,kWh
2024-06-14 20:00:00,water,42.74,L
2024-06-14 21:00:00,electricity,4.149,kWh
2024-06-14 21:00:00,water,37.186,L
2024-06-14 22:00:00,electricity,2.604,kWh
2024-06-14 22:00:00,water,36.01,L
2024-06-14 23:00:00,electricity,1.758,kWh
2024-06-14 23:00:00,water,30.437,L
2024-06-15 00:00:00,electricity,0.664,kWh
2024-06-15 00:00:00,water,5.661,L
2024-06-15 01:00:00,electricity,0.513,kWh
2024-06-15 01:00:00,water,5.45,L
2024-06-15 02:00:00,electricity,0.684,kWh
2024-06-15 02:00:00,water,6.752,L
2024-06-15 03:00:00,electricity,0.612,kWh
2024-06-15 03:00:00,water,4.938,L
2024-06-15 04:00:00,electricity,0.773,kWh
2024-06-15 04:00:00,water,5.556,L
2024-06-15 05:00:00,electricity,0.598,kWh
2024-06-15 05:00:00,water,5.179,L
2024-06-15 06:00:00,electricity,1.75,kWh
2024-06-15 06:00:00,water,67.816,L
2024-06-15 07:00:00,electricity,2.007,kWh
2024-06-15 07:00:00,water,103.439,L
2024-06-15 08:00:00,electricity,1.69,kWh
2024-06-15 08:00:00,water,70.288,L
2024-06-15 09:00:00,electricity,2.264,kWh
2024-06-15 09:00:00,water,84.063,L
2024-06-15 10:00:00,electricity,1.285,kWh
2024-06-15 10:00:00,water,25.917,L
2024-06-15 11:00:00,electricity,1.625,kWh
2024-06-15 11:00:00,water,31.191,L
2024-06-15 12:00:00,electricity,1.283,kWh
2024-06-15 12:00:00,water,34.419,L
2024-06-15 13:00:00,electricity,1.568,kWh
2024-06-15 13:00:00,water,29.518,L
2024-06-15 14:00:00,electricity,1.886,kWh
2024-06-15 14:00:00,water,35.067,L
2024-06-15 15:00:00,electricity,1.678,kWh
2024-06-15 15:00:00,water,31.702,L
2024-06-15 16:00:00,electricity,1.48,kWh
2024-06-15 16:00:00,water,37.321,L
2024-06-15 17:00:00,electricity,2.907,kWh
2024-06-15 17:00:00,water,79.403,L
2024-06-15 18:00:00,electricity,2.921,kWh
2024-06-15 18:00:00,water,63.445,L
2024-06-15 19:00:00,electricity,3.054,kWh
2024-06-15 19:00:00,water,68.878,L
2024-06-15 20:00:00,electricity,2.517,kWh
2024-06-15 20:00:00,water,69.752,L
2024-06-15 21:00:00,electricity,3.089,kWh
2024-06-15 21:00:00,water,43.993,L
2024-06-15 22:00:00,electricity,1.182,kWh
2024-06-15 22:00:00,water,41.021,L
2024-06-15 23:00:00,electricity,1.518,kWh
2024-06-15 23:00:00,water,41.885,L
2024-06-16 00:00:00,electricity,0.616,kWh
2024-06-16 00:00:00,water,5.301,L
2024-06-16 01:00:00,electricity,0.689,kWh
2024-06-16 01:00:00,water,5.536,L
2024-06-16 02:00:00,electricity,0.649,kWh
2024-06-16 02:00:00,water,6.31,L
2024-06-16 03:00:00,electricity,0.557,kWh
2024-06-16 03:00:00,water,5.883,L
2024-06-16 04:00:00,electricity,7.442,kWh
2024-06-16 04:00:00,water,5.919,L
2024-06-16 05:00:00,electricity,0.661,kWh
2024-06-16 05:00:00,water,5.934,L
2024-06-16 06:00:00,electricity,2.089,kWh
2024-06-16 06:00:00,water,80.388,L
2024-06-16 07:00:00,electricity,1.984,kWh
2024-06-16 07:00:00,water,85.033,L
2024-06-16 08:00:00,electricity,2.005,kWh
2024-06-16 08:00:00,water,71.235,L
2024-06-16 09:00:00,electricity,2.253,kWh
2024-06-16 09:00:00,water,94.37,L
2024-06-16 10:00:00,electricity,1.536,kWh
2024-06-16 10:00:00,water,21.82,L
2024-06-16 11:00:00,electricity,1.606,kWh
2024-06-16 11:00:00,water,32.417,L
2024-06-16 12:00:00,electricity,1.972,kWh
2024-06-16 12:00:00,water,37.245,L
2024-06-16 13:00:00,electricity,1.389,kWh
2024-06-16 13:00:00,water,27.398,L
2024-06-16 14:00:00,electricity,1.32,kWh
2024-06-16 14:00:00,water,34.332,L
2024-06-16 15:00:00,electricity,1.747,kWh
2024-06-16 15:00:00,water,30.084,L
2024-06-16 16:00:00,electricity,1.51,kWh
2024-06-16 16:00:00,water,31.31,L
2024-06-16 17:00:00,electricity,2.823,kWh
2024-06-16 17:00:00,water,75.997,L
2024-06-16 18:00:00,electricity,2.688,kWh
2024-06-16 18:00:00,water,69.872,L
2024-06-16 19:00:00,electricity,2.84,kWh
2024-06-16 19:00:00,water,51.589,L
2024-06-16 20:00:00,electricity,3.382,kWh
2024-06-16 20:00:00,water,60.253,L
2024-06-16 21:00:00,electricity,3.15,kWh
2024-06-16 21:00:00,water,45.743,L
2024-06-16 22:00:00,electricity,1.76,kWh
2024-06-16 22:00:00,water,43.156,L
2024-06-16 23:00:00,electricity,1.391,kWh
2024-06-16 23:00:00,water,49.54,L
2024-06-17 00:00:00,electricity,0.701,kWh
2024-06-17 00:00:00,water,5.048,L
2024-06-17 01:00:00,electricity,0.567,kWh
2024-06-17 01:00:00,water,4.028,L
2024-06-17 02:00:00,electricity,0.728,kWh
2024-06-17 02:00:00,water,5.462,L
2024-06-17 03:00:00,electricity,0.868,kWh
2024-06-17 03:00:00,water,4.212,L
2024-06-17 04:00:00,electricity,0.833,kWh
2024-06-17 04:00:00,water,3.715,L
2024-06-17 05:00:00,electricity,0.774,kWh
2024-06-17 05:00:00,water,3.881,L
2024-06-17 06:00:00,electricity,2.568,kWh
2024-06-17 06:00:00,water,45.939,L
2024-06-17 07:00:00,electricity,2.397,kWh
2024-06-17 07:00:00,water,75.149,L
2024-06-17 08:00:00,electricity,2.627,kWh
2024-06-17 08:00:00,water,75.056,L
2024-06-17 09:00:00,electricity,2.771,kWh
2024-06-17 09:00:00,water,55.323,L
2024-06-17 10:00:00,electricity,1.66,kWh
2024-06-17 10:00:00,water,24.511,L
2024-06-17 11:00:00,electricity,2.039,kWh
2024-06-17 11:00:00,water,25.489,L
2024-06-17 12:00:00,electricity,2.165,kWh
2024-06-17 12:00:00,water,22.296,L
2024-06-17 13:00:00,electricity,1.898,kWh
2024-06-17 13:00:00,water,19.893,L
2024-06-17 14:00:00,electricity,2.119,kWh
2024-06-17 14:00:00,water,24.564,L
2024-06-17 15:00:00,electricity,2.537,kWh
2024-06-17 15:00:00,water,24.229,L
2024-06-17 16:00:00,electricity,1.959,kWh
2024-06-17 16:00:00,water,24.025,L
2024-06-17 17:00:00,electricity,3.704,kWh
2024-06-17 17:00:00,water,53.903,L
2024-06-17 18:00:00,electricity,3.301,kWh
2024-06-17 18:00:00,water,61.506,L
2024-06-17 19:00:00,electricity,3.629,kWh
2024-06-17 19:00:00,water,50.591,L
2024-06-17 20:00:00,electricity,3.728,kWh
2024-06-17 20:00:00,water,53.574,L
2024-06-17 21:00:00,electricity,3.633,kWh
2024-06-17 21:00:00,water,34.248,L
2024-06-17 22:00:00,electricity,1.778,kWh
2024-06-17 22:00:00,water,33.595,L
2024-06-17 23:00:00,electricity,2.021,kWh
2024-06-17 23:00:00,water,29.177,L
2024-06-18 00:00:00,electricity,0.908,kWh
2024-06-18 00:00:00,water,4.249,L
2024-06-18 01:00:00,electricity,0.828,kWh
2024-06-18 01:00:00,water,4.476,L
2024-06-18 02:00:00,electricity,0.868,kWh
2024-06-18 02:00:00,water,3.631,L
2024-06-18 03:00:00,electricity,0.773,kWh
2024-06-18 03:00:00,water,4.837,L
2024-06-18 04:00:00,electricity,0.851,kWh
2024-06-18 04:00:00,water,4.922,L
2024-06-18 05:00:00,electricity,0.814,kWh
2024-06-18 05:00:00,water,3.836,L
2024-06-18 06:00:00,electricity,2.329,kWh
2024-06-18 06:00:00,water,64.464,L
2024-06-18 07:00:00,electricity,2.656,kWh
2024-06-18 07:00:00,water,67.856,L
2024-06-18 08:00:00,electricity,2.319,kWh
2024-06-18 08:00:00,water,58.875,L
2024-06-18 09:00:00,electricity,2.411,kWh
2024-06-18 09:00:00,water,66.641,L
2024-06-18 10:00:00,electricity,2.017,kWh
2024-06-18 10:00:00,water,25.694,L
2024-06-18 11:00:00,electricity,2.039,kWh
2024-06-18 11:00:00,water,20.761,L
2024-06-18 12:00:00,electricity,1.745,kWh
2024-06-18 12:00:00,water,26.589,L
2024-06-18 13:00:00,electricity,2.189,kWh
2024-06-18 13:00:00,water,21.873,L
2024-06-18 14:00:00,electricity,2.093,kWh
2024-06-18 14:00:00,water,28.04,L
2024-06-18 15:00:00,electricity,1.84,kWh
2024-06-18 15:00:00,water,23.17,L
2024-06-18 16:00:00,electricity,1.676,kWh
2024-06-18 16:00:00,water,24.712,L
2024-06-18 17:00:00,electricity,3.512,kWh
2024-06-18 17:00:00,water,61.145,L
2024-06-18 18:00:00,electricity,3.405,kWh
2024-06-18 18:00:00,water,55.627,L
2024-06-18 19:00:00,electricity,3.604,kWh
2024-06-18 19:00:00,water,45.699,L
2024-06-18 20:00:00,electricity,3.435,kWh
2024-06-18 20:00:00,water,46.106,L
2024-06-18 21:00:00,electricity,2.849,kWh
2024-06-18 21:00:00,water,29.235,L
2024-06-18 22:00:00,electricity,1.903,kWh
2024-06-18 22:00:00,water,32.992,L
2024-06-18 23:00:00,electricity,1.919,kWh
2024-06-18 23:00:00,water,32.854,L
2024-06-19 00:00:00,electricity,0.842,kWh
2024-06-19 00:00:00,water,3.775,L
2024-06-19 01:00:00,electricity,0.737,kWh
2024-06-19 01:00:00,water,3.612,L
2024-06-19 02:00:00,electricity,0.925,kWh
2024-06-19 02:00:00,water,4.342,L
2024-06-19 03:00:00,electricity,0.641,kWh
2024-06-19 03:00:00,water,4.108,L
2024-06-19 04:00:00,electricity,0.896,kWh
2024-06-19 04:00:00,water,5.287,L
2024-06-19 05:00:00,electricity,0.774,kWh
2024-06-19 05:00:00,water,4.218,L
2024-06-19 06:00:00,electricity,2.795,kWh
2024-06-19 06:00:00,water,76.716,L
2024-06-19 07:00:00,electricity,2.595,kWh
2024-06-19 07:00:00,water,54.152,L
2024-06-19 08:00:00,electricity,2.867,kWh
2024-06-19 08:00:00,water,51.107,L
2024-06-19 09:00:00,electricity,2.474,kWh
2024-06-19 09:00:00,water,54.532,L
2024-06-19 10:00:00,electricity,1.762,kWh
2024-06-19 10:00:00,water,28.796,L
2024-06-19 11:00:00,electricity,2.261,kWh
2024-06-19 11:00:00,water,30.51,L
2024-06-19 12:00:00,electricity,1.958,kWh
2024-06-19 12:00:00,water,22.835,L
2024-06-19 13:00:00,electricity,2.024,kWh
2024-06-19 13:00:00,water,23.807,L
2024-06-19 14:00:00,electricity,2.224,kWh
2024-06-19 14:00:00,water,21.665,L
2024-06-19 15:00:00,electricity,1.776,kWh
2024-06-19 15:00:00,water,19.722,L
2024-06-19 16:00:00,electricity,2.098,kWh
2024-06-19 16:00:00,water,27.372,L
2024-06-19 17:00:00,electricity,3.354,kWh
2024-06-19 17:00:00,water,53.905,L
2024-06-19 18:00:00,electricity,3.517,kWh
2024-06-19 18:00:00,water,52.566,L
2024-06-19 19:00:00,electricity,3.59,kWh
2024-06-19 19:00:00,water,43.68,L
2024-06-19 20:00:00,electricity,3.029,kWh
2024-06-19 20:00:00,water,62.832,L
2024-06-19 21:00:00,electricity,3.286,kWh
2024-06-19 21:00:00,water,29.597,L
2024-06-19 22:00:00,electricity,2.248,kWh
2024-06-19 22:00:00,water,33.517,L
2024-06-19 23:00:00,electricity,2.155,kWh
2024-06-19 23:00:00,water,26.002,L
2024-06-20 00:00:00,electricity,0.787,kWh
2024-06-20 00:00:00,water,4.104,L
2024-06-20 01:00:00,electricity,0.811,kWh
2024-06-20 01:00:00,water,4.347,L
2024-06-20 02:00:00,electricity,0.769,kWh
2024-06-20 02:00:00,water,4.365,L
2024-06-20 03:00:00,electricity,0.899,kWh
2024-06-20 03:00:00,water,4.278,L
2024-06-20 04:00:00,electricity,0.776,kWh
2024-06-20 04:00:00,water,4.449,L
2024-06-20 05:00:00,electricity,0.81,kWh
2024-06-20 05:00:00,water,3.63,L
2024-06-20 06:00:00,electricity,2.869,kWh
2024-06-20 06:00:00,water,64.492,L
2024-06-20 07:00:00,electricity,2.374,kWh
2024-06-20 07:00:00,water,63.86,L
2024-06-20 08:00:00,electricity,2.975,kWh
2024-06-20 08:00:00,water,64.751,L
2024-06-20 09:00:00,electricity,2.18,kWh
2024-06-20 09:00:00,water,63.547,L
2024-06-20 10:00:00,electricity,2.303,kWh
2024-06-20 10:00:00,water,21.35,L
2024-06-20 11:00:00,electricity,1.906,kWh
2024-06-20 11:00:00,water,21.215,L
2024-06-20 12:00:00,electricity,1.932,kWh
2024-06-20 12:00:00,water,18.504,L
2024-06-20 13:00:00,electricity,1.606,kWh
2024-06-20 13:00:00,water,27.672,L
2024-06-20 14:00:00,electricity,1.89,kWh
2024-06-20 14:00:00,water,27.703,L
2024-06-20 15:00:00,electricity,1.774,kWh
2024-06-20 15:00:00,water,27.751,L
2024-06-20 16:00:00,electricity,1.86,kWh
2024-06-20 16:00:00,water,26.128,L
2024-06-20 17:00:00,electricity,3.515,kWh
2024-06-20 17:00:00,water,39.061,L
2024-06-20 18:00:00,electricity,3.905,kWh
2024-06-20 18:00:00,water,46.032,L
2024-06-20 19:00:00,electricity,3.638,kWh
2024-06-20 19:00:00,water,53.574,L
2024-06-20 20:00:00,electricity,3.674,kWh
2024-06-20 20:00:00,water,53.354,L
2024-06-20 21:00:00,electricity,3.174,kWh
2024-06-20 21:00:00,water,30.658,L
2024-06-20 22:00:00,electricity,1.806,kWh
2024-06-20 22:00:00,water,32.895,L
2024-06-20 23:00:00,electricity,2.336,kWh
2024-06-20 23:00:00,water,31.544,L
2024-06-21 00:00:00,electricity,0.734,kWh
2024-06-21 00:00:00,water,4.261,L
2024-06-21 01:00:00,electricity,0.923,kWh
2024-06-21 01:00:00,water,3.878,L
2024-06-21 02:00:00,electricity,0.773,kWh
2024-06-21 02:00:00,water,4.695,L
2024-06-21 03:00:00,electricity,0.792,kWh
2024-06-21 03:00:00,water,3.983,L
2024-06-21 04:00:00,electricity,0.877,kWh
2024-06-21 04:00:00,water,3.529,L
2024-06-21 05:00:00,electricity,0.893,kWh
2024-06-21 05:00:00,water,3.811,L
2024-06-21 06:00:00,electricity,2.545,kWh
2024-06-21 06:00:00,water,60.366,L
2024-06-21 07:00:00,electricity,2.474,kWh
2024-06-21 07:00:00,water,70.515,L
2024-06-21 08:00:00,electricity,2.56,kWh
2024-06-21 08:00:00,water,62.68,L
2024-06-21 09:00:00,electricity,2.661,kWh
2024-06-21 09:00:00,water,61.593,L
2024-06-21 10:00:00,electricity,2.156,kWh
2024-06-21 10:00:00,water,21.424,L
2024-06-21 11:00:00,electricity,1.981,kWh
2024-06-21 11:00:00,water,27.575,L
2024-06-21 12:00:00,electricity,2.103,kWh
2024-06-21 12:00:00,water,23.228,L
2024-06-21 13:00:00,electricity,2.304,kWh
2024-06-21 13:00:00,water,24.898,L
2024-06-21 14:00:00,electricity,2.055,kWh
2024-06-21 14:00:00,water,29.676,L
2024-06-21 15:00:00,electricity,2.042,kWh
2024-06-21 15:00:00,water,26.739,L
2024-06-21 16:00:00,electricity,1.679,kWh
2024-06-21 16:00:00,water,20.276,L
2024-06-21 17:00:00,electricity,2.626,kWh
2024-06-21 17:00:00,water,41.352,L
2024-06-21 18:00:00,electricity,3.702,kWh
2024-06-21 18:00:00,water,52.095,L
2024-06-21 19:00:00,electricity,3.53,kWh
2024-06-21 19:00:00,water,44.86,L
2024-06-21 20:00:00,electricity,3.381,kWh
2024-06-21 20:00:00,water,56.586,L
2024-06-21 21:00:00,electricity,3.651,kWh
2024-06-21 21:00:00,water,31.66,L
2024-06-21 22:00:00,electricity,1.968,kWh
2024-06-21 22:00:00,water,32.125,L
2024-06-21 23:00:00,electricity,2.203,kWh
2024-06-21 23:00:00,water,28.829,L
2024-06-22 00:00:00,electricity,0.654,kWh
2024-06-22 00:00:00,water,6.601,L
2024-06-22 01:00:00,electricity,0.6,kWh
2024-06-22 01:00:00,water,7.322,L
2024-06-22 02:00:00,electricity,0.712,kWh
2024-06-22 02:00:00,water,5.277,L
2024-06-22 03:00:00,electricity,0.634,kWh
2024-06-22 03:00:00,water,5.691,L
2024-06-22 04:00:00,electricity,0.682,kWh
2024-06-22 04:00:00,water,5.524,L
2024-06-22 05:00:00,electricity,0.617,kWh
2024-06-22 05:00:00,water,5.29,L
2024-06-22 06:00:00,electricity,1.969,kWh
2024-06-22 06:00:00,water,73.722,L
2024-06-22 07:00:00,electricity,2.124,kWh
2024-06-22 07:00:00,water,71.237,L
2024-06-22 08:00:00,electricity,2.109,kWh
2024-06-22 08:00:00,water,70.739,L
2024-06-22 09:00:00,electricity,2.207,kWh
2024-06-22 09:00:00,water,85.883,L
2024-06-22 10:00:00,electricity,1.576,kWh
2024-06-22 10:00:00,water,30.717,L
2024-06-22 11:00:00,electricity,1.323,kWh
2024-06-22 11:00:00,water,22.624,L
2024-06-22 12:00:00,electricity,1.55,kWh
2024-06-22 12:00:00,water,34.509,L
2024-06-22 13:00:00,electricity,1.749,kWh
2024-06-22 13:00:00,water,32.61,L
2024-06-22 14:00:00,electricity,1.572,kWh
2024-06-22 14:00:00,water,38.054,L
2024-06-22 15:00:00,electricity,1.58,kWh
2024-06-22 15:00:00,water,34.227,L
2024-06-22 16:00:00,electricity,1.78,kWh
2024-06-22 16:00:00,water,26.947,L
2024-06-22 17:00:00,electricity,2.708,kWh
2024-06-22 17:00:00,water,49.989,L
2024-06-22 18:00:00,electricity,2.466,kWh
2024-06-22 18:00:00,water,62.358,L
2024-06-22 19:00:00,electricity,2.869,kWh
2024-06-22 19:00:00,water,63.13,L
2024-06-22 20:00:00,electricity,2.775,kWh
2024-06-22 20:00:00,water,75.974,L
2024-06-22 21:00:00,electricity,2.634,kWh
2024-06-22 21:00:00,water,40.906,L
2024-06-22 22:00:00,electricity,1.592,kWh
2024-06-22 22:00:00,water,46.521,L
2024-06-22 23:00:00,electricity,1.7,kWh
2024-06-22 23:00:00,water,34.44,L
2024-06-23 00:00:00,electricity,0.647,kWh
2024-06-23 00:00:00,water,6.092,L
2024-06-23 01:00:00,electricity,0.668,kWh
2024-06-23 01:00:00,water,5.932,L
2024-06-23 02:00:00,electricity,0.766,kWh
2024-06-23 02:00:00,water,4.138,L
2024-06-23 03:00:00,electricity,0.626,kWh
2024-06-23 03:00:00,water,6.327,L
2024-06-23 04:00:00,electricity,0.666,kWh
2024-06-23 04:00:00,water,5.521,L
2024-06-23 05:00:00,electricity,0.615,kWh
2024-06-23 05:00:00,water,5.717,L
2024-06-23 06:00:00,electricity,1.928,kWh
2024-06-23 06:00:00,water,73.4,L
2024-06-23 07:00:00,electricity,1.983,kWh
2024-06-23 07:00:00,water,94.433,L
2024-06-23 08:00:00,electricity,2.005,kWh
2024-06-23 08:00:00,water,70.245,L
2024-06-23 09:00:00,electricity,2.182,kWh
2024-06-23 09:00:00,water,90.078,L
2024-06-23 10:00:00,electricity,2.001,kWh
2024-06-23 10:00:00,water,35.986,L
2024-06-23 11:00:00,electricity,1.504,kWh
2024-06-23 11:00:00,water,28.93,L
2024-06-23 12:00:00,electricity,1.553,kWh
2024-06-23 12:00:00,water,40.557,L
2024-06-23 13:00:00,electricity,1.61,kWh
2024-06-23 13:00:00,water,33.67,L
2024-06-23 14:00:00,electricity,1.684,kWh
2024-06-23 14:00:00,water,35.331,L
2024-06-23 15:00:00,electricity,1.663,kWh
2024-06-23 15:00:00,water,26.757,L
2024-06-23 16:00:00,electricity,1.828,kWh
2024-06-23 16:00:00,water,41.085,L
2024-06-23 17:00:00,electricity,2.208,kWh
2024-06-23 17:00:00,water,58.221,L
2024-06-23 18:00:00,electricity,2.22,kWh
2024-06-23 18:00:00,water,76.644,L
2024-06-23 19:00:00,electricity,2.771,kWh
2024-06-23 19:00:00,water,60.103,L
2024-06-23 20:00:00,electricity,3.236,kWh
2024-06-23 20:00:00,water,63.18,L
2024-06-23 21:00:00,electricity,2.459,kWh
2024-06-23 21:00:00,water,44.826,L
2024-06-23 22:00:00,electricity,1.133,kWh
2024-06-23 22:00:00,water,45.999,L
2024-06-23 23:00:00,electricity,1.713,kWh
2024-06-23 23:00:00,water,34.703,L
2024-06-24 00:00:00,electricity,0.811,kWh
2024-06-24 00:00:00,water,4.75,L
2024-06-24 01:00:00,electricity,0.706,kWh
2024-06-24 01:00:00,water,4.727,L
2024-06-24 02:00:00,electricity,0.714,kWh
2024-06-24 02:00:00,water,3.727,L
2024-06-24 03:00:00,electricity,0.715,kWh
2024-06-24 03:00:00,water,5.006,L
2024-06-24 04:00:00,electricity,0.801,kWh
2024-06-24 04:00:00,water,3.466,L
2024-06-24 05:00:00,electricity,0.742,kWh
2024-06-24 05:00:00,water,3.885,L
2024-06-24 06:00:00,electricity,2.701,kWh
2024-06-24 06:00:00,water,66.621,L
2024-06-24 07:00:00,electricity,1.839,kWh
2024-06-24 07:00:00,water,56.547,L
2024-06-24 08:00:00,electricity,2.353,kWh
2024-06-24 08:00:00,water,64.994,L
2024-06-24 09:00:00,electricity,2.284,kWh
2024-06-24 09:00:00,water,64.823,L
2024-06-24 10:00:00,electricity,1.929,kWh
2024-06-24 10:00:00,water,24.634,L
2024-06-24 11:00:00,electricity,1.873,kWh
2024-06-24 11:00:00,water,27.717,L
2024-06-24 12:00:00,electricity,2.138,kWh
2024-06-24 12:00:00,water,24.509,L
2024-06-24 13:00:00,electricity,1.612,kWh
2024-06-24 13:00:00,water,25.9,L
2024-06-24 14:00:00,electricity,1.989,kWh
2024-06-24 14:00:00,water,28.667,L
2024-06-24 15:00:00,electricity,2.091,kWh
2024-06-24 15:00:00,water,27.591,L
2024-06-24 16:00:00,electricity,2.348,kWh
2024-06-24 16:00:00,water,27.577,L
2024-06-24 17:00:00,electricity,3.392,kWh
2024-06-24 17:00:00,water,45.26,L
2024-06-24 18:00:00,electricity,3.68,kWh
2024-06-24 18:00:00,water,55.806,L
2024-06-24 19:00:00,electricity,2.921,kWh
2024-06-24 19:00:00,water,46.965,L
2024-06-24 20:00:00,electricity,2.712,kWh
2024-06-24 20:00:00,water,44.427,L
2024-06-24 21:00:00,electricity,3.865,kWh
2024-06-24 21:00:00,water,31.229,L
2024-06-24 22:00:00,electricity,1.979,kWh
2024-06-24 22:00:00,water,28.082,L
2024-06-24 23:00:00,electricity,2.213,kWh
2024-06-24 23:00:00,water,34.489,L
2024-06-25 00:00:00,electricity,0.683,kWh
2024-06-25 00:00:00,water,4.611,L
2024-06-25 01:00:00,electricity,0.833,kWh
2024-06-25 01:00:00,water,3.241,L
2024-06-25 02:00:00,electricity,0.94,kWh
2024-06-25 02:00:00,water,3.783,L
2024-06-25 03:00:00,electricity,0.825,kWh
2024-06-25 03:00:00,water,3.464,L
2024-06-25 04:00:00,electricity,0.814,kWh
2024-06-25 04:00:00,water,3.967,L
2024-06-25 05:00:00,electricity,0.793,kWh
2024-06-25 05:00:00,water,4.429,L
2024-06-25 06:00:00,electricity,2.17,kWh
2024-06-25 06:00:00,water,61.168,L
2024-06-25 07:00:00,electricity,2.923,kWh
2024-06-25 07:00:00,water,58.541,L
2024-06-25 08:00:00,electricity,2.417,kWh
2024-06-25 08:00:00,water,72.829,L
2024-06-25 09:00:00,electricity,2.704,kWh
2024-06-25 09:00:00,water,45.575,L
2024-06-25 10:00:00,electricity,1.671,kWh
2024-06-25 10:00:00,water,28.94,L
2024-06-25 11:00:00,electricity,1.746,kWh
2024-06-25 11:00:00,water,23.554,L
2024-06-25 12:00:00,electricity,2.264,kWh
2024-06-25 12:00:00,water,24.964,L
2024-06-25 13:00:00,electricity,1.911,kWh
2024-06-25 13:00:00,water,23.605,L
2024-06-25 14:00:00,electricity,2.268,kWh
2024-06-25 14:00:00,water,29.866,L
2024-06-25 15:00:00,electricity,1.965,kWh
2024-06-25 15:00:00,water,21.478,L
2024-06-25 16:00:00,electricity,1.615,kWh
2024-06-25 16:00:00,water,25.235,L
2024-06-25 17:00:00,electricity,3.882,kWh
2024-06-25 17:00:00,water,55.823,L
2024-06-25 18:00:00,electricity,3.354,kWh
2024-06-25 18:00:00,water,42.351,L
2024-06-25 19:00:00,electricity,3.813,kWh
2024-06-25 19:00:00,water,46.705,L
2024-06-25 20:00:00,electricity,3.573,kWh
2024-06-25 20:00:00,water,51.566,L
2024-06-25 21:00:00,electricity,3.014,kWh
2024-06-25 21:00:00,water,28.148,L
2024-06-25 22:00:00,electricity,2.013,kWh
2024-06-25 22:00:00,water,28.417,L
2024-06-25 23:00:00,electricity,2.415,kWh
2024-06-25 23:00:00,water,30.178,L
2024-06-26 00:00:00,electricity,0.831,kWh
2024-06-26 00:00:00,water,4.527,L
2024-06-26 01:00:00,electricity,0.787,kWh
2024-06-26 01:00:00,water,4.027,L
2024-06-26 02:00:00,electricity,0.877,kWh
2024-06-26 02:00:00,water,4.744,L
2024-06-26 03:00:00,electricity,0.809,kWh
2024-06-26 03:00:00,water,3.697,L
2024-06-26 04:00:00,electricity,0.809,kWh
2024-06-26 04:00:00,water,3.569,L
2024-06-26 05:00:00,electricity,0.706,kWh
2024-06-26 05:00:00,water,5.171,L
2024-06-26 06:00:00,electricity,2.634,kWh
2024-06-26 06:00:00,water,58.026,L
2024-06-26 07:00:00,electricity,2.841,kWh
2024-06-26 07:00:00,water,53.09,L
2024-06-26 08:00:00,electricity,2.359,kWh
2024-06-26 08:00:00,water,49.83,L
2024-06-26 09:00:00,electricity,2.941,kWh
2024-06-26 09:00:00,water,71.128,L
2024-06-26 10:00:00,electricity,1.962,kWh
2024-06-26 10:00:00,water,24.168,L
2024-06-26 11:00:00,electricity,1.804,kWh
2024-06-26 11:00:00,water,24.433,L
2024-06-26 12:00:00,electricity,2.178,kWh
2024-06-26 12:00:00,water,24.719,L
2024-06-26 13:00:00,electricity,1.923,kWh
2024-06-26 13:00:00,water,28.263,L
2024-06-26 14:00:00,electricity,2.13,kWh
2024-06-26 14:00:00,water,24.657,L
2024-06-26 15:00:00,electricity,1.922,kWh
2024-06-26 15:00:00,water,32.288,L
2024-06-26 16:00:00,electricity,1.968,kWh
2024-06-26 16:00:00,water,25.604,L
2024-06-26 17:00:00,electricity,3.74,kWh
2024-06-26 17:00:00,water,59.189,L
2024-06-26 18:00:00,electricity,3.668,kWh
2024-06-26 18:00:00,water,57.573,L
2024-06-26 19:00:00,electricity,2.853,kWh
2024-06-26 19:00:00,water,52.27,L
2024-06-26 20:00:00,electricity,3.164,kWh
2024-06-26 20:00:00,water,48.802,L
2024-06-26 21:00:00,electricity,3.895,kWh
2024-06-26 21:00:00,water,32.755,L
2024-06-26 22:00:00,electricity,1.954,kWh
2024-06-26 22:00:00,water,33.428,L
2024-06-26 23:00:00,electricity,1.876,kWh
2024-06-26 23:00:00,water,29.336,L
2024-06-27 00:00:00,electricity,0.684,kWh
2024-06-27 00:00:00,water,4.284,L
2024-06-27 01:00:00,electricity,0.706,kWh
2024-06-27 01:00:00,water,4.823,L
2024-06-27 02:00:00,electricity,0.632,kWh
2024-06-27 02:00:00,water,5.243,L
2024-06-27 03:00:00,electricity,0.784,kWh
2024-06-27 03:00:00,water,4.631,L
2024-06-27 04:00:00,electricity,0.745,kWh
2024-06-27 04:00:00,water,5.139,L
2024-06-27 05:00:00,electricity,0.715,kWh
2024-06-27 05:00:00,water,3.883,L
2024-06-27 06:00:00,electricity,2.556,kWh
2024-06-27 06:00:00,water,68.306,L
2024-06-27 07:00:00,electricity,2.668,kWh
2024-06-27 07:00:00,water,73.119,L
2024-06-27 08:00:00,electricity,3.113,kWh
2024-06-27 08:00:00,water,56.224,L
2024-06-27 09:00:00,electricity,2.185,kWh
2024-06-27 09:00:00,water,59.329,L
2024-06-27 10:00:00,electricity,2.21,kWh
2024-06-27 10:00:00,water,30.455,L
2024-06-27 11:00:00,electricity,2.173,kWh
2024-06-27 11:00:00,water,22.251,L
2024-06-27 12:00:00,electricity,1.826,kWh
2024-06-27 12:00:00,water,21.144,L
2024-06-27 13:00:00,electricity,2.02,kWh
2024-06-27 13:00:00,water,29.821,L
2024-06-27 14:00:00,electricity,1.889,kWh
2024-06-27 14:00:00,water,28.819,L
2024-06-27 15:00:00,electricity,2.017,kWh
2024-06-27 15:00:00,water,26.507,L
2024-06-27 16:00:00,electricity,2.279,kWh
2024-06-27 16:00:00,water,25.062,L
2024-06-27 17:00:00,electricity,3.78,kWh
2024-06-27 17:00:00,water,49.737,L
2024-06-27 18:00:00,electricity,3.745,kWh
2024-06-27 18:00:00,water,54.276,L
2024-06-27 19:00:00,electricity,3.411,kWh
2024-06-27 19:00:00,water,62.453,L
2024-06-27 20:00:00,electricity,3.035,kWh
2024-06-27 20:00:00,water,54.003,L
2024-06-27 21:00:00,electricity,3.49,kWh
2024-06-27 21:00:00,water,39.691,L
2024-06-27 22:00:00,electricity,2.219,kWh
2024-06-27 22:00:00,water,28.106,L
2024-06-27 23:00:00,electricity,1.678,kWh
2024-06-27 23:00:00,water,31.426,L
2024-06-28 00:00:00,electricity,0.708,kWh
2024-06-28 00:00:00,water,4.012,L
2024-06-28 01:00:00,electricity,0.802,kWh
2024-06-28 01:00:00,water,3.653,L
2024-06-28 02:00:00,electricity,0.714,kWh
2024-06-28 02:00:00,water,4.123,L
2024-06-28 03:00:00,electricity,0.729,kWh
2024-06-28 03:00:00,water,4.41,L
2024-06-28 04:00:00,electricity,0.758,kWh
2024-06-28 04:00:00,water,4.464,L
2024-06-28 05:00:00,electricity,0.684,kWh
2024-06-28 05:00:00,water,5.294,L
2024-06-28 06:00:00,electricity,2.323,kWh
2024-06-28 06:00:00,water,66.511,L
2024-06-28 07:00:00,electricity,2.755,kWh
2024-06-28 07:00:00,water,71.695,L
2024-06-28 08:00:00,electricity,2.237,kWh
2024-06-28 08:00:00,water,63.5,L
2024-06-28 09:00:00,electricity,2.163,kWh
2024-06-28 09:00:00,water,75.686,L
2024-06-28 10:00:00,electricity,1.855,kWh
2024-06-28 10:00:00,water,32.453,L
2024-06-28 11:00:00,electricity,2.125,kWh
2024-06-28 11:00:00,water,26.806,L
2024-06-28 12:00:00,electricity,1.941,kWh
2024-06-28 12:00:00,water,22.198,L
2024-06-28 13:00:00,electricity,1.888,kWh
2024-06-28 13:00:00,water,23.54,L
2024-06-28 14:00:00,electricity,1.989,kWh
2024-06-28 14:00:00,water,26.053,L
2024-06-28 15:00:00,electricity,1.634,kWh
2024-06-28 15:00:00,water,26.58,L
2024-06-28 16:00:00,electricity,2.078,kWh
2024-06-28 16:00:00,water,27.312,L
2024-06-28 17:00:00,electricity,3.701,kWh
2024-06-28 17:00:00,water,55.399,L
2024-06-28 18:00:00,electricity,3.418,kWh
2024-06-28 18:00:00,water,52.544,L
2024-06-28 19:00:00,electricity,3.923,kWh
2024-06-28 19:00:00,water,48.492,L
2024-06-28 20:00:00,electricity,3.162,kWh
2024-06-28 20:00:00,water,55.027,L
2024-06-28 21:00:00,electricity,3.966,kWh
2024-06-28 21:00:00,water,38.512,L
2024-06-28 22:00:00,electricity,2.011,kWh
2024-06-28 22:00:00,water,35.355,L
2024-06-28 23:00:00,electricity,1.913,kWh
2024-06-28 23:00:00,water,33.521,L
2024-06-29 00:00:00,electricity,0.647,kWh
2024-06-29 00:00:00,water,6.135,L
2024-06-29 01:00:00,electricity,0.641,kWh
2024-06-29 01:00:00,water,5.217,L
2024-06-29 02:00:00,electricity,0.727,kWh
2024-06-29 02:00:00,water,5.127,L
2024-06-29 03:00:00,electricity,0.578,kWh
2024-06-29 03:00:00,water,4.97,L
2024-06-29 04:00:00,electricity,0.599,kWh
2024-06-29 04:00:00,water,5.378,L
2024-06-29 05:00:00,electricity,0.715,kWh
2024-06-29 05:00:00,water,5.184,L
2024-06-29 06:00:00,electricity,1.981,kWh
2024-06-29 06:00:00,water,93.775,L
2024-06-29 07:00:00,electricity,2.296,kWh
2024-06-29 07:00:00,water,77.229,L
2024-06-29 08:00:00,electricity,2.464,kWh
2024-06-29 08:00:00,water,74.011,L
2024-06-29 09:00:00,electricity,2.021,kWh
2024-06-29 09:00:00,water,100.992,L
2024-06-29 10:00:00,electricity,1.73,kWh
2024-06-29 10:00:00,water,30.986,L
2024-06-29 11:00:00,electricity,1.433,kWh
2024-06-29 11:00:00,water,33.364,L
2024-06-29 12:00:00,electricity,1.742,kWh
2024-06-29 12:00:00,water,34.534,L
2024-06-29 13:00:00,electricity,1.652,kWh
2024-06-29 13:00:00,water,28.291,L
2024-06-29 14:00:00,electricity,1.697,kWh
2024-06-29 14:00:00,water,37.617,L
2024-06-29 15:00:00,electricity,1.515,kWh
2024-06-29 15:00:00,water,35.265,L
2024-06-29 16:00:00,electricity,1.351,kWh
2024-06-29 16:00:00,water,38.886,L
2024-06-29 17:00:00,electricity,3.063,kWh
2024-06-29 17:00:00,water,62.687,L
2024-06-29 18:00:00,electricity,2.314,kWh
2024-06-29 18:00:00,water,69.062,L
2024-06-29 19:00:00,electricity,2.823,kWh
2024-06-29 19:00:00,water,68.572,L
2024-06-29 20:00:00,electricity,3.19,kWh
2024-06-29 20:00:00,water,70.411,L
2024-06-29 21:00:00,electricity,2.972,kWh
2024-06-29 21:00:00,water,33.802,L
2024-06-29 22:00:00,electricity,1.936,kWh
2024-06-29 22:00:00,water,41.495,L
2024-06-29 23:00:00,electricity,1.786,kWh
2024-06-29 23:00:00,water,33.94,L
2024-06-30 00:00:00,electricity,0.606,kWh
2024-06-30 00:00:00,water,5.695,L
2024-06-30 01:00:00,electricity,0.073,kWh
2024-06-30 01:00:00,water,4.065,L
2024-06-30 02:00:00,electricity,0.645,kWh
2024-06-30 02:00:00,water,4.247,L
2024-06-30 03:00:00,electricity,0.545,kWh
2024-06-30 03:00:00,water,5.996,L
2024-06-30 04:00:00,electricity,0.587,kWh
2024-06-30 04:00:00,water,5.102,L
2024-06-30 05:00:00,electricity,0.612,kWh
2024-06-30 05:00:00,water,4.813,L
2024-06-30 06:00:00,electricity,1.677,kWh
2024-06-30 06:00:00,water,94.39,L
2024-06-30 07:00:00,electricity,2.116,kWh
2024-06-30 07:00:00,water,85.12,L
2024-06-30 08:00:00,electricity,2.054,kWh
2024-06-30 08:00:00,water,90.471,L
2024-06-30 09:00:00,electricity,1.754,kWh
2024-06-30 09:00:00,water,80.266,L
2024-06-30 10:00:00,electricity,1.685,kWh
2024-06-30 10:00:00,water,43.294,L
2024-06-30 11:00:00,electricity,1.736,kWh
2024-06-30 11:00:00,water,30.384,L
2024-06-30 12:00:00,electricity,1.657,kWh
2024-06-30 12:00:00,water,39.618,L
2024-06-30 13:00:00,electricity,1.568,kWh
2024-06-30 13:00:00,water,32.519,L
2024-06-30 14:00:00,electricity,1.716,kWh
2024-06-30 14:00:00,water,26.256,L
2024-06-30 15:00:00,electricity,1.73,kWh
2024-06-30 15:00:00,water,34.658,L
2024-06-30 16:00:00,electricity,1.67,kWh
2024-06-30 16:00:00,water,33.997,L
2024-06-30 17:00:00,electricity,2.676,kWh
2024-06-30 17:00:00,water,59.64,L
2024-06-30 18:00:00,electricity,2.997,kWh
2024-06-30 18:00:00,water,60.697,L
2024-06-30 19:00:00,electricity,3.265,kWh
2024-06-30 19:00:00,water,68.048,L
2024-06-30 20:00:00,electricity,2.742,kWh
2024-06-30 20:00:00,water,71.114,L
2024-06-30 21:00:00,electricity,3.528,kWh
2024-06-30 21:00:00,water,28.809,L
2024-06-30 22:00:00,electricity,1.535,kWh
2024-06-30 22:00:00,water,46.125,L
2024-06-30 23:00:00,electricity,1.625,kWh
2024-06-30 23:00:00,water,38.52,L
2024-07-01 00:00:00,electricity,0.739,kWh
2024-07-01 00:00:00,water,3.529,L
2024-07-01 01:00:00,electricity,0.81,kWh
2024-07-01 01:00:00,water,4.674,L
2024-07-01 02:00:00,electricity,0.654,kWh
2024-07-01 02:00:00,water,4.188,L
2024-07-01 03:00:00,electricity,0.749,kWh
2024-07-01 03:00:00,water,4.813,L
2024-07-01 04:00:00,electricity,0.706,kWh
2024-07-01 04:00:00,water,4.421,L
2024-07-01 05:00:00,electricity,0.803,kWh
2024-07-01 05:00:00,water,4.199,L
2024-07-01 06:00:00,electricity,2.83,kWh
2024-07-01 06:00:00,water,61.845,L
2024-07-01 07:00:00,electricity,2.74,kWh
2024-07-01 07:00:00,water,66.649,L
2024-07-01 08:00:00,electricity,1.964,kWh
2024-07-01 08:00:00,water,59.874,L
2024-07-01 09:00:00,electricity,3.1,kWh
2024-07-01 09:00:00,water,56.555,L
2024-07-01 10:00:00,electricity,2.038,kWh
2024-07-01 10:00:00,water,27.044,L
2024-07-01 11:00:00,electricity,1.826,kWh
2024-07-01 11:00:00,water,24.763,L
2024-07-01 12:00:00,electricity,2.011,kWh
2024-07-01 12:00:00,water,25.302,L
2024-07-01 13:00:00,electricity,2.015,kWh
2024-07-01 13:00:00,water,28.494,L
2024-07-01 14:00:00,electricity,1.848,kWh
2024-07-01 14:00:00,water,24.856,L
2024-07-01 15:00:00,electricity,2.019,kWh
2024-07-01 15:00:00,water,25.245,L
2024-07-01 16:00:00,electricity,1.86,kWh
2024-07-01 16:00:00,water,23.387,L
2024-07-01 17:00:00,electricity,3.42,kWh
2024-07-01 17:00:00,water,55.214,L
2024-07-01 18:00:00,electricity,3.319,kWh
2024-07-01 18:00:00,water,54.704,L
2024-07-01 19:00:00,electricity,3.053,kWh
2024-07-01 19:00:00,water,58.175,L
2024-07-01 20:00:00,electricity,3.616,kWh
2024-07-01 20:00:00,water,48.851,L
2024-07-01 21:00:00,electricity,3.773,kWh
2024-07-01 21:00:00,water,29.769,L
2024-07-01 22:00:00,electricity,2.082,kWh
2024-07-01 22:00:00,water,34.494,L
2024-07-01 23:00:00,electricity,2.142,kWh
2024-07-01 23:00:00,water,32.453,L
2024-07-02 00:00:00,electricity,0.818,kWh
2024-07-02 00:00:00,water,3.743,L
2024-07-02 01:00:00,electricity,0.75,kWh
2024-07-02 01:00:00,water,4.859,L
2024-07-02 02:00:00,electricity,0.859,kWh
2024-07-02 02:00:00,water,3.344,L
2024-07-02 03:00:00,electricity,0.684,kWh
2024-07-02 03:00:00,water,4.595,L
2024-07-02 04:00:00,electricity,0.721,kWh
2024-07-02 04:00:00,water,3.562,L
2024-07-02 05:00:00,electricity,0.716,kWh
2024-07-02 05:00:00,water,5.15,L
2024-07-02 06:00:00,electricity,2.852,kWh
2024-07-02 06:00:00,water,51.323,L
2024-07-02 07:00:00,electricity,2.817,kWh
2024-07-02 07:00:00,water,71.711,L
2024-07-02 08:00:00,electricity,2.699,kWh
2024-07-02 08:00:00,water,62.383,L
2024-07-02 09:00:00,electricity,2.85,kWh
2024-07-02 09:00:00,water,60.228,L
2024-07-02 10:00:00,electricity,1.806,kWh
2024-07-02 10:00:00,water,25.761,L
2024-07-02 11:00:00,electricity,2.049,kWh
2024-07-02 11:00:00,water,27.111,L
2024-07-02 12:00:00,electricity,1.955,kWh
2024-07-02 12:00:00,water,22.465,L
2024-07-02 13:00:00,electricity,2.148,kWh
2024-07-02 13:00:00,water,22.733,L
2024-07-02 14:00:00,electricity,1.957,kWh
2024-07-02 14:00:00,water,27.164,L
2024-07-02 15:00:00,electricity,1.904,kWh
2024-07-02 15:00:00,water,20.037,L
2024-07-02 16:00:00,electricity,2.087,kWh
2024-07-02 16:00:00,water,23.433,L
2024-07-02 17:00:00,electricity,3.876,kWh
2024-07-02 17:00:00,water,71.656,L
2024-07-02 18:00:00,electricity,3.326,kWh
2024-07-02 18:00:00,water,46.402,L
2024-07-02 19:00:00,electricity,3.542,kWh
2024-07-02 19:00:00,water,59.731,L
2024-07-02 20:00:00,electricity,3.187,kWh
2024-07-02 20:00:00,water,48.809,L
2024-07-02 21:00:00,electricity,2.674,kWh
2024-07-02 21:00:00,water,33.424,L
2024-07-02 22:00:00,electricity,2.02,kWh
2024-07-02 22:00:00,water,33.973,L
2024-07-02 23:00:00,electricity,2.101,kWh
2024-07-02 23:00:00,water,35.767,L
2024-07-03 00:00:00,electricity,0.813,kWh
2024-07-03 00:00:00,water,4.099,L
2024-07-03 01:00:00,electricity,0.638,kWh
2024-07-03 01:00:00,water,5.202,L
2024-07-03 02:00:00,electricity,0.764,kWh
2024-07-03 02:00:00,water,3.903,L
2024-07-03 03:00:00,electricity,0.616,kWh
2024-07-03 03:00:00,water,4.318,L
2024-07-03 04:00:00,electricity,0.9,kWh
2024-07-03 04:00:00,water,4.324,L
2024-07-03 05:00:00,electricity,0.706,kWh
2024-07-03 05:00:00,water,3.635,L
2024-07-03 06:00:00,electricity,2.897,kWh
2024-07-03 06:00:00,water,60.839,L
2024-07-03 07:00:00,electricity,2.817,kWh
2024-07-03 07:00:00,water,64.221,L
2024-07-03 08:00:00,electricity,2.342,kWh
2024-07-03 08:00:00,water,59.733,L
2024-07-03 09:00:00,electricity,2.282,kWh
2024-07-03 09:00:00,water,81.453,L
2024-07-03 10:00:00,electricity,2.049,kWh
2024-07-03 10:00:00,water,22.664,L
2024-07-03 11:00:00,electricity,1.813,kWh
2024-07-03 11:00:00,water,28.767,L
2024-07-03 12:00:00,electricity,2.0,kWh
2024-07-03 12:00:00,water,27.79,L
2024-07-03 13:00:00,electricity,1.884,kWh
2024-07-03 13:00:00,water,25.158,L
2024-07-03 14:00:00,electricity,1.627,kWh
2024-07-03 14:00:00,water,22.584,L
2024-07-03 15:00:00,electricity,1.538,kWh
2024-07-03 15:00:00,water,22.877,L
2024-07-03 16:00:00,electricity,2.025,kWh
2024-07-03 16:00:00,water,23.634,L
2024-07-03 17:00:00,electricity,3.364,kWh
2024-07-03 17:00:00,water,41.25,L
2024-07-03 18:00:00,electricity,3.367,kWh
2024-07-03 18:00:00,water,46.178,L
2024-07-03 19:00:00,electricity,3.812,kWh
2024-07-03 19:00:00,water,43.16,L
2024-07-03 20:00:00,electricity,3.982,kWh
2024-07-03 20:00:00,water,60.979,L
2024-07-03 21:00:00,electricity,3.467,kWh
2024-07-03 21:00:00,water,33.838,L
2024-07-03 22:00:00,electricity,1.913,kWh
2024-07-03 22:00:00,water,34.471,L
2024-07-03 23:00:00,electricity,2.079,kWh
2024-07-03 23:00:00,water,33.726,L
2024-07-04 00:00:00,electricity,0.685,kWh
2024-07-04 00:00:00,water,4.284,L
2024-07-04 01:00:00,electricity,0.81,kWh
2024-07-04 01:00:00,water,4.936,L
2024-07-04 02:00:00,electricity,0.836,kWh
2024-07-04 02:00:00,water,3.892,L
2024-07-04 03:00:00,electricity,0.846,kWh
2024-07-04 03:00:00,water,4.254,L
2024-07-04 04:00:00,electricity,0.639,kWh
2024-07-04 04:00:00,water,4.577,L
2024-07-04 05:00:00,electricity,0.732,kWh
2024-07-04 05:00:00,water,3.534,L
2024-07-04 06:00:00,electricity,2.348,kWh
2024-07-04 06:00:00,water,86.41,L
2024-07-04 07:00:00,electricity,2.6,kWh
2024-07-04 07:00:00,water,63.216,L
2024-07-04 08:00:00,electricity,2.698,kWh
2024-07-04 08:00:00,water,64.073,L
2024-07-04 09:00:00,electricity,2.959,kWh
2024-07-04 09:00:00,water,72.502,L
2024-07-04 10:00:00,electricity,1.882,kWh
2024-07-04 10:00:00,water,27.967,L
2024-07-04 11:00:00,electricity,1.881,kWh
2024-07-04 11:00:00,water,25.315,L
2024-07-04 12:00:00,electricity,2.208,kWh
2024-07-04 12:00:00,water,25.594,L
2024-07-04 13:00:00,electricity,2.039,kWh
2024-07-04 13:00:00,water,20.651,L
2024-07-04 14:00:00,electricity,2.231,kWh
2024-07-04 14:00:00,water,23.517,L
2024-07-04 15:00:00,electricity,2.037,kWh
2024-07-04 15:00:00,water,26.764,L
2024-07-04 16:00:00,electricity,1.751,kWh
2024-07-04 16:00:00,water,26.542,L
2024-07-04 17:00:00,electricity,3.089,kWh
2024-07-04 17:00:00,water,60.193,L
2024-07-04 18:00:00,electricity,3.011,kWh
2024-07-04 18:00:00,water,51.741,L
2024-07-04 19:00:00,electricity,3.8,kWh
2024-07-04 19:00:00,water,43.76,L
2024-07-04 20:00:00,electricity,3.988,kWh
2024-07-04 20:00:00,water,59.157,L
2024-07-04 21:00:00,electricity,4.223,kWh
2024-07-04 21:00:00,water,36.928,L
2024-07-04 22:00:00,electricity,2.147,kWh
2024-07-04 22:00:00,water,34.895,L
2024-07-04 23:00:00,electricity,2.21,kWh
2024-07-04 23:00:00,water,30.881,L
2024-07-05 00:00:00,electricity,0.746,kWh
2024-07-05 00:00:00,water,4.726,L
2024-07-05 01:00:00,electricity,0.7,kWh
2024-07-05 01:00:00,water,5.928,L
2024-07-05 02:00:00,electricity,0.859,kWh
2024-07-05 02:00:00,water,4.258,L
2024-07-05 03:00:00,electricity,0.825,kWh
2024-07-05 03:00:00,water,3.539,L
2024-07-05 04:00:00,electricity,0.801,kWh
2024-07-05 04:00:00,water,3.905,L
2024-07-05 05:00:00,electricity,0.823,kWh
2024-07-05 05:00:00,water,4.515,L
2024-07-05 06:00:00,electricity,2.657,kWh
2024-07-05 06:00:00,water,50.868,L
2024-07-05 07:00:00,electricity,2.904,kWh
2024-07-05 07:00:00,water,64.281,L
2024-07-05 08:00:00,electricity,2.907,kWh
2024-07-05 08:00:00,water,65.875,L
2024-07-05 09:00:00,electricity,2.714,kWh
2024-07-05 09:00:00,water,74.606,L
2024-07-05 10:00:00,electricity,2.147,kWh
2024-07-05 10:00:00,water,29.162,L
2024-07-05 11:00:00,electricity,2.082,kWh
2024-07-05 11:00:00,water,27.815,L
2024-07-05 12:00:00,electricity,1.889,kWh
2024-07-05 12:00:00,water,18.66,L
2024-07-05 13:00:00,electricity,2.13,kWh
2024-07-05 13:00:00,water,27.985,L
2024-07-05 14:00:00,electricity,1.704,kWh
2024-07-05 14:00:00,water,27.333,L
2024-07-05 15:00:00,electricity,2.189,kWh
2024-07-05 15:00:00,water,25.974,L
2024-07-05 16:00:00,electricity,1.743,kWh
2024-07-05 16:00:00,water,19.968,L
2024-07-05 17:00:00,electricity,3.666,kWh
2024-07-05 17:00:00,water,47.606,L
2024-07-05 18:00:00,electricity,3.263,kWh
2024-07-05 18:00:00,water,45.149,L
2024-07-05 19:00:00,electricity,3.761,kWh
2024-07-05 19:00:00,water,39.805,L
2024-07-05 20:00:00,electricity,3.552,kWh
2024-07-05 20:00:00,water,52.482,L
2024-07-05 21:00:00,electricity,2.996,kWh
2024-07-05 21:00:00,water,28.484,L
2024-07-05 22:00:00,electricity,2.063,kWh
2024-07-05 22:00:00,water,41.424,L
2024-07-05 23:00:00,electricity,1.866,kWh
2024-07-05 23:00:00,water,30.862,L
2024-07-06 00:00:00,electricity,0.705,kWh
2024-07-06 00:00:00,water,6.308,L
2024-07-06 01:00:00,electricity,0.648,kWh
2024-07-06 01:00:00,water,4.432,L
2024-07-06 02:00:00,electricity,0.674,kWh
2024-07-06 02:00:00,water,5.113,L
2024-07-06 03:00:00,electricity,0.586,kWh
2024-07-06 03:00:00,water,5.523,L
2024-07-06 04:00:00,electricity,0.61,kWh
2024-07-06 04:00:00,water,4.865,L
2024-07-06 05:00:00,electricity,0.618,kWh
2024-07-06 05:00:00,water,5.183,L
2024-07-06 06:00:00,electricity,2.286,kWh
2024-07-06 06:00:00,water,79.758,L
2024-07-06 07:00:00,electricity,2.459,kWh
2024-07-06 07:00:00,water,79.601,L
2024-07-06 08:00:00,electricity,1.936,kWh
2024-07-06 08:00:00,water,100.132,L
2024-07-06 09:00:00,electricity,2.333,kWh
2024-07-06 09:00:00,water,85.617,L
2024-07-06 10:00:00,electricity,1.269,kWh
2024-07-06 10:00:00,water,34.645,L
2024-07-06 11:00:00,electricity,1.427,kWh
2024-07-06 11:00:00,water,34.881,L
2024-07-06 12:00:00,electricity,1.465,kWh
2024-07-06 12:00:00,water,35.168,L
2024-07-06 13:00:00,electricity,1.401,kWh
2024-07-06 13:00:00,water,32.434,L
2024-07-06 14:00:00,electricity,1.363,kWh
2024-07-06 14:00:00,water,31.499,L
2024-07-06 15:00:00,electricity,1.687,kWh
2024-07-06 15:00:00,water,33.416,L
2024-07-06 16:00:00,electricity,1.585,kWh
2024-07-06 16:00:00,water,37.308,L
2024-07-06 17:00:00,electricity,3.027,kWh
2024-07-06 17:00:00,water,77.474,L
2024-07-06 18:00:00,electricity,7.926,kWh
2024-07-06 18:00:00,water,66.281,L
2024-07-06 19:00:00,electricity,2.993,kWh
2024-07-06 19:00:00,water,74.539,L
2024-07-06 20:00:00,electricity,3.108,kWh
2024-07-06 20:00:00,water,66.656,L
2024-07-06 21:00:00,electricity,2.896,kWh
2024-07-06 21:00:00,water,41.116,L
2024-07-06 22:00:00,electricity,1.428,kWh
2024-07-06 22:00:00,water,38.623,L
2024-07-06 23:00:00,electricity,1.791,kWh
2024-07-06 23:00:00,water,40.057,L
2024-07-07 00:00:00,electricity,0.61,kWh
2024-07-07 00:00:00,water,6.339,L
2024-07-07 01:00:00,electricity,0.587,kWh
2024-07-07 01:00:00,water,5.521,L
2024-07-07 02:00:00,electricity,0.636,kWh
2024-07-07 02:00:00,water,5.549,L
2024-07-07 03:00:00,electricity,0.589,kWh
2024-07-07 03:00:00,water,4.512,L
2024-07-07 04:00:00,electricity,0.621,kWh
2024-07-07 04:00:00,water,5.257,L
2024-07-07 05:00:00,electricity,0.67,kWh
2024-07-07 05:00:00,water,5.302,L
2024-07-07 06:00:00,electricity,2.179,kWh
2024-07-07 06:00:00,water,73.751,L
2024-07-07 07:00:00,electricity,1.917,kWh
2024-07-07 07:00:00,water,82.113,L
2024-07-07 08:00:00,electricity,2.003,kWh
2024-07-07 08:00:00,water,77.682,L
2024-07-07 09:00:00,electricity,2.332,kWh
2024-07-07 09:00:00,water,82.686,L
2024-07-07 10:00:00,electricity,1.7,kWh
2024-07-07 10:00:00,water,33.238,L
2024-07-07 11:00:00,electricity,1.956,kWh
2024-07-07 11:00:00,water,29.003,L
2024-07-07 12:00:00,electricity,1.811,kWh
2024-07-07 12:00:00,water,31.193,L
2024-07-07 13:00:00,electricity,1.805,kWh
2024-07-07 13:00:00,water,33.064,L
2024-07-07 14:00:00,electricity,1.395,kWh
2024-07-07 14:00:00,water,37.416,L
2024-07-07 15:00:00,electricity,1.744,kWh
2024-07-07 15:00:00,water,33.769,L
2024-07-07 16:00:00,electricity,1.611,kWh
2024-07-07 16:00:00,water,30.158,L
2024-07-07 17:00:00,electricity,2.755,kWh
2024-07-07 17:00:00,water,71.518,L
2024-07-07 18:00:00,electricity,2.965,kWh
2024-07-07 18:00:00,water,82.235,L
2024-07-07 19:00:00,electricity,3.192,kWh
2024-07-07 19:00:00,water,75.758,L
2024-07-07 20:00:00,electricity,3.062,kWh
2024-07-07 20:00:00,water,72.734,L
2024-07-07 21:00:00,electricity,2.66,kWh
2024-07-07 21:00:00,water,44.516,L
2024-07-07 22:00:00,electricity,1.74,kWh
2024-07-07 22:00:00,water,48.026,L
2024-07-07 23:00:00,electricity,1.517,kWh
2024-07-07 23:00:00,water,46.236,L
2024-07-08 00:00:00,electricity,0.809,kWh
2024-07-08 00:00:00,water,4.486,L
2024-07-08 01:00:00,electricity,0.768,kWh
2024-07-08 01:00:00,water,4.739,L
2024-07-08 02:00:00,electricity,0.775,kWh
2024-07-08 02:00:00,water,3.655,L
2024-07-08 03:00:00,electricity,0.853,kWh
2024-07-08 03:00:00,water,3.443,L
2024-07-08 04:00:00,electricity,0.71,kWh
2024-07-08 04:00:00,water,4.279,L
2024-07-08 05:00:00,electricity,0.946,kWh
2024-07-08 05:00:00,water,4.235,L
2024-07-08 06:00:00,electricity,2.105,kWh
2024-07-08 06:00:00,water,58.888,L
2024-07-08 07:00:00,electricity,2.42,kWh
2024-07-08 07:00:00,water,69.243,L
2024-07-08 08:00:00,electricity,2.669,kWh
2024-07-08 08:00:00,water,48.917,L
2024-07-08 09:00:00,electricity,2.724,kWh
2024-07-08 09:00:00,water,58.957,L
2024-07-08 10:00:00,electricity,1.96,kWh
2024-07-08 10:00:00,water,23.733,L
2024-07-08 11:00:00,electricity,1.969,kWh
2024-07-08 11:00:00,water,20.252,L
2024-07-08 12:00:00,electricity,2.061,kWh
2024-07-08 12:00:00,water,29.72,L
2024-07-08 13:00:00,electricity,1.934,kWh
2024-07-08 13:00:00,water,21.09,L
2024-07-08 14:00:00,electricity,2.256,kWh
2024-07-08 14:00:00,water,23.421,L
2024-07-08 15:00:00,electricity,2.146,kWh
2024-07-08 15:00:00,water,27.946,L
2024-07-08 16:00:00,electricity,2.153,kWh
2024-07-08 16:00:00,water,27.154,L
2024-07-08 17:00:00,electricity,3.22,kWh
2024-07-08 17:00:00,water,45.518,L
2024-07-08 18:00:00,electricity,3.536,kWh
2024-07-08 18:00:00,water,118.412,L
2024-07-08 19:00:00,electricity,3.457,kWh
2024-07-08 19:00:00,water,54.326,L
2024-07-08 20:00:00,electricity,3.206,kWh
2024-07-08 20:00:00,water,67.198,L
2024-07-08 21:00:00,electricity,3.692,kWh
2024-07-08 21:00:00,water,33.027,L
2024-07-08 22:00:00,electricity,1.874,kWh
2024-07-08 22:00:00,water,30.966,L
2024-07-08 23:00:00,electricity,2.11,kWh
2024-07-08 23:00:00,water,28.262,L
2024-07-09 00:00:00,electricity,0.707,kWh
2024-07-09 00:00:00,water,3.825,L
2024-07-09 01:00:00,electricity,0.928,kWh
2024-07-09 01:00:00,water,3.784,L
2024-07-09 02:00:00,electricity,0.721,kWh
2024-07-09 02:00:00,water,4.891,L
2024-07-09 03:00:00,electricity,0.809,kWh
2024-07-09 03:00:00,water,4.209,L
2024-07-09 04:00:00,electricity,0.855,kWh
2024-07-09 04:00:00,water,4.485,L
2024-07-09 05:00:00,electricity,0.747,kWh
2024-07-09 05:00:00,water,4.963,L
2024-07-09 06:00:00,electricity,2.793,kWh
2024-07-09 06:00:00,water,45.17,L
2024-07-09 07:00:00,electricity,2.258,kWh
2024-07-09 07:00:00,water,72.668,L
2024-07-09 08:00:00,electricity,2.948,kWh
2024-07-09 08:00:00,water,63.419,L
2024-07-09 09:00:00,electricity,2.578,kWh
2024-07-09 09:00:00,water,66.289,L
2024-07-09 10:00:00,electricity,1.862,kWh
2024-07-09 10:00:00,water,22.695,L
2024-07-09 11:00:00,electricity,1.921,kWh
2024-07-09 11:00:00,water,22.917,L
2024-07-09 12:00:00,electricity,2.14,kWh
2024-07-09 12:00:00,water,26.678,L
2024-07-09 13:00:00,electricity,1.864,kWh
2024-07-09 13:00:00,water,32.411,L
2024-07-09 14:00:00,electricity,1.832,kWh
2024-07-09 14:00:00,water,28.234,L
2024-07-09 15:00:00,electricity,1.936,kWh
2024-07-09 15:00:00,water,29.027,L
2024-07-09 16:00:00,electricity,1.747,kWh
2024-07-09 16:00:00,water,24.619,L
2024-07-09 17:00:00,electricity,4.213,kWh
2024-07-09 17:00:00,water,48.719,L
2024-07-09 18:00:00,electricity,3.362,kWh
2024-07-09 18:00:00,water,47.581,L
2024-07-09 19:00:00,electricity,3.86,kWh
2024-07-09 19:00:00,water,49.424,L
2024-07-09 20:00:00,electricity,3.639,kWh
2024-07-09 20:00:00,water,39.567,L
2024-07-09 21:00:00,electricity,3.213,kWh
2024-07-09 21:00:00,water,28.76,L
2024-07-09 22:00:00,electricity,1.979,kWh
2024-07-09 22:00:00,water,29.382,L
2024-07-09 23:00:00,electricity,2.135,kWh
2024-07-09 23:00:00,water,30.837,L
2024-07-10 00:00:00,electricity,0.777,kWh
2024-07-10 00:00:00,water,4.266,L
2024-07-10 01:00:00,electricity,0.886,kWh
2024-07-10 01:00:00,water,4.383,L
2024-07-10 02:00:00,electricity,0.873,kWh
2024-07-10 02:00:00,water,4.192,L
2024-07-10 03:00:00,electricity,0.865,kWh
2024-07-10 03:00:00,water,3.907,L
2024-07-10 04:00:00,electricity,0.756,kWh
2024-07-10 04:00:00,water,3.21,L
2024-07-10 05:00:00,electricity,0.706,kWh
2024-07-10 05:00:00,water,3.91,L
2024-07-10 06:00:00,electricity,2.416,kWh
2024-07-10 06:00:00,water,55.648,L
2024-07-10 07:00:00,electricity,2.625,kWh
2024-07-10 07:00:00,water,66.523,L
2024-07-10 08:00:00,electricity,2.714,kWh
2024-07-10 08:00:00,water,69.874,L
2024-07-10 09:00:00,electricity,2.015,kWh
2024-07-10 09:00:00,water,70.096,L
2024-07-10 10:00:00,electricity,1.978,kWh
2024-07-10 10:00:00,water,27.489,L
2024-07-10 11:00:00,electricity,2.011,kWh
2024-07-10 11:00:00,water,24.796,L
2024-07-10 12:00:00,electricity,1.925,kWh
2024-07-10 12:00:00,water,23.622,L
2024-07-10 13:00:00,electricity,2.236,kWh
2024-07-10 13:00:00,water,22.941,L
2024-07-10 14:00:00,electricity,2.064,kWh
2024-07-10 14:00:00,water,20.641,L
2024-07-10 15:00:00,electricity,2.239,kWh
2024-07-10 15:00:00,water,28.199,L
2024-07-10 16:00:00,electricity,1.937,kWh
2024-07-10 16:00:00,water,24.672,L
2024-07-10 17:00:00,electricity,3.898,kWh
2024-07-10 17:00:00,water,44.648,L
2024-07-10 18:00:00,electricity,4.147,kWh
2024-07-10 18:00:00,water,47.293,L
2024-07-10 19:00:00,electricity,4.031,kWh
2024-07-10 19:00:00,water,47.038,L
2024-07-10 20:00:00,electricity,3.175,kWh
2024-07-10 20:00:00,water,52.771,L
2024-07-10 21:00:00,electricity,3.474,kWh
2024-07-10 21:00:00,water,35.535,L
2024-07-10 22:00:00,electricity,1.912,kWh
2024-07-10 22:00:00,water,30.185,L
2024-07-10 23:00:00,electricity,2.077,kWh
2024-07-10 23:00:00,water,22.985,L
2024-07-11 00:00:00,electricity,0.846,kWh
2024-07-11 00:00:00,water,4.105,L
2024-07-11 01:00:00,electricity,0.726,kWh
2024-07-11 01:00:00,water,4.121,L
2024-07-11 02:00:00,electricity,0.797,kWh
2024-07-11 02:00:00,water,4.087,L
2024-07-11 03:00:00,electricity,0.632,kWh
2024-07-11 03:00:00,water,3.884,L
2024-07-11 04:00:00,electricity,0.906,kWh
2024-07-11 04:00:00,water,4.31,L
2024-07-11 05:00:00,electricity,0.751,kWh
2024-07-11 05:00:00,water,4.233,L
2024-07-11 06:00:00,electricity,2.588,kWh
2024-07-11 06:00:00,water,62.812,L
2024-07-11 07:00:00,electricity,2.494,kWh
2024-07-11 07:00:00,water,66.12,L
2024-07-11 08:00:00,electricity,2.869,kWh
2024-07-11 08:00:00,water,59.75,L
2024-07-11 09:00:00,electricity,1.844,kWh
2024-07-11 09:00:00,water,59.321,L
2024-07-11 10:00:00,electricity,1.977,kWh
2024-07-11 10:00:00,water,29.373,L
2024-07-11 11:00:00,electricity,1.959,kWh
2024-07-11 11:00:00,water,26.891,L
2024-07-11 12:00:00,electricity,1.89,kWh
2024-07-11 12:00:00,water,27.701,L
2024-07-11 13:00:00,electricity,2.322,kWh
2024-07-11 13:00:00,water,28.908,L
2024-07-11 14:00:00,electricity,1.804,kWh
2024-07-11 14:00:00,water,26.79,L
2024-07-11 15:00:00,electricity,2.133,kWh
2024-07-11 15:00:00,water,28.007,L
2024-07-11 16:00:00,electricity,2.051,kWh
2024-07-11 16:00:00,water,20.424,L
2024-07-11 17:00:00,electricity,4.014,kWh
2024-07-11 17:00:00,water,53.786,L
2024-07-11 18:00:00,electricity,3.326,kWh
2024-07-11 18:00:00,water,51.349,L
2024-07-11 19:00:00,electricity,3.303,kWh
2024-07-11 19:00:00,water,63.069,L
2024-07-11 20:00:00,electricity,3.955,kWh
2024-07-11 20:00:00,water,58.344,L
2024-07-11 21:00:00,electricity,3.716,kWh
2024-07-11 21:00:00,water,29.117,L
2024-07-11 22:00:00,electricity,1.674,kWh
2024-07-11 22:00:00,water,32.909,L
2024-07-11 23:00:00,electricity,1.873,kWh
2024-07-11 23:00:00,water,32.134,L
2024-07-12 00:00:00,electricity,0.823,kWh
2024-07-12 00:00:00,water,4.429,L
2024-07-12 01:00:00,electricity,0.858,kWh
2024-07-12 01:00:00,water,3.687,L
2024-07-12 02:00:00,electricity,0.738,kWh
2024-07-12 02:00:00,water,4.381,L
2024-07-12 03:00:00,electricity,0.561,kWh
2024-07-12 03:00:00,water,4.085,L
2024-07-12 04:00:00,electricity,0.833,kWh
2024-07-12 04:00:00,water,4.342,L
2024-07-12 05:00:00,electricity,0.695,kWh
2024-07-12 05:00:00,water,3.835,L
2024-07-12 06:00:00,electricity,2.055,kWh
2024-07-12 06:00:00,water,58.577,L
2024-07-12 07:00:00,electricity,1.845,kWh
2024-07-12 07:00:00,water,71.874,L
2024-07-12 08:00:00,electricity,2.784,kWh
2024-07-12 08:00:00,water,55.05,L
2024-07-12 09:00:00,electricity,2.607,kWh
2024-07-12 09:00:00,water,55.608,L
2024-07-12 10:00:00,electricity,1.935,kWh
2024-07-12 10:00:00,water,25.044,L
2024-07-12 11:00:00,electricity,2.255,kWh
2024-07-12 11:00:00,water,22.866,L
2024-07-12 12:00:00,electricity,2.106,kWh
2024-07-12 12:00:00,water,22.524,L
2024-07-12 13:00:00,electricity,2.3,kWh
2024-07-12 13:00:00,water,25.518,L
2024-07-12 14:00:00,electricity,1.704,kWh
2024-07-12 14:00:00,water,20.649,L
2024-07-12 15:00:00,electricity,1.973,kWh
2024-07-12 15:00:00,water,22.152,L
2024-07-12 16:00:00,electricity,1.66,kWh
2024-07-12 16:00:00,water,31.412,L
2024-07-12 17:00:00,electricity,3.482,kWh
2024-07-12 17:00:00,water,55.395,L
2024-07-12 18:00:00,electricity,3.475,kWh
2024-07-12 18:00:00,water,47.797,L
2024-07-12 19:00:00,electricity,3.787,kWh
2024-07-12 19:00:00,water,55.135,L
2024-07-12 20:00:00,electricity,3.58,kWh
2024-07-12 20:00:00,water,56.074,L
2024-07-12 21:00:00,electricity,3.786,kWh
2024-07-12 21:00:00,water,35.259,L
2024-07-12 22:00:00,electricity,2.119,kWh
2024-07-12 22:00:00,water,31.019,L
2024-07-12 23:00:00,electricity,2.407,kWh
2024-07-12 23:00:00,water,35.191,L
2024-07-13 00:00:00,electricity,0.628,kWh
2024-07-13 00:00:00,water,4.124,L
2024-07-13 01:00:00,electricity,0.587,kWh
2024-07-13 01:00:00,water,4.768,L
2024-07-13 02:00:00,electricity,0.664,kWh
2024-07-13 02:00:00,water,5.567,L
2024-07-13 03:00:00,electricity,0.596,kWh
2024-07-13 03:00:00,water,5.676,L
2024-07-13 04:00:00,electricity,0.744,kWh
2024-07-13 04:00:00,water,4.863,L
2024-07-13 05:00:00,electricity,0.63,kWh
2024-07-13 05:00:00,water,5.63,L
2024-07-13 06:00:00,electricity,1.987,kWh
2024-07-13 06:00:00,water,75.769,L
2024-07-13 07:00:00,electricity,2.007,kWh
2024-07-13 07:00:00,water,79.178,L
2024-07-13 08:00:00,electricity,2.257,kWh
2024-07-13 08:00:00,water,91.971,L
2024-07-13 09:00:00,electricity,2.073,kWh
2024-07-13 09:00:00,water,90.833,L
2024-07-13 10:00:00,electricity,1.516,kWh
2024-07-13 10:00:00,water,28.84,L
2024-07-13 11:00:00,electricity,1.89,kWh
2024-07-13 11:00:00,water,28.604,L
2024-07-13 12:00:00,electricity,1.481,kWh
2024-07-13 12:00:00,water,31.144,L
2024-07-13 13:00:00,electricity,1.626,kWh
2024-07-13 13:00:00,water,32.655,L
2024-07-13 14:00:00,electricity,1.726,kWh
2024-07-13 14:00:00,water,30.174,L
2024-07-13 15:00:00,electricity,1.356,kWh
2024-07-13 15:00:00,water,36.851,L
2024-07-13 16:00:00,electricity,1.698,kWh
2024-07-13 16:00:00,water,34.126,L
2024-07-13 17:00:00,electricity,2.608,kWh
2024-07-13 17:00:00,water,71.576,L
2024-07-13 18:00:00,electricity,3.156,kWh
2024-07-13 18:00:00,water,57.877,L
2024-07-13 19:00:00,electricity,2.635,kWh
2024-07-13 19:00:00,water,77.81,L
2024-07-13 20:00:00,electricity,3.118,kWh
2024-07-13 20:00:00,water,45.153,L
2024-07-13 21:00:00,electricity,3.238,kWh
2024-07-13 21:00:00,water,45.049,L
2024-07-13 22:00:00,electricity,1.76,kWh
2024-07-13 22:00:00,water,45.541,L
2024-07-13 23:00:00,electricity,1.661,kWh
2024-07-13 23:00:00,water,38.825,L
2024-07-14 00:00:00,electricity,0.633,kWh
2024-07-14 00:00:00,water,6.294,L
2024-07-14 01:00:00,electricity,0.611,kWh
2024-07-14 01:00:00,water,5.419,L
2024-07-14 02:00:00,electricity,0.743,kWh
2024-07-14 02:00:00,water,5.501,L
2024-07-14 03:00:00,electricity,0.603,kWh
2024-07-14 03:00:00,water,5.682,L
2024-07-14 04:00:00,electricity,0.581,kWh
2024-07-14 04:00:00,water,7.548,L
2024-07-14 05:00:00,electricity,0.691,kWh
2024-07-14 05:00:00,water,6.341,L
2024-07-14 06:00:00,electricity,1.938,kWh
2024-07-14 06:00:00,water,88.791,L
2024-07-14 07:00:00,electricity,1.906,kWh
2024-07-14 07:00:00,water,72.929,L
2024-07-14 08:00:00,electricity,1.802,kWh
2024-07-14 08:00:00,water,83.311,L
2024-07-14 09:00:00,electricity,2.004,kWh
2024-07-14 09:00:00,water,73.909,L
2024-07-14 10:00:00,electricity,1.607,kWh
2024-07-14 10:00:00,water,35.992,L
2024-07-14 11:00:00,electricity,1.659,kWh
2024-07-14 11:00:00,water,33.312,L
2024-07-14 12:00:00,electricity,1.774,kWh
2024-07-14 12:00:00,water,28.339,L
2024-07-14 13:00:00,electricity,1.705,kWh
2024-07-14 13:00:00,water,33.079,L
2024-07-14 14:00:00,electricity,1.589,kWh
2024-07-14 14:00:00,water,29.421,L
2024-07-14 15:00:00,electricity,1.588,kWh
2024-07-14 15:00:00,water,33.354,L
2024-07-14 16:00:00,electricity,1.703,kWh
2024-07-14 16:00:00,water,29.383,L
2024-07-14 17:00:00,electricity,3.287,kWh
2024-07-14 17:00:00,water,68.475,L
2024-07-14 18:00:00,electricity,2.953,kWh
2024-07-14 18:00:00,water,74.396,L
2024-07-14 19:00:00,electricity,2.779,kWh
2024-07-14 19:00:00,water,67.816,L
2024-07-14 20:00:00,electricity,2.626,kWh
2024-07-14 20:00:00,water,65.049,L
2024-07-14 21:00:00,electricity,2.495,kWh
2024-07-14 21:00:00,water,41.949,L
2024-07-14 22:00:00,electricity,1.728,kWh
2024-07-14 22:00:00,water,44.376,L
2024-07-14 23:00:00,electricity,1.714,kWh
2024-07-14 23:00:00,water,35.509,L
2024-07-15 00:00:00,electricity,0.838,kWh
2024-07-15 00:00:00,water,4.331,L
2024-07-15 01:00:00,electricity,0.782,kWh
2024-07-15 01:00:00,water,4.864,L
2024-07-15 02:00:00,electricity,0.903,kWh
2024-07-15 02:00:00,water,4.489,L
2024-07-15 03:00:00,electricity,0.754,kWh
2024-07-15 03:00:00,water,4.229,L
2024-07-15 04:00:00,electricity,0.868,kWh
2024-07-15 04:00:00,water,4.522,L
2024-07-15 05:00:00,electricity,0.789,kWh
2024-07-15 05:00:00,water,4.428,L
2024-07-15 06:00:00,electricity,2.417,kWh
2024-07-15 06:00:00,water,68.697,L
2024-07-15 07:00:00,electricity,2.727,kWh
2024-07-15 07:00:00,water,47.699,L
2024-07-15 08:00:00,electricity,2.679,kWh
2024-07-15 08:00:00,water,51.256,L
2024-07-15 09:00:00,electricity,2.666,kWh
2024-07-15 09:00:00,water,70.597,L
2024-07-15 10:00:00,electricity,1.996,kWh
2024-07-15 10:00:00,water,20.648,L
2024-07-15 11:00:00,electricity,1.972,kWh
2024-07-15 11:00:00,water,26.414,L
2024-07-15 12:00:00,electricity,2.453,kWh
2024-07-15 12:00:00,water,24.135,L
2024-07-15 13:00:00,electricity,2.214,kWh
2024-07-15 13:00:00,water,22.188,L
2024-07-15 14:00:00,electricity,2.123,kWh
2024-07-15 14:00:00,water,26.257,L
2024-07-15 15:00:00,electricity,2.002,kWh
2024-07-15 15:00:00,water,25.808,L
2024-07-15 16:00:00,electricity,2.179,kWh
2024-07-15 16:00:00,water,31.582,L
2024-07-15 17:00:00,electricity,3.749,kWh
2024-07-15 17:00:00,water,48.564,L
2024-07-15 18:00:00,electricity,3.573,kWh
2024-07-15 18:00:00,water,61.573,L
2024-07-15 19:00:00,electricity,3.456,kWh
2024-07-15 19:00:00,water,54.72,L
2024-07-15 20:00:00,electricity,3.535,kWh
2024-07-15 20:00:00,water,48.336,L
2024-07-15 21:00:00,electricity,2.434,kWh
2024-07-15 21:00:00,water,34.521,L
2024-07-15 22:00:00,electricity,2.022,kWh
2024-07-15 22:00:00,water,33.638,L
2024-07-15 23:00:00,electricity,1.883,kWh
2024-07-15 23:00:00,water,31.635,L
2024-07-16 00:00:00,electricity,0.918,kWh
2024-07-16 00:00:00,water,4.334,L
2024-07-16 01:00:00,electricity,0.794,kWh
2024-07-16 01:00:00,water,3.899,L
2024-07-16 02:00:00,electricity,0.698,kWh
2024-07-16 02:00:00,water,3.784,L
2024-07-16 03:00:00,electricity,0.788,kWh
2024-07-16 03:00:00,water,4.583,L
2024-07-16 04:00:00,electricity,0.709,kWh
2024-07-16 04:00:00,water,4.087,L
2024-07-16 05:00:00,electricity,0.829,kWh
2024-07-16 05:00:00,water,4.16,L
2024-07-16 06:00:00,electricity,2.649,kWh
2024-07-16 06:00:00,water,65.115,L
2024-07-16 07:00:00,electricity,2.821,kWh
2024-07-16 07:00:00,water,65.006,L
2024-07-16 08:00:00,electricity,2.37,kWh
2024-07-16 08:00:00,water,52.194,L
2024-07-16 09:00:00,electricity,2.583,kWh
2024-07-16 09:00:00,water,72.724,L
2024-07-16 10:00:00,electricity,1.71,kWh
2024-07-16 10:00:00,water,25.566,L
2024-07-16 11:00:00,electricity,2.119,kWh
2024-07-16 11:00:00,water,24.587,L
2024-07-16 12:00:00,electricity,2.083,kWh
2024-07-16 12:00:00,water,26.503,L
2024-07-16 13:00:00,electricity,2.078,kWh
2024-07-16 13:00:00,water,142.675,L
2024-07-16 14:00:00,electricity,1.98,kWh
2024-07-16 14:00:00,water,27.52,L
2024-07-16 15:00:00,electricity,2.062,kWh
2024-07-16 15:00:00,water,26.827,L
2024-07-16 16:00:00,electricity,2.298,kWh
2024-07-16 16:00:00,water,27.371,L
2024-07-16 17:00:00,electricity,3.462,kWh
2024-07-16 17:00:00,water,61.011,L
2024-07-16 18:00:00,electricity,3.613,kWh
2024-07-16 18:00:00,water,58.067,L
2024-07-16 19:00:00,electricity,3.177,kWh
2024-07-16 19:00:00,water,51.489,L
2024-07-16 20:00:00,electricity,3.255,kWh
2024-07-16 20:00:00,water,45.426,L
2024-07-16 21:00:00,electricity,3.599,kWh
2024-07-16 21:00:00,water,37.804,L
2024-07-16 22:00:00,electricity,2.199,kWh
2024-07-16 22:00:00,water,30.601,L
2024-07-16 23:00:00,electricity,1.929,kWh
2024-07-16 23:00:00,water,29.712,L
2024-07-17 00:00:00,electricity,0.773,kWh
2024-07-17 00:00:00,water,3.325,L
2024-07-17 01:00:00,electricity,0.76,kWh
2024-07-17 01:00:00,water,4.371,L
2024-07-17 02:00:00,electricity,0.75,kWh
2024-07-17 02:00:00,water,4.275,L
2024-07-17 03:00:00,electricity,0.815,kWh
2024-07-17 03:00:00,water,3.436,L
2024-07-17 04:00:00,electricity,0.673,kWh
2024-07-17 04:00:00,water,4.428,L
2024-07-17 05:00:00,electricity,0.893,kWh
2024-07-17 05:00:00,water,3.949,L
2024-07-17 06:00:00,electricity,2.403,kWh
2024-07-17 06:00:00,water,83.339,L
2024-07-17 07:00:00,electricity,2.76,kWh
2024-07-17 07:00:00,water,58.696,L
2024-07-17 08:00:00,electricity,2.247,kWh
2024-07-17 08:00:00,water,59.71,L
2024-07-17 09:00:00,electricity,2.746,kWh
2024-07-17 09:00:00,water,56.387,L
2024-07-17 10:00:00,electricity,2.113,kWh
2024-07-17 10:00:00,water,29.064,L
2024-07-17 11:00:00,electricity,2.056,kWh
2024-07-17 11:00:00,water,24.073,L
2024-07-17 12:00:00,electricity,1.783,kWh
2024-07-17 12:00:00,water,23.008,L
2024-07-17 13:00:00,electricity,2.029,kWh
2024-07-17 13:00:00,water,27.338,L
2024-07-17 14:00:00,electricity,1.746,kWh
2024-07-17 14:00:00,water,21.026,L
2024-07-17 15:00:00,electricity,1.93,kWh
2024-07-17 15:00:00,water,27.09,L
2024-07-17 16:00:00,electricity,2.184,kWh
2024-07-17 16:00:00,water,30.587,L
2024-07-17 17:00:00,electricity,3.848,kWh
2024-07-17 17:00:00,water,56.07,L
2024-07-17 18:00:00,electricity,3.569,kWh
2024-07-17 18:00:00,water,56.519,L
2024-07-17 19:00:00,electricity,3.217,kWh
2024-07-17 19:00:00,water,57.981,L
2024-07-17 20:00:00,electricity,3.794,kWh
2024-07-17 20:00:00,water,63.271,L
2024-07-17 21:00:00,electricity,3.571,kWh
2024-07-17 21:00:00,water,36.073,L
2024-07-17 22:00:00,electricity,1.521,kWh
2024-07-17 22:00:00,water,33.162,L
2024-07-17 23:00:00,electricity,2.135,kWh
2024-07-17 23:00:00,water,34.917,L
2024-07-18 00:00:00,electricity,0.79,kWh
2024-07-18 00:00:00,water,3.753,L
2024-07-18 01:00:00,electricity,0.887,kWh
2024-07-18 01:00:00,water,4.591,L
2024-07-18 02:00:00,electricity,0.705,kWh
2024-07-18 02:00:00,water,3.693,L
2024-07-18 03:00:00,electricity,0.54,kWh
2024-07-18 03:00:00,water,4.015,L
2024-07-18 04:00:00,electricity,0.814,kWh
2024-07-18 04:00:00,water,2.646,L
2024-07-18 05:00:00,electricity,0.815,kWh
2024-07-18 05:00:00,water,4.402,L
2024-07-18 06:00:00,electricity,2.139,kWh
2024-07-18 06:00:00,water,58.132,L
2024-07-18 07:00:00,electricity,2.322,kWh
2024-07-18 07:00:00,water,71.4,L
2024-07-18 08:00:00,electricity,3.283,kWh
2024-07-18 08:00:00,water,65.95,L
2024-07-18 09:00:00,electricity,2.495,kWh
2024-07-18 09:00:00,water,71.498,L
2024-07-18 10:00:00,electricity,2.125,kWh
2024-07-18 10:00:00,water,21.923,L
2024-07-18 11:00:00,electricity,1.851,kWh
2024-07-18 11:00:00,water,28.34,L
2024-07-18 12:00:00,electricity,1.566,kWh
2024-07-18 12:00:00,water,31.568,L
2024-07-18 13:00:00,electricity,1.946,kWh
2024-07-18 13:00:00,water,27.511,L
2024-07-18 14:00:00,electricity,1.927,kWh
2024-07-18 14:00:00,water,27.59,L
2024-07-18 15:00:00,electricity,1.901,kWh
2024-07-18 15:00:00,water,25.713,L
2024-07-18 16:00:00,electricity,1.957,kWh
2024-07-18 16:00:00,water,23.613,L
2024-07-18 17:00:00,electricity,3.658,kWh
2024-07-18 17:00:00,water,57.296,L
2024-07-18 18:00:00,electricity,3.51,kWh
2024-07-18 18:00:00,water,43.012,L
2024-07-18 19:00:00,electricity,3.114,kWh
2024-07-18 19:00:00,water,49.868,L
2024-07-18 20:00:00,electricity,3.737,kWh
2024-07-18 20:00:00,water,41.342,L
2024-07-18 21:00:00,electricity,2.869,kWh
2024-07-18 21:00:00,water,28.84,L
2024-07-18 22:00:00,electricity,1.574,kWh
2024-07-18 22:00:00,water,33.927,L
2024-07-18 23:00:00,electricity,2.126,kWh
2024-07-18 23:00:00,water,33.41,L
2024-07-19 00:00:00,electricity,0.832,kWh
2024-07-19 00:00:00,water,4.226,L
2024-07-19 01:00:00,electricity,0.787,kWh
2024-07-19 01:00:00,water,4.286,L
2024-07-19 02:00:00,electricity,0.681,kWh
2024-07-19 02:00:00,water,3.25,L
2024-07-19 03:00:00,electricity,0.736,kWh
2024-07-19 03:00:00,water,4.012,L
2024-07-19 04:00:00,electricity,0.771,kWh
2024-07-19 04:00:00,water,3.857,L
2024-07-19 05:00:00,electricity,0.666,kWh
2024-07-19 05:00:00,water,3.868,L
2024-07-19 06:00:00,electricity,2.384,kWh
2024-07-19 06:00:00,water,67.533,L
2024-07-19 07:00:00,electricity,2.742,kWh
2024-07-19 07:00:00,water,56.495,L
2024-07-19 08:00:00,electricity,2.941,kWh
2024-07-19 08:00:00,water,58.429,L
2024-07-19 09:00:00,electricity,2.466,kWh
2024-07-19 09:00:00,water,47.222,L
2024-07-19 10:00:00,electricity,2.13,kWh
2024-07-19 10:00:00,water,24.311,L
2024-07-19 11:00:00,electricity,1.601,kWh
2024-07-19 11:00:00,water,21.91,L
2024-07-19 12:00:00,electricity,2.111,kWh
2024-07-19 12:00:00,water,25.44,L
2024-07-19 13:00:00,electricity,1.821,kWh
2024-07-19 13:00:00,water,22.324,L
2024-07-19 14:00:00,electricity,2.041,kWh
2024-07-19 14:00:00,water,25.516,L
2024-07-19 15:00:00,electricity,1.931,kWh
2024-07-19 15:00:00,water,24.762,L
2024-07-19 16:00:00,electricity,2.241,kWh
2024-07-19 16:00:00,water,30.256,L
2024-07-19 17:00:00,electricity,3.252,kWh
2024-07-19 17:00:00,water,55.632,L
2024-07-19 18:00:00,electricity,3.788,kWh
2024-07-19 18:00:00,water,40.91,L
2024-07-19 19:00:00,electricity,3.464,kWh
2024-07-19 19:00:00,water,44.531,L
2024-07-19 20:00:00,electricity,3.508,kWh
2024-07-19 20:00:00,water,52.848,L
2024-07-19 21:00:00,electricity,3.498,kWh
2024-07-19 21:00:00,water,27.985,L
2024-07-19 22:00:00,electricity,1.813,kWh
2024-07-19 22:00:00,water,20.28,L
2024-07-19 23:00:00,electricity,1.977,kWh
2024-07-19 23:00:00,water,36.601,L
2024-07-20 00:00:00,electricity,0.644,kWh
2024-07-20 00:00:00,water,5.932,L
2024-07-20 01:00:00,electricity,0.664,kWh
2024-07-20 01:00:00,water,5.801,L
2024-07-20 02:00:00,electricity,0.653,kWh
2024-07-20 02:00:00,water,5.062,L
2024-07-20 03:00:00,electricity,0.7,kWh
2024-07-20 03:00:00,water,5.74,L
2024-07-20 04:00:00,electricity,0.708,kWh
2024-07-20 04:00:00,water,4.999,L
2024-07-20 05:00:00,electricity,0.58,kWh
2024-07-20 05:00:00,water,5.594,L
2024-07-20 06:00:00,electricity,2.289,kWh
2024-07-20 06:00:00,water,72.853,L
2024-07-20 07:00:00,electricity,1.856,kWh
2024-07-20 07:00:00,water,96.802,L
2024-07-20 08:00:00,electricity,2.23,kWh
2024-07-20 08:00:00,water,66.468,L
2024-07-20 09:00:00,electricity,2.237,kWh
2024-07-20 09:00:00,water,94.011,L
2024-07-20 10:00:00,electricity,1.31,kWh
2024-07-20 10:00:00,water,32.913,L
2024-07-20 11:00:00,electricity,1.635,kWh
2024-07-20 11:00:00,water,30.836,L
2024-07-20 12:00:00,electricity,1.544,kWh
2024-07-20 12:00:00,water,33.417,L
2024-07-20 13:00:00,electricity,1.497,kWh
2024-07-20 13:00:00,water,35.643,L
2024-07-20 14:00:00,electricity,1.839,kWh
2024-07-20 14:00:00,water,38.133,L
2024-07-20 15:00:00,electricity,1.514,kWh
2024-07-20 15:00:00,water,33.991,L
2024-07-20 16:00:00,electricity,1.489,kWh
2024-07-20 16:00:00,water,29.258,L
2024-07-20 17:00:00,electricity,2.938,kWh
2024-07-20 17:00:00,water,68.706,L
2024-07-20 18:00:00,electricity,3.116,kWh
2024-07-20 18:00:00,water,83.13,L
2024-07-20 19:00:00,electricity,2.875,kWh
2024-07-20 19:00:00,water,79.287,L
2024-07-20 20:00:00,electricity,3.256,kWh
2024-07-20 20:00:00,water,75.693,L
2024-07-20 21:00:00,electricity,3.071,kWh
2024-07-20 21:00:00,water,44.86,L
2024-07-20 22:00:00,electricity,1.267,kWh
2024-07-20 22:00:00,water,44.387,L
2024-07-20 23:00:00,electricity,1.534,kWh
2024-07-20 23:00:00,water,46.644,L
2024-07-21 00:00:00,electricity,0.612,kWh
2024-07-21 00:00:00,water,5.161,L
2024-07-21 01:00:00,electricity,0.679,kWh
2024-07-21 01:00:00,water,4.572,L
2024-07-21 02:00:00,electricity,0.478,kWh
2024-07-21 02:00:00,water,5.505,L
2024-07-21 03:00:00,electricity,0.813,kWh
2024-07-21 03:00:00,water,4.924,L
2024-07-21 04:00:00,electricity,0.682,kWh
2024-07-21 04:00:00,water,4.769,L
2024-07-21 05:00:00,electricity,0.658,kWh
2024-07-21 05:00:00,water,4.988,L
2024-07-21 06:00:00,electricity,2.355,kWh
2024-07-21 06:00:00,water,106.326,L
2024-07-21 07:00:00,electricity,2.6,kWh
2024-07-21 07:00:00,water,83.238,L
2024-07-21 08:00:00,electricity,2.289,kWh
2024-07-21 08:00:00,water,85.457,L
2024-07-21 09:00:00,electricity,2.306,kWh
2024-07-21 09:00:00,water,69.887,L
2024-07-21 10:00:00,electricity,1.641,kWh
2024-07-21 10:00:00,water,25.512,L
2024-07-21 11:00:00,electricity,1.597,kWh
2024-07-21 11:00:00,water,29.54,L
2024-07-21 12:00:00,electricity,1.543,kWh
2024-07-21 12:00:00,water,38.414,L
2024-07-21 13:00:00,electricity,1.486,kWh
2024-07-21 13:00:00,water,34.074,L
2024-07-21 14:00:00,electricity,1.509,kWh
2024-07-21 14:00:00,water,35.113,L
2024-07-21 15:00:00,electricity,1.401,kWh
2024-07-21 15:00:00,water,35.663,L
2024-07-21 16:00:00,electricity,1.608,kWh
2024-07-21 16:00:00,water,30.435,L
2024-07-21 17:00:00,electricity,2.425,kWh
2024-07-21 17:00:00,water,79.617,L
2024-07-21 18:00:00,electricity,2.972,kWh
2024-07-21 18:00:00,water,63.067,L
2024-07-21 19:00:00,electricity,2.905,kWh
2024-07-21 19:00:00,water,79.767,L
2024-07-21 20:00:00,electricity,2.959,kWh
2024-07-21 20:00:00,water,71.872,L
2024-07-21 21:00:00,electricity,2.764,kWh
2024-07-21 21:00:00,water,32.159,L
2024-07-21 22:00:00,electricity,2.118,kWh
2024-07-21 22:00:00,water,37.274,L
2024-07-21 23:00:00,electricity,1.84,kWh
2024-07-21 23:00:00,water,32.179,L
2024-07-22 00:00:00,electricity,0.693,kWh
2024-07-22 00:00:00,water,4.786,L
2024-07-22 01:00:00,electricity,0.81,kWh
2024-07-22 01:00:00,water,4.188,L
2024-07-22 02:00:00,electricity,0.744,kWh
2024-07-22 02:00:00,water,3.077,L
2024-07-22 03:00:00,electricity,0.712,kWh
2024-07-22 03:00:00,water,4.389,L
2024-07-22 04:00:00,electricity,0.686,kWh
2024-07-22 04:00:00,water,3.929,L
2024-07-22 05:00:00,electricity,0.826,kWh
2024-07-22 05:00:00,water,3.452,L
2024-07-22 06:00:00,electricity,2.399,kWh
2024-07-22 06:00:00,water,75.685,L
2024-07-22 07:00:00,electricity,2.823,kWh
2024-07-22 07:00:00,water,63.811,L
2024-07-22 08:00:00,electricity,2.83,kWh
2024-07-22 08:00:00,water,60.782,L
2024-07-22 09:00:00,electricity,2.928,kWh
2024-07-22 09:00:00,water,59.98,L
2024-07-22 10:00:00,electricity,1.811,kWh
2024-07-22 10:00:00,water,20.624,L
2024-07-22 11:00:00,electricity,2.074,kWh
2024-07-22 11:00:00,water,21.255,L
2024-07-22 12:00:00,electricity,2.105,kWh
2024-07-22 12:00:00,water,29.086,L
2024-07-22 13:00:00,electricity,1.886,kWh
2024-07-22 13:00:00,water,23.767,L
2024-07-22 14:00:00,electricity,1.827,kWh
2024-07-22 14:00:00,water,25.267,L
2024-07-22 15:00:00,electricity,2.299,kWh
2024-07-22 15:00:00,water,19.018,L
2024-07-22 16:00:00,electricity,2.025,kWh
2024-07-22 16:00:00,water,21.214,L
2024-07-22 17:00:00,electricity,3.791,kWh
2024-07-22 17:00:00,water,56.342,L
2024-07-22 18:00:00,electricity,3.271,kWh
2024-07-22 18:00:00,water,54.88,L
2024-07-22 19:00:00,electricity,3.129,kWh
2024-07-22 19:00:00,water,63.546,L
2024-07-22 20:00:00,electricity,3.361,kWh
2024-07-22 20:00:00,water,60.961,L
2024-07-22 21:00:00,electricity,3.52,kWh
2024-07-22 21:00:00,water,30.628,L
2024-07-22 22:00:00,electricity,1.769,kWh
2024-07-22 22:00:00,water,33.288,L
2024-07-22 23:00:00,electricity,1.978,kWh
2024-07-22 23:00:00,water,30.303,L
2024-07-23 00:00:00,electricity,0.658,kWh
2024-07-23 00:00:00,water,5.236,L
2024-07-23 01:00:00,electricity,0.703,kWh
2024-07-23 01:00:00,water,4.779,L
2024-07-23 02:00:00,electricity,0.845,kWh
2024-07-23 02:00:00,water,4.286,L
2024-07-23 03:00:00,electricity,0.84,kWh
2024-07-23 03:00:00,water,4.301,L
2024-07-23 04:00:00,electricity,0.761,kWh
2024-07-23 04:00:00,water,4.928,L
2024-07-23 05:00:00,electricity,0.711,kWh
2024-07-23 05:00:00,water,4.492,L
2024-07-23 06:00:00,electricity,2.31,kWh
2024-07-23 06:00:00,water,74.783,L
2024-07-23 07:00:00,electricity,2.478,kWh
2024-07-23 07:00:00,water,46.416,L
2024-07-23 08:00:00,electricity,2.74,kWh
2024-07-23 08:00:00,water,66.487,L
2024-07-23 09:00:00,electricity,2.813,kWh
2024-07-23 09:00:00,water,59.103,L
2024-07-23 10:00:00,electricity,1.882,kWh
2024-07-23 10:00:00,water,30.511,L
2024-07-23 11:00:00,electricity,1.752,kWh
2024-07-23 11:00:00,water,29.876,L
2024-07-23 12:00:00,electricity,2.033,kWh
2024-07-23 12:00:00,water,25.299,L
2024-07-23 13:00:00,electricity,1.817,kWh
2024-07-23 13:00:00,water,29.844,L
2024-07-23 14:00:00,electricity,1.877,kWh
2024-07-23 14:00:00,water,30.592,L
2024-07-23 15:00:00,electricity,2.242,kWh
2024-07-23 15:00:00,water,25.425,L
2024-07-23 16:00:00,electricity,2.144,kWh
2024-07-23 16:00:00,water,32.675,L
2024-07-23 17:00:00,electricity,3.62,kWh
2024-07-23 17:00:00,water,52.303,L
2024-07-23 18:00:00,electricity,3.111,kWh
2024-07-23 18:00:00,water,51.149,L
2024-07-23 19:00:00,electricity,3.639,kWh
2024-07-23 19:00:00,water,57.955,L
2024-07-23 20:00:00,electricity,3.943,kWh
2024-07-23 20:00:00,water,50.271,L
2024-07-23 21:00:00,electricity,3.43,kWh
2024-07-23 21:00:00,water,31.823,L
2024-07-23 22:00:00,electricity,2.248,kWh
2024-07-23 22:00:00,water,36.828,L
2024-07-23 23:00:00,electricity,2.236,kWh
2024-07-23 23:00:00,water,31.573,L
2024-07-24 00:00:00,electricity,0.924,kWh
2024-07-24 00:00:00,water,3.346,L
2024-07-24 01:00:00,electricity,0.816,kWh
2024-07-24 01:00:00,water,4.385,L
2024-07-24 02:00:00,electricity,0.839,kWh
2024-07-24 02:00:00,water,3.849,L
2024-07-24 03:00:00,electricity,0.904,kWh
2024-07-24 03:00:00,water,4.636,L
2024-07-24 04:00:00,electricity,0.827,kWh
2024-07-24 04:00:00,water,4.551,L
2024-07-24 05:00:00,electricity,0.752,kWh
2024-07-24 05:00:00,water,4.942,L
2024-07-24 06:00:00,electricity,2.459,kWh
2024-07-24 06:00:00,water,69.861,L
2024-07-24 07:00:00,electricity,2.635,kWh
2024-07-24 07:00:00,water,71.242,L
2024-07-24 08:00:00,electricity,2.242,kWh
2024-07-24 08:00:00,water,57.942,L
2024-07-24 09:00:00,electricity,2.537,kWh
2024-07-24 09:00:00,water,69.078,L
2024-07-24 10:00:00,electricity,2.197,kWh
2024-07-24 10:00:00,water,31.153,L
2024-07-24 11:00:00,electricity,1.546,kWh
2024-07-24 11:00:00,water,23.118,L
2024-07-24 12:00:00,electricity,2.284,kWh
2024-07-24 12:00:00,water,30.642,L
2024-07-24 13:00:00,electricity,2.202,kWh
2024-07-24 13:00:00,water,23.539,L
2024-07-24 14:00:00,electricity,1.889,kWh
2024-07-24 14:00:00,water,22.624,L
2024-07-24 15:00:00,electricity,2.088,kWh
2024-07-24 15:00:00,water,26.096,L
2024-07-24 16:00:00,electricity,1.981,kWh
2024-07-24 16:00:00,water,27.365,L
2024-07-24 17:00:00,electricity,4.002,kWh
2024-07-24 17:00:00,water,58.244,L
2024-07-24 18:00:00,electricity,3.914,kWh
2024-07-24 18:00:00,water,46.441,L
2024-07-24 19:00:00,electricity,3.065,kWh
2024-07-24 19:00:00,water,55.238,L
2024-07-24 20:00:00,electricity,3.773,kWh
2024-07-24 20:00:00,water,48.181,L
2024-07-24 21:00:00,electricity,3.491,kWh
2024-07-24 21:00:00,water,25.872,L
2024-07-24 22:00:00,electricity,1.996,kWh
2024-07-24 22:00:00,water,27.989,L
2024-07-24 23:00:00,electricity,1.836,kWh
2024-07-24 23:00:00,water,28.662,L
2024-07-25 00:00:00,electricity,0.93,kWh
2024-07-25 00:00:00,water,4.463,L
2024-07-25 01:00:00,electricity,0.874,kWh
2024-07-25 01:00:00,water,4.781,L
2024-07-25 02:00:00,electricity,0.733,kWh
2024-07-25 02:00:00,water,3.458,L
2024-07-25 03:00:00,electricity,0.686,kWh
2024-07-25 03:00:00,water,4.377,L
2024-07-25 04:00:00,electricity,0.761,kWh
2024-07-25 04:00:00,water,3.607,L
2024-07-25 05:00:00,electricity,0.826,kWh
2024-07-25 05:00:00,water,4.517,L
2024-07-25 06:00:00,electricity,2.636,kWh
2024-07-25 06:00:00,water,58.292,L
2024-07-25 07:00:00,electricity,2.897,kWh
2024-07-25 07:00:00,water,55.052,L
2024-07-25 08:00:00,electricity,2.777,kWh
2024-07-25 08:00:00,water,69.045,L
2024-07-25 09:00:00,electricity,2.824,kWh
2024-07-25 09:00:00,water,58.563,L
2024-07-25 10:00:00,electricity,2.045,kWh
2024-07-25 10:00:00,water,24.245,L
2024-07-25 11:00:00,electricity,1.705,kWh
2024-07-25 11:00:00,water,18.487,L
2024-07-25 12:00:00,electricity,1.941,kWh
2024-07-25 12:00:00,water,28.062,L
2024-07-25 13:00:00,electricity,2.19,kWh
2024-07-25 13:00:00,water,27.682,L
2024-07-25 14:00:00,electricity,1.97,kWh
2024-07-25 14:00:00,water,25.217,L
2024-07-25 15:00:00,electricity,2.08,kWh
2024-07-25 15:00:00,water,20.581,L
2024-07-25 16:00:00,electricity,1.917,kWh
2024-07-25 16:00:00,water,28.857,L
2024-07-25 17:00:00,electricity,3.197,kWh
2024-07-25 17:00:00,water,48.303,L
2024-07-25 18:00:00,electricity,3.52,kWh
2024-07-25 18:00:00,water,49.644,L
2024-07-25 19:00:00,electricity,3.674,kWh
2024-07-25 19:00:00,water,67.066,L
2024-07-25 20:00:00,electricity,3.33,kWh
2024-07-25 20:00:00,water,48.067,L
2024-07-25 21:00:00,electricity,3.48,kWh
2024-07-25 21:00:00,water,34.306,L
2024-07-25 22:00:00,electricity,1.794,kWh
2024-07-25 22:00:00,water,33.625,L
2024-07-25 23:00:00,electricity,2.202,kWh
2024-07-25 23:00:00,water,32.975,L
2024-07-26 00:00:00,electricity,0.769,kWh
2024-07-26 00:00:00,water,4.342,L
2024-07-26 01:00:00,electricity,0.907,kWh
2024-07-26 01:00:00,water,4.39,L
2024-07-26 02:00:00,electricity,0.913,kWh
2024-07-26 02:00:00,water,4.337,L
2024-07-26 03:00:00,electricity,0.786,kWh
2024-07-26 03:00:00,water,4.174,L
2024-07-26 04:00:00,electricity,0.712,kWh
2024-07-26 04:00:00,water,4.962,L
2024-07-26 05:00:00,electricity,0.627,kWh
2024-07-26 05:00:00,water,3.538,L
2024-07-26 06:00:00,electricity,2.195,kWh
2024-07-26 06:00:00,water,70.722,L
2024-07-26 07:00:00,electricity,2.22,kWh
2024-07-26 07:00:00,water,69.217,L
2024-07-26 08:00:00,electricity,2.929,kWh
2024-07-26 08:00:00,water,68.28,L
2024-07-26 09:00:00,electricity,2.604,kWh
2024-07-26 09:00:00,water,71.444,L
2024-07-26 10:00:00,electricity,2.057,kWh
2024-07-26 10:00:00,water,24.92,L
2024-07-26 11:00:00,electricity,1.54,kWh
2024-07-26 11:00:00,water,19.548,L
2024-07-26 12:00:00,electricity,1.743,kWh
2024-07-26 12:00:00,water,24.981,L
2024-07-26 13:00:00,electricity,2.156,kWh
2024-07-26 13:00:00,water,22.203,L
2024-07-26 14:00:00,electricity,2.037,kWh
2024-07-26 14:00:00,water,22.987,L
2024-07-26 15:00:00,electricity,1.951,kWh
2024-07-26 15:00:00,water,21.443,L
2024-07-26 16:00:00,electricity,2.092,kWh
2024-07-26 16:00:00,water,23.757,L
2024-07-26 17:00:00,electricity,4.147,kWh
2024-07-26 17:00:00,water,48.741,L
2024-07-26 18:00:00,electricity,3.485,kWh
2024-07-26 18:00:00,water,37.521,L
2024-07-26 19:00:00,electricity,3.589,kWh
2024-07-26 19:00:00,water,56.911,L
2024-07-26 20:00:00,electricity,3.633,kWh
2024-07-26 20:00:00,water,66.488,L
2024-07-26 21:00:00,electricity,4.417,kWh
2024-07-26 21:00:00,water,33.792,L
2024-07-26 22:00:00,electricity,1.564,kWh
2024-07-26 22:00:00,water,30.733,L
2024-07-26 23:00:00,electricity,2.115,kWh
2024-07-26 23:00:00,water,31.293,L
2024-07-27 00:00:00,electricity,0.641,kWh
2024-07-27 00:00:00,water,5.184,L
2024-07-27 01:00:00,electricity,0.685,kWh
2024-07-27 01:00:00,water,5.519,L
2024-07-27 02:00:00,electricity,0.605,kWh
2024-07-27 02:00:00,water,5.436,L
2024-07-27 03:00:00,electricity,0.645,kWh
2024-07-27 03:00:00,water,4.909,L
2024-07-27 04:00:00,electricity,0.694,kWh
2024-07-27 04:00:00,water,6.563,L
2024-07-27 05:00:00,electricity,0.85,kWh
2024-07-27 05:00:00,water,4.486,L
2024-07-27 06:00:00,electricity,2.276,kWh
2024-07-27 06:00:00,water,88.96,L
2024-07-27 07:00:00,electricity,1.927,kWh
2024-07-27 07:00:00,water,80.905,L
2024-07-27 08:00:00,electricity,2.017,kWh
2024-07-27 08:00:00,water,100.581,L
2024-07-27 09:00:00,electricity,2.011,kWh
2024-07-27 09:00:00,water,85.25,L
2024-07-27 10:00:00,electricity,1.329,kWh
2024-07-27 10:00:00,water,31.345,L
2024-07-27 11:00:00,electricity,1.567,kWh
2024-07-27 11:00:00,water,31.786,L
2024-07-27 12:00:00,electricity,1.739,kWh
2024-07-27 12:00:00,water,32.917,L
2024-07-27 13:00:00,electricity,1.414,kWh
2024-07-27 13:00:00,water,28.267,L
2024-07-27 14:00:00,electricity,1.79,kWh
2024-07-27 14:00:00,water,29.745,L
2024-07-27 15:00:00,electricity,1.699,kWh
2024-07-27 15:00:00,water,25.743,L
2024-07-27 16:00:00,electricity,1.501,kWh
2024-07-27 16:00:00,water,29.132,L
2024-07-27 17:00:00,electricity,2.875,kWh
2024-07-27 17:00:00,water,69.019,L
2024-07-27 18:00:00,electricity,3.382,kWh
2024-07-27 18:00:00,water,70.708,L
2024-07-27 19:00:00,electricity,3.13,kWh
2024-07-27 19:00:00,water,52.039,L
2024-07-27 20:00:00,electricity,2.919,kWh
2024-07-27 20:00:00,water,67.126,L
2024-07-27 21:00:00,electricity,2.847,kWh
2024-07-27 21:00:00,water,43.719,L
2024-07-27 22:00:00,electricity,1.632,kWh
2024-07-27 22:00:00,water,40.149,L
2024-07-27 23:00:00,electricity,1.537,kWh
2024-07-27 23:00:00,water,37.836,L
2024-07-28 00:00:00,electricity,0.512,kWh
2024-07-28 00:00:00,water,5.19,L
2024-07-28 01:00:00,electricity,0.78,kWh
2024-07-28 01:00:00,water,5.106,L
2024-07-28 02:00:00,electricity,0.658,kWh
2024-07-28 02:00:00,water,5.043,L
2024-07-28 03:00:00,electricity,0.674,kWh
2024-07-28 03:00:00,water,5.574,L
2024-07-28 04:00:00,electricity,0.644,kWh
2024-07-28 04:00:00,water,6.972,L
2024-07-28 05:00:00,electricity,0.6,kWh
2024-07-28 05:00:00,water,4.973,L
2024-07-28 06:00:00,electricity,2.067,kWh
2024-07-28 06:00:00,water,78.773,L
2024-07-28 07:00:00,electricity,1.769,kWh
2024-07-28 07:00:00,water,81.392,L
2024-07-28 08:00:00,electricity,2.586,kWh
2024-07-28 08:00:00,water,75.145,L
2024-07-28 09:00:00,electricity,1.846,kWh
2024-07-28 09:00:00,water,92.693,L
2024-07-28 10:00:00,electricity,1.453,kWh
2024-07-28 10:00:00,water,23.44,L
2024-07-28 11:00:00,electricity,1.549,kWh
2024-07-28 11:00:00,water,30.672,L
2024-07-28 12:00:00,electricity,1.829,kWh
2024-07-28 12:00:00,water,35.977,L
2024-07-28 13:00:00,electricity,1.622,kWh
2024-07-28 13:00:00,water,31.604,L
2024-07-28 14:00:00,electricity,1.42,kWh
2024-07-28 14:00:00,water,29.533,L
2024-07-28 15:00:00,electricity,1.823,kWh
2024-07-28 15:00:00,water,34.493,L
2024-07-28 16:00:00,electricity,1.738,kWh
2024-07-28 16:00:00,water,36.323,L
2024-07-28 17:00:00,electricity,3.073,kWh
2024-07-28 17:00:00,water,69.975,L
2024-07-28 18:00:00,electricity,3.125,kWh
2024-07-28 18:00:00,water,61.688,L
2024-07-28 19:00:00,electricity,3.614,kWh
2024-07-28 19:00:00,water,71.986,L
2024-07-28 20:00:00,electricity,3.553,kWh
2024-07-28 20:00:00,water,64.957,L
2024-07-28 21:00:00,electricity,2.716,kWh
2024-07-28 21:00:00,water,44.612,L
2024-07-28 22:00:00,electricity,1.883,kWh
2024-07-28 22:00:00,water,48.239,L
2024-07-28 23:00:00,electricity,1.682,kWh
2024-07-28 23:00:00,water,28.146,L
2024-07-29 00:00:00,electricity,0.832,kWh
2024-07-29 00:00:00,water,4.256,L
2024-07-29 01:00:00,electricity,0.658,kWh
2024-07-29 01:00:00,water,3.325,L
2024-07-29 02:00:00,electricity,0.779,kWh
2024-07-29 02:00:00,water,5.431,L
2024-07-29 03:00:00,electricity,0.728,kWh
2024-07-29 03:00:00,water,3.964,L
2024-07-29 04:00:00,electricity,0.858,kWh
2024-07-29 04:00:00,water,4.576,L
2024-07-29 05:00:00,electricity,0.877,kWh
2024-07-29 05:00:00,water,4.182,L
2024-07-29 06:00:00,electricity,2.04,kWh
2024-07-29 06:00:00,water,56.929,L
2024-07-29 07:00:00,electricity,2.568,kWh
2024-07-29 07:00:00,water,56.029,L
2024-07-29 08:00:00,electricity,2.863,kWh
2024-07-29 08:00:00,water,74.988,L
2024-07-29 09:00:00,electricity,2.526,kWh
2024-07-29 09:00:00,water,70.227,L
2024-07-29 10:00:00,electricity,2.124,kWh
2024-07-29 10:00:00,water,31.077,L
2024-07-29 11:00:00,electricity,2.05,kWh
2024-07-29 11:00:00,water,25.368,L
2024-07-29 12:00:00,electricity,2.048,kWh
2024-07-29 12:00:00,water,26.071,L
2024-07-29 13:00:00,electricity,1.926,kWh
2024-07-29 13:00:00,water,24.392,L
2024-07-29 14:00:00,electricity,1.739,kWh
2024-07-29 14:00:00,water,24.332,L
2024-07-29 15:00:00,electricity,1.758,kWh
2024-07-29 15:00:00,water,22.049,L
2024-07-29 16:00:00,electricity,2.12,kWh
2024-07-29 16:00:00,water,25.454,L
2024-07-29 17:00:00,electricity,3.571,kWh
2024-07-29 17:00:00,water,47.528,L
2024-07-29 18:00:00,electricity,3.515,kWh
2024-07-29 18:00:00,water,55.284,L
2024-07-29 19:00:00,electricity,3.413,kWh
2024-07-29 19:00:00,water,53.571,L
2024-07-29 20:00:00,electricity,3.455,kWh
2024-07-29 20:00:00,water,54.312,L
2024-07-29 21:00:00,electricity,3.937,kWh
2024-07-29 21:00:00,water,37.832,L
2024-07-29 22:00:00,electricity,1.914,kWh
2024-07-29 22:00:00,water,31.357,L
2024-07-29 23:00:00,electricity,1.714,kWh
2024-07-29 23:00:00,water,34.36,L
2024-07-30 00:00:00,electricity,0.851,kWh
2024-07-30 00:00:00,water,5.234,L
2024-07-30 01:00:00,electricity,0.776,kWh
2024-07-30 01:00:00,water,4.859,L
2024-07-30 02:00:00,electricity,0.794,kWh
2024-07-30 02:00:00,water,4.781,L
2024-07-30 03:00:00,electricity,0.919,kWh
2024-07-30 03:00:00,water,4.045,L
2024-07-30 04:00:00,electricity,0.79,kWh
2024-07-30 04:00:00,water,4.316,L
2024-07-30 05:00:00,electricity,0.815,kWh
2024-07-30 05:00:00,water,3.536,L
2024-07-30 06:00:00,electricity,2.271,kWh
2024-07-30 06:00:00,water,66.772,L
2024-07-30 07:00:00,electricity,2.517,kWh
2024-07-30 07:00:00,water,65.075,L
2024-07-30 08:00:00,electricity,2.731,kWh
2024-07-30 08:00:00,water,63.177,L
2024-07-30 09:00:00,electricity,2.174,kWh
2024-07-30 09:00:00,water,70.766,L
2024-07-30 10:00:00,electricity,2.02,kWh
2024-07-30 10:00:00,water,21.548,L
2024-07-30 11:00:00,electricity,2.0,kWh
2024-07-30 11:00:00,water,30.144,L
2024-07-30 12:00:00,electricity,1.988,kWh
2024-07-30 12:00:00,water,27.927,L
2024-07-30 13:00:00,electricity,2.185,kWh
2024-07-30 13:00:00,water,24.986,L
2024-07-30 14:00:00,electricity,2.046,kWh
2024-07-30 14:00:00,water,24.75,L
2024-07-30 15:00:00,electricity,2.273,kWh
2024-07-30 15:00:00,water,26.653,L
2024-07-30 16:00:00,electricity,1.783,kWh
2024-07-30 16:00:00,water,29.799,L
2024-07-30 17:00:00,electricity,3.612,kWh
2024-07-30 17:00:00,water,53.14,L
2024-07-30 18:00:00,electricity,3.594,kWh
2024-07-30 18:00:00,water,53.407,L
2024-07-30 19:00:00,electricity,3.183,kWh
2024-07-30 19:00:00,water,52.614,L
2024-07-30 20:00:00,electricity,3.905,kWh
2024-07-30 20:00:00,water,63.727,L
2024-07-30 21:00:00,electricity,4.393,kWh
2024-07-30 21:00:00,water,30.106,L
2024-07-30 22:00:00,electricity,1.977,kWh
2024-07-30 22:00:00,water,31.388,L
2024-07-30 23:00:00,electricity,2.08,kWh
2024-07-30 23:00:00,water,37.032,L
2024-07-31 00:00:00,electricity,0.799,kWh
2024-07-31 00:00:00,water,4.274,L
2024-07-31 01:00:00,electricity,0.735,kWh
2024-07-31 01:00:00,water,4.773,L
2024-07-31 02:00:00,electricity,0.648,kWh
2024-07-31 02:00:00,water,3.741,L
2024-07-31 03:00:00,electricity,0.736,kWh
2024-07-31 03:00:00,water,4.097,L
2024-07-31 04:00:00,electricity,0.682,kWh
2024-07-31 04:00:00,water,4.948,L
2024-07-31 05:00:00,electricity,0.927,kWh
2024-07-31 05:00:00,water,3.859,L
2024-07-31 06:00:00,electricity,2.544,kWh
2024-07-31 06:00:00,water,61.856,L
2024-07-31 07:00:00,electricity,2.485,kWh
2024-07-31 07:00:00,water,64.941,L
2024-07-31 08:00:00,electricity,2.803,kWh
2024-07-31 08:00:00,water,55.522,L
2024-07-31 09:00:00,electricity,2.285,kWh
2024-07-31 09:00:00,water,59.872,L
2024-07-31 10:00:00,electricity,1.828,kWh
2024-07-31 10:00:00,water,25.541,L
2024-07-31 11:00:00,electricity,1.993,kWh
2024-07-31 11:00:00,water,25.341,L
2024-07-31 12:00:00,electricity,2.184,kWh
2024-07-31 12:00:00,water,29.072,L
2024-07-31 13:00:00,electricity,2.079,kWh
2024-07-31 13:00:00,water,29.861,L
2024-07-31 14:00:00,electricity,2.029,kWh
2024-07-31 14:00:00,water,22.611,L
2024-07-31 15:00:00,electricity,1.995,kWh
2024-07-31 15:00:00,water,25.536,L
2024-07-31 16:00:00,electricity,2.059,kWh
2024-07-31 16:00:00,water,27.239,L
2024-07-31 17:00:00,electricity,3.636,kWh
2024-07-31 17:00:00,water,62.053,L
2024-07-31 18:00:00,electricity,3.197,kWh
2024-07-31 18:00:00,water,57.026,L
2024-07-31 19:00:00,electricity,3.58,kWh
2024-07-31 19:00:00,water,54.333,L
2024-07-31 20:00:00,electricity,3.181,kWh
2024-07-31 20:00:00,water,56.699,L
2024-07-31 21:00:00,electricity,3.593,kWh
2024-07-31 21:00:00,water,34.047,L
2024-07-31 22:00:00,electricity,1.885,kWh
2024-07-31 22:00:00,water,27.993,L
2024-07-31 23:00:00,electricity,2.483,kWh
2024-07-31 23:00:00,water,32.229,L
2024-08-01 00:00:00,electricity,0.789,kWh
2024-08-01 00:00:00,water,4.935,L
2024-08-01 01:00:00,electricity,0.681,kWh
2024-08-01 01:00:00,water,4.095,L
2024-08-01 02:00:00,electricity,0.781,kWh
2024-08-01 02:00:00,water,4.265,L
2024-08-01 03:00:00,electricity,0.833,kWh
2024-08-01 03:00:00,water,4.078,L
2024-08-01 04:00:00,electricity,0.925,kWh
2024-08-01 04:00:00,water,3.034,L
2024-08-01 05:00:00,electricity,0.745,kWh
2024-08-01 05:00:00,water,4.21,L
2024-08-01 06:00:00,electricity,2.167,kWh
2024-08-01 06:00:00,water,65.282,L
2024-08-01 07:00:00,electricity,2.784,kWh
2024-08-01 07:00:00,water,59.126,L
2024-08-01 08:00:00,electricity,2.219,kWh
2024-08-01 08:00:00,water,54.271,L
2024-08-01 09:00:00,electricity,2.462,kWh
2024-08-01 09:00:00,water,56.343,L
2024-08-01 10:00:00,electricity,1.929,kWh
2024-08-01 10:00:00,water,27.511,L
2024-08-01 11:00:00,electricity,1.966,kWh
2024-08-01 11:00:00,water,31.165,L
2024-08-01 12:00:00,electricity,2.116,kWh
2024-08-01 12:00:00,water,29.38,L
2024-08-01 13:00:00,electricity,1.845,kWh
2024-08-01 13:00:00,water,21.135,L
2024-08-01 14:00:00,electricity,1.926,kWh
2024-08-01 14:00:00,water,27.784,L
2024-08-01 15:00:00,electricity,1.977,kWh
2024-08-01 15:00:00,water,23.195,L
2024-08-01 16:00:00,electricity,2.01,kWh
2024-08-01 16:00:00,water,23.439,L
2024-08-01 17:00:00,electricity,3.599,kWh
2024-08-01 17:00:00,water,49.59,L
2024-08-01 18:00:00,electricity,3.719,kWh
2024-08-01 18:00:00,water,56.948,L
2024-08-01 19:00:00,electricity,3.865,kWh
2024-08-01 19:00:00,water,58.543,L
2024-08-01 20:00:00,electricity,3.704,kWh
2024-08-01 20:00:00,water,51.882,L
2024-08-01 21:00:00,electricity,3.726,kWh
2024-08-01 21:00:00,water,31.194,L
2024-08-01 22:00:00,electricity,1.667,kWh
2024-08-01 22:00:00,water,33.255,L
2024-08-01 23:00:00,electricity,1.99,kWh
2024-08-01 23:00:00,water,33.647,L
2024-08-02 00:00:00,electricity,0.83,kWh
2024-08-02 00:00:00,water,4.793,L
2024-08-02 01:00:00,electricity,0.85,kWh
2024-08-02 01:00:00,water,3.553,L
2024-08-02 02:00:00,electricity,0.737,kWh
2024-08-02 02:00:00,water,4.21,L
2024-08-02 03:00:00,electricity,0.74,kWh
2024-08-02 03:00:00,water,3.662,L
2024-08-02 04:00:00,electricity,0.747,kWh
2024-08-02 04:00:00,water,4.174,L
2024-08-02 05:00:00,electricity,0.834,kWh
2024-08-02 05:00:00,water,4.086,L
2024-08-02 06:00:00,electricity,2.84,kWh
2024-08-02 06:00:00,water,62.647,L
2024-08-02 07:00:00,electricity,2.469,kWh
2024-08-02 07:00:00,water,56.954,L
2024-08-02 08:00:00,electricity,2.808,kWh
2024-08-02 08:00:00,water,51.756,L
2024-08-02 09:00:00,electricity,2.606,kWh
2024-08-02 09:00:00,water,47.166,L
2024-08-02 10:00:00,electricity,1.955,kWh
2024-08-02 10:00:00,water,24.803,L
2024-08-02 11:00:00,electricity,1.938,kWh
2024-08-02 11:00:00,water,23.897,L
2024-08-02 12:00:00,electricity,2.128,kWh
2024-08-02 12:00:00,water,23.156,L
2024-08-02 13:00:00,electricity,2.044,kWh
2024-08-02 13:00:00,water,29.199,L
2024-08-02 14:00:00,electricity,2.431,kWh
2024-08-02 14:00:00,water,22.601,L
2024-08-02 15:00:00,electricity,1.811,kWh
2024-08-02 15:00:00,water,29.485,L
2024-08-02 16:00:00,electricity,2.083,kWh
2024-08-02 16:00:00,water,30.111,L
2024-08-02 17:00:00,electricity,3.375,kWh
2024-08-02 17:00:00,water,40.209,L
2024-08-02 18:00:00,electricity,3.254,kWh
2024-08-02 18:00:00,water,53.082,L
2024-08-02 19:00:00,electricity,3.56,kWh
2024-08-02 19:00:00,water,49.982,L
2024-08-02 20:00:00,electricity,3.613,kWh
2024-08-02 20:00:00,water,34.156,L
2024-08-02 21:00:00,electricity,4.604,kWh
2024-08-02 21:00:00,water,26.039,L
2024-08-02 22:00:00,electricity,1.944,kWh
2024-08-02 22:00:00,water,34.429,L
2024-08-02 23:00:00,electricity,1.756,kWh
2024-08-02 23:00:00,water,39.133,L
2024-08-03 00:00:00,electricity,0.666,kWh
2024-08-03 00:00:00,water,6.051,L
2024-08-03 01:00:00,electricity,0.514,kWh
2024-08-03 01:00:00,water,5.672,L
2024-08-03 02:00:00,electricity,0.642,kWh
2024-08-03 02:00:00,water,5.446,L
2024-08-03 03:00:00,electricity,0.649,kWh
2024-08-03 03:00:00,water,6.562,L
2024-08-03 04:00:00,electricity,0.699,kWh
2024-08-03 04:00:00,water,6.868,L
2024-08-03 05:00:00,electricity,0.711,kWh
2024-08-03 05:00:00,water,5.076,L
2024-08-03 06:00:00,electricity,2.0,kWh
2024-08-03 06:00:00,water,62.244,L
2024-08-03 07:00:00,electricity,2.074,kWh
2024-08-03 07:00:00,water,61.279,L
2024-08-03 08:00:00,electricity,1.945,kWh
2024-08-03 08:00:00,water,94.891,L
2024-08-03 09:00:00,electricity,1.868,kWh
2024-08-03 09:00:00,water,81.438,L
2024-08-03 10:00:00,electricity,1.67,kWh
2024-08-03 10:00:00,water,33.48,L
2024-08-03 11:00:00,electricity,1.414,kWh
2024-08-03 11:00:00,water,25.721,L
2024-08-03 12:00:00,electricity,1.553,kWh
2024-08-03 12:00:00,water,29.799,L
2024-08-03 13:00:00,electricity,1.459,kWh
2024-08-03 13:00:00,water,31.598,L
2024-08-03 14:00:00,electricity,1.709,kWh
2024-08-03 14:00:00,water,33.577,L
2024-08-03 15:00:00,electricity,1.912,kWh
2024-08-03 15:00:00,water,31.193,L
2024-08-03 16:00:00,electricity,1.409,kWh
2024-08-03 16:00:00,water,2.044,L
2024-08-03 17:00:00,electricity,2.376,kWh
2024-08-03 17:00:00,water,61.824,L
2024-08-03 18:00:00,electricity,2.88,kWh
2024-08-03 18:00:00,water,78.146,L
2024-08-03 19:00:00,electricity,2.921,kWh
2024-08-03 19:00:00,water,70.255,L
2024-08-03 20:00:00,electricity,2.98,kWh
2024-08-03 20:00:00,water,73.264,L
2024-08-03 21:00:00,electricity,2.786,kWh
2024-08-03 21:00:00,water,36.533,L
2024-08-03 22:00:00,electricity,1.587,kWh
2024-08-03 22:00:00,water,26.435,L
2024-08-03 23:00:00,electricity,1.68,kWh
2024-08-03 23:00:00,water,38.379,L
2024-08-04 00:00:00,electricity,0.715,kWh
2024-08-04 00:00:00,water,4.892,L
2024-08-04 01:00:00,electricity,0.521,kWh
2024-08-04 01:00:00,water,5.689,L
2024-08-04 02:00:00,electricity,0.624,kWh
2024-08-04 02:00:00,water,7.613,L
2024-08-04 03:00:00,electricity,0.662,kWh
2024-08-04 03:00:00,water,5.915,L
2024-08-04 04:00:00,electricity,0.589,kWh
2024-08-04 04:00:00,water,7.253,L
2024-08-04 05:00:00,electricity,0.76,kWh
2024-08-04 05:00:00,water,5.833,L
2024-08-04 06:00:00,electricity,1.972,kWh
2024-08-04 06:00:00,water,75.709,L
2024-08-04 07:00:00,electricity,2.097,kWh
2024-08-04 07:00:00,water,85.319,L
2024-08-04 08:00:00,electricity,2.223,kWh
2024-08-04 08:00:00,water,99.4,L
2024-08-04 09:00:00,electricity,1.981,kWh
2024-08-04 09:00:00,water,99.881,L
2024-08-04 10:00:00,electricity,1.321,kWh
2024-08-04 10:00:00,water,30.498,L
2024-08-04 11:00:00,electricity,1.551,kWh
2024-08-04 11:00:00,water,33.755,L
2024-08-04 12:00:00,electricity,1.787,kWh
2024-08-04 12:00:00,water,27.141,L
2024-08-04 13:00:00,electricity,1.565,kWh
2024-08-04 13:00:00,water,36.002,L
2024-08-04 14:00:00,electricity,1.483,kWh
2024-08-04 14:00:00,water,38.867,L
2024-08-04 15:00:00,electricity,1.77,kWh
2024-08-04 15:00:00,water,32.916,L
2024-08-04 16:00:00,electricity,1.566,kWh
2024-08-04 16:00:00,water,30.136,L
2024-08-04 17:00:00,electricity,2.767,kWh
2024-08-04 17:00:00,water,71.199,L
2024-08-04 18:00:00,electricity,2.96,kWh
2024-08-04 18:00:00,water,71.669,L
2024-08-04 19:00:00,electricity,3.141,kWh
2024-08-04 19:00:00,water,68.915,L
2024-08-04 20:00:00,electricity,3.611,kWh
2024-08-04 20:00:00,water,69.714,L
2024-08-04 21:00:00,electricity,3.157,kWh
2024-08-04 21:00:00,water,40.096,L
2024-08-04 22:00:00,electricity,1.808,kWh
2024-08-04 22:00:00,water,45.844,L
2024-08-04 23:00:00,electricity,1.538,kWh
2024-08-04 23:00:00,water,44.568,L
2024-08-05 00:00:00,electricity,0.711,kWh
2024-08-05 00:00:00,water,3.705,L
2024-08-05 01:00:00,electricity,0.797,kWh
2024-08-05 01:00:00,water,3.691,L
2024-08-05 02:00:00,electricity,0.8,kWh
2024-08-05 02:00:00,water,4.072,L
2024-08-05 03:00:00,electricity,0.707,kWh
2024-08-05 03:00:00,water,4.571,L
2024-08-05 04:00:00,electricity,0.778,kWh
2024-08-05 04:00:00,water,4.275,L
2024-08-05 05:00:00,electricity,0.824,kWh
2024-08-05 05:00:00,water,3.876,L
2024-08-05 06:00:00,electricity,2.667,kWh
2024-08-05 06:00:00,water,64.977,L
2024-08-05 07:00:00,electricity,2.704,kWh
2024-08-05 07:00:00,water,60.499,L
2024-08-05 08:00:00,electricity,2.649,kWh
2024-08-05 08:00:00,water,69.656,L
2024-08-05 09:00:00,electricity,2.443,kWh
2024-08-05 09:00:00,water,65.518,L
2024-08-05 10:00:00,electricity,1.878,kWh
2024-08-05 10:00:00,water,24.247,L
2024-08-05 11:00:00,electricity,1.743,kWh
2024-08-05 11:00:00,water,25.9,L
2024-08-05 12:00:00,electricity,2.333,kWh
2024-08-05 12:00:00,water,29.177,L
2024-08-05 13:00:00,electricity,1.983,kWh
2024-08-05 13:00:00,water,23.477,L
2024-08-05 14:00:00,electricity,1.935,kWh
2024-08-05 14:00:00,water,26.418,L
2024-08-05 15:00:00,electricity,1.796,kWh
2024-08-05 15:00:00,water,24.987,L
2024-08-05 16:00:00,electricity,2.561,kWh
2024-08-05 16:00:00,water,26.491,L
2024-08-05 17:00:00,electricity,3.181,kWh
2024-08-05 17:00:00,water,48.376,L
2024-08-05 18:00:00,electricity,3.411,kWh
2024-08-05 18:00:00,water,53.195,L
2024-08-05 19:00:00,electricity,3.712,kWh
2024-08-05 19:00:00,water,59.479,L
2024-08-05 20:00:00,electricity,3.778,kWh
2024-08-05 20:00:00,water,46.597,L
2024-08-05 21:00:00,electricity,3.905,kWh
2024-08-05 21:00:00,water,26.475,L
2024-08-05 22:00:00,electricity,2.338,kWh
2024-08-05 22:00:00,water,26.618,L
2024-08-05 23:00:00,electricity,2.08,kWh
2024-08-05 23:00:00,water,27.075,L
2024-08-06 00:00:00,electricity,0.708,kWh
2024-08-06 00:00:00,water,4.5,L
2024-08-06 01:00:00,electricity,0.772,kWh
2024-08-06 01:00:00,water,3.491,L
2024-08-06 02:00:00,electricity,0.816,kWh
2024-08-06 02:00:00,water,4.05,L
2024-08-06 03:00:00,electricity,0.956,kWh
2024-08-06 03:00:00,water,4.512,L
2024-08-06 04:00:00,electricity,0.681,kWh
2024-08-06 04:00:00,water,4.41,L
2024-08-06 05:00:00,electricity,0.887,kWh
2024-08-06 05:00:00,water,4.006,L
2024-08-06 06:00:00,electricity,2.62,kWh
2024-08-06 06:00:00,water,64.443,L
2024-08-06 07:00:00,electricity,2.79,kWh
2024-08-06 07:00:00,water,63.81,L
2024-08-06 08:00:00,electricity,2.548,kWh
2024-08-06 08:00:00,water,61.305,L
2024-08-06 09:00:00,electricity,2.357,kWh
2024-08-06 09:00:00,water,61.406,L
2024-08-06 10:00:00,electricity,2.129,kWh
2024-08-06 10:00:00,water,31.96,L
2024-08-06 11:00:00,electricity,2.11,kWh
2024-08-06 11:00:00,water,27.647,L
2024-08-06 12:00:00,electricity,2.172,kWh
2024-08-06 12:00:00,water,32.701,L
2024-08-06 13:00:00,electricity,1.977,kWh
2024-08-06 13:00:00,water,23.697,L
2024-08-06 14:00:00,electricity,1.861,kWh
2024-08-06 14:00:00,water,24.943,L
2024-08-06 15:00:00,electricity,1.671,kWh
2024-08-06 15:00:00,water,21.172,L
2024-08-06 16:00:00,electricity,2.142,kWh
2024-08-06 16:00:00,water,22.752,L
2024-08-06 17:00:00,electricity,3.715,kWh
2024-08-06 17:00:00,water,64.482,L
2024-08-06 18:00:00,electricity,3.22,kWh
2024-08-06 18:00:00,water,49.211,L
2024-08-06 19:00:00,electricity,3.372,kWh
2024-08-06 19:00:00,water,64.591,L
2024-08-06 20:00:00,electricity,3.398,kWh
2024-08-06 20:00:00,water,44.667,L
2024-08-06 21:00:00,electricity,3.035,kWh
2024-08-06 21:00:00,water,27.518,L
2024-08-06 22:00:00,electricity,1.818,kWh
2024-08-06 22:00:00,water,30.21,L
2024-08-06 23:00:00,electricity,1.756,kWh
2024-08-06 23:00:00,water,31.259,L
2024-08-07 00:00:00,electricity,0.759,kWh
2024-08-07 00:00:00,water,4.665,L
2024-08-07 01:00:00,electricity,0.733,kWh
2024-08-07 01:00:00,water,4.427,L
2024-08-07 02:00:00,electricity,0.663,kWh
2024-08-07 02:00:00,water,3.99,L
2024-08-07 03:00:00,electricity,0.952,kWh
2024-08-07 03:00:00,water,4.133,L
2024-08-07 04:00:00,electricity,0.891,kWh
2024-08-07 04:00:00,water,4.039,L
2024-08-07 05:00:00,electricity,0.73,kWh
2024-08-07 05:00:00,water,3.739,L
2024-08-07 06:00:00,electricity,2.644,kWh
2024-08-07 06:00:00,water,56.287,L
2024-08-07 07:00:00,electricity,2.681,kWh
2024-08-07 07:00:00,water,70.771,L
2024-08-07 08:00:00,electricity,2.881,kWh
2024-08-07 08:00:00,water,49.179,L
2024-08-07 09:00:00,electricity,2.363,kWh
2024-08-07 09:00:00,water,75.227,L
2024-08-07 10:00:00,electricity,2.196,kWh
2024-08-07 10:00:00,water,24.163,L
2024-08-07 11:00:00,electricity,1.872,kWh
2024-08-07 11:00:00,water,22.864,L
2024-08-07 12:00:00,electricity,1.715,kWh
2024-08-07 12:00:00,water,27.437,L
2024-08-07 13:00:00,electricity,2.123,kWh
2024-08-07 13:00:00,water,29.691,L
2024-08-07 14:00:00,electricity,2.236,kWh
2024-08-07 14:00:00,water,28.58,L
2024-08-07 15:00:00,electricity,2.492,kWh
2024-08-07 15:00:00,water,26.718,L
2024-08-07 16:00:00,electricity,1.742,kWh
2024-08-07 16:00:00,water,28.487,L
2024-08-07 17:00:00,electricity,3.813,kWh
2024-08-07 17:00:00,water,41.686,L
2024-08-07 18:00:00,electricity,3.418,kWh
2024-08-07 18:00:00,water,49.212,L
2024-08-07 19:00:00,electricity,3.843,kWh
2024-08-07 19:00:00,water,46.76,L
2024-08-07 20:00:00,electricity,3.04,kWh
2024-08-07 20:00:00,water,60.215,L
2024-08-07 21:00:00,electricity,3.114,kWh
2024-08-07 21:00:00,water,30.05,L
2024-08-07 22:00:00,electricity,1.826,kWh
2024-08-07 22:00:00,water,34.696,L
2024-08-07 23:00:00,electricity,1.996,kWh
2024-08-07 23:00:00,water,33.526,L
2024-08-08 00:00:00,electricity,0.741,kWh
2024-08-08 00:00:00,water,3.765,L
2024-08-08 01:00:00,electricity,0.844,kWh
2024-08-08 01:00:00,water,3.904,L
2024-08-08 02:00:00,electricity,0.873,kWh
2024-08-08 02:00:00,water,4.852,L
2024-08-08 03:00:00,electricity,0.839,kWh
2024-08-08 03:00:00,water,3.809,L
2024-08-08 04:00:00,electricity,0.92,kWh
2024-08-08 04:00:00,water,4.263,L
2024-08-08 05:00:00,electricity,0.825,kWh
2024-08-08 05:00:00,water,3.806,L
2024-08-08 06:00:00,electricity,2.261,kWh
2024-08-08 06:00:00,water,60.627,L
2024-08-08 07:00:00,electricity,2.925,kWh
2024-08-08 07:00:00,water,62.651,L
2024-08-08 08:00:00,electricity,2.418,kWh
2024-08-08 08:00:00,water,57.082,L
2024-08-08 09:00:00,electricity,2.808,kWh
2024-08-08 09:00:00,water,55.739,L
2024-08-08 10:00:00,electricity,2.292,kWh
2024-08-08 10:00:00,water,26.066,L
2024-08-08 11:00:00,electricity,2.07,kWh
2024-08-08 11:00:00,water,22.646,L
2024-08-08 12:00:00,electricity,1.684,kWh
2024-08-08 12:00:00,water,22.749,L
2024-08-08 13:00:00,electricity,1.798,kWh
2024-08-08 13:00:00,water,22.36,L
2024-08-08 14:00:00,electricity,2.242,kWh
2024-08-08 14:00:00,water,24.964,L
2024-08-08 15:00:00,electricity,1.947,kWh
2024-08-08 15:00:00,water,28.054,L
2024-08-08 16:00:00,electricity,1.996,kWh
2024-08-08 16:00:00,water,29.756,L
2024-08-08 17:00:00,electricity,3.834,kWh
2024-08-08 17:00:00,water,47.927,L
2024-08-08 18:00:00,electricity,3.812,kWh
2024-08-08 18:00:00,water,66.047,L
2024-08-08 19:00:00,electricity,3.663,kWh
2024-08-08 19:00:00,water,46.17,L
2024-08-08 20:00:00,electricity,3.49,kWh
2024-08-08 20:00:00,water,59.326,L
2024-08-08 21:00:00,electricity,3.453,kWh
2024-08-08 21:00:00,water,28.772,L
2024-08-08 22:00:00,electricity,2.15,kWh
2024-08-08 22:00:00,water,28.208,L
2024-08-08 23:00:00,electricity,2.09,kWh
2024-08-08 23:00:00,water,28.685,L
2024-08-09 00:00:00,electricity,0.772,kWh
2024-08-09 00:00:00,water,4.174,L
2024-08-09 01:00:00,electricity,0.878,kWh
2024-08-09 01:00:00,water,4.492,L
2024-08-09 02:00:00,electricity,0.782,kWh
2024-08-09 02:00:00,water,4.538,L
2024-08-09 03:00:00,electricity,0.725,kWh
2024-08-09 03:00:00,water,3.724,L
2024-08-09 04:00:00,electricity,0.732,kWh
2024-08-09 04:00:00,water,3.701,L
2024-08-09 05:00:00,electricity,0.714,kWh
2024-08-09 05:00:00,water,3.738,L
2024-08-09 06:00:00,electricity,2.504,kWh
2024-08-09 06:00:00,water,62.158,L
2024-08-09 07:00:00,electricity,2.892,kWh
2024-08-09 07:00:00,water,61.411,L
2024-08-09 08:00:00,electricity,2.367,kWh
2024-08-09 08:00:00,water,55.817,L
2024-08-09 09:00:00,electricity,2.623,kWh
2024-08-09 09:00:00,water,65.038,L
2024-08-09 10:00:00,electricity,1.85,kWh
2024-08-09 10:00:00,water,32.042,L
2024-08-09 11:00:00,electricity,1.928,kWh
2024-08-09 11:00:00,water,23.674,L
2024-08-09 12:00:00,electricity,1.681,kWh
2024-08-09 12:00:00,water,23.889,L
2024-08-09 13:00:00,electricity,1.936,kWh
2024-08-09 13:00:00,water,26.892,L
2024-08-09 14:00:00,electricity,1.942,kWh
2024-08-09 14:00:00,water,23.51,L
2024-08-09 15:00:00,electricity,2.087,kWh
2024-08-09 15:00:00,water,27.223,L
2024-08-09 16:00:00,electricity,2.024,kWh
2024-08-09 16:00:00,water,23.027,L
2024-08-09 17:00:00,electricity,3.137,kWh
2024-08-09 17:00:00,water,3.626,L
2024-08-09 18:00:00,electricity,3.95,kWh
2024-08-09 18:00:00,water,54.672,L
2024-08-09 19:00:00,electricity,3.639,kWh
2024-08-09 19:00:00,water,48.594,L
2024-08-09 20:00:00,electricity,3.635,kWh
2024-08-09 20:00:00,water,48.791,L
2024-08-09 21:00:00,electricity,3.561,kWh
2024-08-09 21:00:00,water,29.558,L
2024-08-09 22:00:00,electricity,1.877,kWh
2024-08-09 22:00:00,water,36.689,L
2024-08-09 23:00:00,electricity,2.023,kWh
2024-08-09 23:00:00,water,26.704,L
2024-08-10 00:00:00,electricity,0.679,kWh
2024-08-10 00:00:00,water,5.022,L
2024-08-10 01:00:00,electricity,0.535,kWh
2024-08-10 01:00:00,water,5.092,L
2024-08-10 02:00:00,electricity,0.613,kWh
2024-08-10 02:00:00,water,5.45,L
2024-08-10 03:00:00,electricity,0.631,kWh
2024-08-10 03:00:00,water,5.282,L
2024-08-10 04:00:00,electricity,0.665,kWh
2024-08-10 04:00:00,water,4.483,L
2024-08-10 05:00:00,electricity,0.725,kWh
2024-08-10 05:00:00,water,5.198,L
2024-08-10 06:00:00,electricity,1.943,kWh
2024-08-10 06:00:00,water,80.922,L
2024-08-10 07:00:00,electricity,2.001,kWh
2024-08-10 07:00:00,water,75.727,L
2024-08-10 08:00:00,electricity,1.998,kWh
2024-08-10 08:00:00,water,88.65,L
2024-08-10 09:00:00,electricity,1.937,kWh
2024-08-10 09:00:00,water,90.936,L
2024-08-10 10:00:00,electricity,1.564,kWh
2024-08-10 10:00:00,water,32.452,L
2024-08-10 11:00:00,electricity,1.745,kWh
2024-08-10 11:00:00,water,33.666,L
2024-08-10 12:00:00,electricity,1.449,kWh
2024-08-10 12:00:00,water,24.264,L
2024-08-10 13:00:00,electricity,1.689,kWh
2024-08-10 13:00:00,water,31.105,L
2024-08-10 14:00:00,electricity,1.344,kWh
2024-08-10 14:00:00,water,36.71,L
2024-08-10 15:00:00,electricity,1.529,kWh
2024-08-10 15:00:00,water,31.095,L
2024-08-10 16:00:00,electricity,1.567,kWh
2024-08-10 16:00:00,water,29.862,L
2024-08-10 17:00:00,electricity,3.404,kWh
2024-08-10 17:00:00,water,86.904,L
2024-08-10 18:00:00,electricity,2.836,kWh
2024-08-10 18:00:00,water,83.148,L
2024-08-10 19:00:00,electricity,2.274,kWh
2024-08-10 19:00:00,water,72.079,L
2024-08-10 20:00:00,electricity,2.333,kWh
2024-08-10 20:00:00,water,77.578,L
2024-08-10 21:00:00,electricity,2.926,kWh
2024-08-10 21:00:00,water,30.012,L
2024-08-10 22:00:00,electricity,1.719,kWh
2024-08-10 22:00:00,water,37.08,L
2024-08-10 23:00:00,electricity,1.681,kWh
2024-08-10 23:00:00,water,38.641,L
2024-08-11 00:00:00,electricity,0.659,kWh
2024-08-11 00:00:00,water,5.305,L
2024-08-11 01:00:00,electricity,0.723,kWh
2024-08-11 01:00:00,water,5.139,L
2024-08-11 02:00:00,electricity,0.613,kWh
2024-08-11 02:00:00,water,3.789,L
2024-08-11 03:00:00,electricity,0.706,kWh
2024-08-11 03:00:00,water,5.713,L
2024-08-11 04:00:00,electricity,0.542,kWh
2024-08-11 04:00:00,water,5.816,L
2024-08-11 05:00:00,electricity,0.589,kWh
2024-08-11 05:00:00,water,6.51,L
2024-08-11 06:00:00,electricity,1.725,kWh
2024-08-11 06:00:00,water,74.152,L
2024-08-11 07:00:00,electricity,2.048,kWh
2024-08-11 07:00:00,water,73.348,L
2024-08-11 08:00:00,electricity,2.096,kWh
2024-08-11 08:00:00,water,55.561,L
2024-08-11 09:00:00,electricity,2.13,kWh
2024-08-11 09:00:00,water,79.015,L
2024-08-11 10:00:00,electricity,1.63,kWh
2024-08-11 10:00:00,water,36.302,L
2024-08-11 11:00:00,electricity,1.47,kWh
2024-08-11 11:00:00,water,30.355,L
2024-08-11 12:00:00,electricity,1.589,kWh
2024-08-11 12:00:00,water,41.186,L
2024-08-11 13:00:00,electricity,1.377,kWh
2024-08-11 13:00:00,water,31.751,L
2024-08-11 14:00:00,electricity,1.841,kWh
2024-08-11 14:00:00,water,33.338,L
2024-08-11 15:00:00,electricity,1.571,kWh
2024-08-11 15:00:00,water,27.401,L
2024-08-11 16:00:00,electricity,1.541,kWh
2024-08-11 16:00:00,water,33.889,L
2024-08-11 17:00:00,electricity,3.379,kWh
2024-08-11 17:00:00,water,52.039,L
2024-08-11 18:00:00,electricity,2.554,kWh
2024-08-11 18:00:00,water,73.931,L
2024-08-11 19:00:00,electricity,2.588,kWh
2024-08-11 19:00:00,water,74.183,L
2024-08-11 20:00:00,electricity,2.596,kWh
2024-08-11 20:00:00,water,79.383,L
2024-08-11 21:00:00,electricity,2.896,kWh
2024-08-11 21:00:00,water,35.938,L
2024-08-11 22:00:00,electricity,1.69,kWh
2024-08-11 22:00:00,water,41.739,L
2024-08-11 23:00:00,electricity,1.74,kWh
2024-08-11 23:00:00,water,43.721,L
2024-08-12 00:00:00,electricity,0.996,kWh
2024-08-12 00:00:00,water,4.423,L
2024-08-12 01:00:00,electricity,0.614,kWh
2024-08-12 01:00:00,water,3.764,L
2024-08-12 02:00:00,electricity,0.84,kWh
2024-08-12 02:00:00,water,2.994,L
2024-08-12 03:00:00,electricity,0.748,kWh
2024-08-12 03:00:00,water,4.375,L
2024-08-12 04:00:00,electricity,0.746,kWh
2024-08-12 04:00:00,water,4.123,L
2024-08-12 05:00:00,electricity,0.743,kWh
2024-08-12 05:00:00,water,3.914,L
2024-08-12 06:00:00,electricity,2.34,kWh
2024-08-12 06:00:00,water,68.775,L
2024-08-12 07:00:00,electricity,3.008,kWh
2024-08-12 07:00:00,water,62.66,L
2024-08-12 08:00:00,electricity,2.791,kWh
2024-08-12 08:00:00,water,53.027,L
2024-08-12 09:00:00,electricity,2.58,kWh
2024-08-12 09:00:00,water,48.398,L
2024-08-12 10:00:00,electricity,2.248,kWh
2024-08-12 10:00:00,water,21.786,L
2024-08-12 11:00:00,electricity,1.681,kWh
2024-08-12 11:00:00,water,32.436,L
2024-08-12 12:00:00,electricity,1.717,kWh
2024-08-12 12:00:00,water,27.386,L
2024-08-12 13:00:00,electricity,1.549,kWh
2024-08-12 13:00:00,water,25.77,L
2024-08-12 14:00:00,electricity,1.842,kWh
2024-08-12 14:00:00,water,24.651,L
2024-08-12 15:00:00,electricity,2.012,kWh
2024-08-12 15:00:00,water,24.452,L
2024-08-12 16:00:00,electricity,2.0,kWh
2024-08-12 16:00:00,water,28.73,L
2024-08-12 17:00:00,electricity,3.617,kWh
2024-08-12 17:00:00,water,49.409,L
2024-08-12 18:00:00,electricity,3.061,kWh
2024-08-12 18:00:00,water,56.135,L
2024-08-12 19:00:00,electricity,3.85,kWh
2024-08-12 19:00:00,water,50.305,L
2024-08-12 20:00:00,electricity,3.649,kWh
2024-08-12 20:00:00,water,64.723,L
2024-08-12 21:00:00,electricity,3.825,kWh
2024-08-12 21:00:00,water,34.306,L
2024-08-12 22:00:00,electricity,1.605,kWh
2024-08-12 22:00:00,water,36.208,L
2024-08-12 23:00:00,electricity,2.042,kWh
2024-08-12 23:00:00,water,29.291,L
2024-08-13 00:00:00,electricity,0.698,kWh
2024-08-13 00:00:00,water,4.733,L
2024-08-13 01:00:00,electricity,0.761,kWh
2024-08-13 01:00:00,water,4.042,L
2024-08-13 02:00:00,electricity,0.834,kWh
2024-08-13 02:00:00,water,4.255,L
2024-08-13 03:00:00,electricity,0.799,kWh
2024-08-13 03:00:00,water,5.024,L
2024-08-13 04:00:00,electricity,0.725,kWh
2024-08-13 04:00:00,water,3.674,L
2024-08-13 05:00:00,electricity,0.792,kWh
2024-08-13 05:00:00,water,4.302,L
2024-08-13 06:00:00,electricity,2.18,kWh
2024-08-13 06:00:00,water,66.311,L
2024-08-13 07:00:00,electricity,2.87,kWh
2024-08-13 07:00:00,water,66.931,L
2024-08-13 08:00:00,electricity,2.521,kWh
2024-08-13 08:00:00,water,59.592,L
2024-08-13 09:00:00,electricity,2.862,kWh
2024-08-13 09:00:00,water,78.772,L
2024-08-13 10:00:00,electricity,1.876,kWh
2024-08-13 10:00:00,water,21.284,L
2024-08-13 11:00:00,electricity,1.876,kWh
2024-08-13 11:00:00,water,29.612,L
2024-08-13 12:00:00,electricity,1.829,kWh
2024-08-13 12:00:00,water,28.874,L
2024-08-13 13:00:00,electricity,2.153,kWh
2024-08-13 13:00:00,water,30.948,L
2024-08-13 14:00:00,electricity,1.84,kWh
2024-08-13 14:00:00,water,20.397,L
2024-08-13 15:00:00,electricity,2.108,kWh
2024-08-13 15:00:00,water,22.573,L
2024-08-13 16:00:00,electricity,1.904,kWh
2024-08-13 16:00:00,water,29.712,L
2024-08-13 17:00:00,electricity,2.86,kWh
2024-08-13 17:00:00,water,40.675,L
2024-08-13 18:00:00,electricity,3.361,kWh
2024-08-13 18:00:00,water,42.379,L
2024-08-13 19:00:00,electricity,3.144,kWh
2024-08-13 19:00:00,water,49.424,L
2024-08-13 20:00:00,electricity,3.576,kWh
2024-08-13 20:00:00,water,53.71,L
2024-08-13 21:00:00,electricity,3.14,kWh
2024-08-13 21:00:00,water,37.519,L
2024-08-13 22:00:00,electricity,2.163,kWh
2024-08-13 22:00:00,water,30.8,L
2024-08-13 23:00:00,electricity,1.962,kWh
2024-08-13 23:00:00,water,29.201,L
2024-08-14 00:00:00,electricity,0.778,kWh
2024-08-14 00:00:00,water,4.357,L
2024-08-14 01:00:00,electricity,0.844,kWh
2024-08-14 01:00:00,water,4.437,L
2024-08-14 02:00:00,electricity,0.868,kWh
2024-08-14 02:00:00,water,4.422,L
2024-08-14 03:00:00,electricity,0.79,kWh
2024-08-14 03:00:00,water,4.11,L
2024-08-14 04:00:00,electricity,0.731,kWh
2024-08-14 04:00:00,water,3.215,L
2024-08-14 05:00:00,electricity,0.652,kWh
2024-08-14 05:00:00,water,3.738,L
2024-08-14 06:00:00,electricity,2.397,kWh
2024-08-14 06:00:00,water,73.737,L
2024-08-14 07:00:00,electricity,2.415,kWh
2024-08-14 07:00:00,water,64.414,L
2024-08-14 08:00:00,electricity,2.602,kWh
2024-08-14 08:00:00,water,60.562,L
2024-08-14 09:00:00,electricity,2.485,kWh
2024-08-14 09:00:00,water,71.453,L
2024-08-14 10:00:00,electricity,2.116,kWh
2024-08-14 10:00:00,water,21.783,L
2024-08-14 11:00:00,electricity,1.859,kWh
2024-08-14 11:00:00,water,24.519,L
2024-08-14 12:00:00,electricity,1.969,kWh
2024-08-14 12:00:00,water,25.617,L
2024-08-14 13:00:00,electricity,2.214,kWh
2024-08-14 13:00:00,water,23.865,L
2024-08-14 14:00:00,electricity,2.048,kWh
2024-08-14 14:00:00,water,25.505,L
2024-08-14 15:00:00,electricity,1.968,kWh
2024-08-14 15:00:00,water,24.632,L
2024-08-14 16:00:00,electricity,1.861,kWh
2024-08-14 16:00:00,water,20.968,L
2024-08-14 17:00:00,electricity,3.338,kWh
2024-08-14 17:00:00,water,53.643,L
2024-08-14 18:00:00,electricity,3.261,kWh
2024-08-14 18:00:00,water,44.131,L
2024-08-14 19:00:00,electricity,3.371,kWh
2024-08-14 19:00:00,water,53.543,L
2024-08-14 20:00:00,electricity,3.833,kWh
2024-08-14 20:00:00,water,61.157,L
2024-08-14 21:00:00,electricity,3.485,kWh
2024-08-14 21:00:00,water,30.438,L
2024-08-14 22:00:00,electricity,1.713,kWh
2024-08-14 22:00:00,water,27.072,L
2024-08-14 23:00:00,electricity,2.33,kWh
2024-08-14 23:00:00,water,31.02,L
2024-08-15 00:00:00,electricity,0.817,kWh
2024-08-15 00:00:00,water,3.781,L
2024-08-15 01:00:00,electricity,0.681,kWh
2024-08-15 01:00:00,water,4.5,L
2024-08-15 02:00:00,electricity,0.757,kWh
2024-08-15 02:00:00,water,4.125,L
2024-08-15 03:00:00,electricity,0.801,kWh
2024-08-15 03:00:00,water,5.062,L
2024-08-15 04:00:00,electricity,0.927,kWh
2024-08-15 04:00:00,water,4.786,L
2024-08-15 05:00:00,electricity,0.704,kWh
2024-08-15 05:00:00,water,4.123,L
2024-08-15 06:00:00,electricity,2.825,kWh
2024-08-15 06:00:00,water,68.41,L
2024-08-15 07:00:00,electricity,2.934,kWh
2024-08-15 07:00:00,water,60.027,L
2024-08-15 08:00:00,electricity,2.412,kWh
2024-08-15 08:00:00,water,63.257,L
2024-08-15 09:00:00,electricity,2.503,kWh
2024-08-15 09:00:00,water,60.268,L
2024-08-15 10:00:00,electricity,1.775,kWh
2024-08-15 10:00:00,water,27.518,L
2024-08-15 11:00:00,electricity,1.94,kWh
2024-08-15 11:00:00,water,29.533,L
2024-08-15 12:00:00,electricity,1.973,kWh
2024-08-15 12:00:00,water,27.615,L
2024-08-15 13:00:00,electricity,2.111,kWh
2024-08-15 13:00:00,water,27.988,L
2024-08-15 14:00:00,electricity,2.196,kWh
2024-08-15 14:00:00,water,27.991,L
2024-08-15 15:00:00,electricity,1.832,kWh
2024-08-15 15:00:00,water,26.867,L
2024-08-15 16:00:00,electricity,1.59,kWh
2024-08-15 16:00:00,water,21.755,L
2024-08-15 17:00:00,electricity,3.556,kWh
2024-08-15 17:00:00,water,63.216,L
2024-08-15 18:00:00,electricity,3.669,kWh
2024-08-15 18:00:00,water,63.868,L
2024-08-15 19:00:00,electricity,3.653,kWh
2024-08-15 19:00:00,water,51.027,L
2024-08-15 20:00:00,electricity,3.448,kWh
2024-08-15 20:00:00,water,50.165,L
2024-08-15 21:00:00,electricity,3.608,kWh
2024-08-15 21:00:00,water,33.815,L
2024-08-15 22:00:00,electricity,2.28,kWh
2024-08-15 22:00:00,water,33.582,L
2024-08-15 23:00:00,electricity,2.056,kWh
2024-08-15 23:00:00,water,30.737,L
2024-08-16 00:00:00,electricity,0.762,kWh
2024-08-16 00:00:00,water,3.57,L
2024-08-16 01:00:00,electricity,0.752,kWh
2024-08-16 01:00:00,water,4.354,L
2024-08-16 02:00:00,electricity,0.779,kWh
2024-08-16 02:00:00,water,4.478,L
2024-08-16 03:00:00,electricity,0.922,kWh
2024-08-16 03:00:00,water,4.566,L
2024-08-16 04:00:00,electricity,0.777,kWh
2024-08-16 04:00:00,water,4.376,L
2024-08-16 05:00:00,electricity,0.79,kWh
2024-08-16 05:00:00,water,4.063,L
2024-08-16 06:00:00,electricity,2.45,kWh
2024-08-16 06:00:00,water,70.515,L
2024-08-16 07:00:00,electricity,2.857,kWh
2024-08-16 07:00:00,water,63.498,L
2024-08-16 08:00:00,electricity,3.078,kWh
2024-08-16 08:00:00,water,59.485,L
2024-08-16 09:00:00,electricity,2.69,kWh
2024-08-16 09:00:00,water,61.634,L
2024-08-16 10:00:00,electricity,1.996,kWh
2024-08-16 10:00:00,water,19.92,L
2024-08-16 11:00:00,electricity,1.987,kWh
2024-08-16 11:00:00,water,24.649,L
2024-08-16 12:00:00,electricity,1.508,kWh
2024-08-16 12:00:00,water,27.282,L
2024-08-16 13:00:00,electricity,2.128,kWh
2024-08-16 13:00:00,water,26.228,L
2024-08-16 14:00:00,electricity,2.007,kWh
2024-08-16 14:00:00,water,29.798,L
2024-08-16 15:00:00,electricity,2.065,kWh
2024-08-16 15:00:00,water,24.405,L
2024-08-16 16:00:00,electricity,1.839,kWh
2024-08-16 16:00:00,water,26.674,L
2024-08-16 17:00:00,electricity,3.427,kWh
2024-08-16 17:00:00,water,57.494,L
2024-08-16 18:00:00,electricity,3.418,kWh
2024-08-16 18:00:00,water,67.26,L
2024-08-16 19:00:00,electricity,3.928,kWh
2024-08-16 19:00:00,water,53.412,L
2024-08-16 20:00:00,electricity,3.429,kWh
2024-08-16 20:00:00,water,45.922,L
2024-08-16 21:00:00,electricity,4.306,kWh
2024-08-16 21:00:00,water,34.705,L
2024-08-16 22:00:00,electricity,2.065,kWh
2024-08-16 22:00:00,water,38.552,L
2024-08-16 23:00:00,electricity,1.727,kWh
2024-08-16 23:00:00,water,30.281,L
2024-08-17 00:00:00,electricity,0.64,kWh
2024-08-17 00:00:00,water,6.011,L
2024-08-17 01:00:00,electricity,0.606,kWh
2024-08-17 01:00:00,water,6.265,L
2024-08-17 02:00:00,electricity,0.506,kWh
2024-08-17 02:00:00,water,6.126,L
2024-08-17 03:00:00,electricity,0.752,kWh
2024-08-17 03:00:00,water,5.542,L
2024-08-17 04:00:00,electricity,0.694,kWh
2024-08-17 04:00:00,water,5.002,L
2024-08-17 05:00:00,electricity,0.683,kWh
2024-08-17 05:00:00,water,5.407,L
2024-08-17 06:00:00,electricity,2.141,kWh
2024-08-17 06:00:00,water,86.407,L
2024-08-17 07:00:00,electricity,1.815,kWh
2024-08-17 07:00:00,water,90.826,L
2024-08-17 08:00:00,electricity,2.004,kWh
2024-08-17 08:00:00,water,85.182,L
2024-08-17 09:00:00,electricity,2.283,kWh
2024-08-17 09:00:00,water,78.166,L
2024-08-17 10:00:00,electricity,1.45,kWh
2024-08-17 10:00:00,water,34.943,L
2024-08-17 11:00:00,electricity,1.21,kWh
2024-08-17 11:00:00,water,36.141,L
2024-08-17 12:00:00,electricity,1.583,kWh
2024-08-17 12:00:00,water,34.252,L
2024-08-17 13:00:00,electricity,1.597,kWh
2024-08-17 13:00:00,water,29.473,L
2024-08-17 14:00:00,electricity,1.642,kWh
2024-08-17 14:00:00,water,32.047,L
2024-08-17 15:00:00,electricity,1.738,kWh
2024-08-17 15:00:00,water,36.486,L
2024-08-17 16:00:00,electricity,1.723,kWh
2024-08-17 16:00:00,water,27.323,L
2024-08-17 17:00:00,electricity,2.991,kWh
2024-08-17 17:00:00,water,51.107,L
2024-08-17 18:00:00,electricity,3.265,kWh
2024-08-17 18:00:00,water,80.601,L
2024-08-17 19:00:00,electricity,2.473,kWh
2024-08-17 19:00:00,water,72.438,L
2024-08-17 20:00:00,electricity,3.063,kWh
2024-08-17 20:00:00,water,73.219,L
2024-08-17 21:00:00,electricity,3.099,kWh
2024-08-17 21:00:00,water,35.659,L
2024-08-17 22:00:00,electricity,1.419,kWh
2024-08-17 22:00:00,water,44.574,L
2024-08-17 23:00:00,electricity,1.377,kWh
2024-08-17 23:00:00,water,42.303,L
2024-08-18 00:00:00,electricity,0.6,kWh
2024-08-18 00:00:00,water,4.422,L
2024-08-18 01:00:00,electricity,0.605,kWh
2024-08-18 01:00:00,water,6.393,L
2024-08-18 02:00:00,electricity,0.697,kWh
2024-08-18 02:00:00,water,5.564,L
2024-08-18 03:00:00,electricity,0.608,kWh
2024-08-18 03:00:00,water,5.2,L
2024-08-18 04:00:00,electricity,0.593,kWh
2024-08-18 04:00:00,water,5.212,L
2024-08-18 05:00:00,electricity,0.608,kWh
2024-08-18 05:00:00,water,4.14,L
2024-08-18 06:00:00,electricity,2.342,kWh
2024-08-18 06:00:00,water,87.731,L
2024-08-18 07:00:00,electricity,2.109,kWh
2024-08-18 07:00:00,water,84.474,L
2024-08-18 08:00:00,electricity,2.068,kWh
2024-08-18 08:00:00,water,79.993,L
2024-08-18 09:00:00,electricity,2.083,kWh
2024-08-18 09:00:00,water,94.465,L
2024-08-18 10:00:00,electricity,1.829,kWh
2024-08-18 10:00:00,water,27.32,L
2024-08-18 11:00:00,electricity,1.499,kWh
2024-08-18 11:00:00,water,30.414,L
2024-08-18 12:00:00,electricity,1.833,kWh
2024-08-18 12:00:00,water,29.418,L
2024-08-18 13:00:00,electricity,1.654,kWh
2024-08-18 13:00:00,water,31.664,L
2024-08-18 14:00:00,electricity,1.594,kWh
2024-08-18 14:00:00,water,33.025,L
2024-08-18 15:00:00,electricity,2.025,kWh
2024-08-18 15:00:00,water,34.45,L
2024-08-18 16:00:00,electricity,1.449,kWh
2024-08-18 16:00:00,water,31.396,L
2024-08-18 17:00:00,electricity,2.813,kWh
2024-08-18 17:00:00,water,61.064,L
2024-08-18 18:00:00,electricity,2.557,kWh
2024-08-18 18:00:00,water,82.058,L
2024-08-18 19:00:00,electricity,3.194,kWh
2024-08-18 19:00:00,water,88.001,L
2024-08-18 20:00:00,electricity,3.409,kWh
2024-08-18 20:00:00,water,69.424,L
2024-08-18 21:00:00,electricity,3.403,kWh
2024-08-18 21:00:00,water,37.231,L
2024-08-18 22:00:00,electricity,1.818,kWh
2024-08-18 22:00:00,water,48.2,L
2024-08-18 23:00:00,electricity,1.588,kWh
2024-08-18 23:00:00,water,33.841,L
2024-08-19 00:00:00,electricity,0.763,kWh
2024-08-19 00:00:00,water,4.031,L
2024-08-19 01:00:00,electricity,0.66,kWh
2024-08-19 01:00:00,water,3.849,L
2024-08-19 02:00:00,electricity,0.953,kWh
2024-08-19 02:00:00,water,3.616,L
2024-08-19 03:00:00,electricity,0.829,kWh
2024-08-19 03:00:00,water,4.059,L
2024-08-19 04:00:00,electricity,0.753,kWh
2024-08-19 04:00:00,water,3.764,L
2024-08-19 05:00:00,electricity,0.897,kWh
2024-08-19 05:00:00,water,4.206,L
2024-08-19 06:00:00,electricity,2.324,kWh
2024-08-19 06:00:00,water,63.205,L
2024-08-19 07:00:00,electricity,2.679,kWh
2024-08-19 07:00:00,water,58.303,L
2024-08-19 08:00:00,electricity,2.53,kWh
2024-08-19 08:00:00,water,60.199,L
2024-08-19 09:00:00,electricity,2.738,kWh
2024-08-19 09:00:00,water,61.255,L
2024-08-19 10:00:00,electricity,1.967,kWh
2024-08-19 10:00:00,water,27.649,L
2024-08-19 11:00:00,electricity,1.693,kWh
2024-08-19 11:00:00,water,24.751,L
2024-08-19 12:00:00,electricity,1.995,kWh
2024-08-19 12:00:00,water,27.694,L
2024-08-19 13:00:00,electricity,2.188,kWh
2024-08-19 13:00:00,water,26.971,L
2024-08-19 14:00:00,electricity,1.974,kWh
2024-08-19 14:00:00,water,26.928,L
2024-08-19 15:00:00,electricity,2.133,kWh
2024-08-19 15:00:00,water,29.397,L
2024-08-19 16:00:00,electricity,1.773,kWh
2024-08-19 16:00:00,water,21.815,L
2024-08-19 17:00:00,electricity,3.555,kWh
2024-08-19 17:00:00,water,49.519,L
2024-08-19 18:00:00,electricity,3.341,kWh
2024-08-19 18:00:00,water,63.609,L
2024-08-19 19:00:00,electricity,3.83,kWh
2024-08-19 19:00:00,water,50.879,L
2024-08-19 20:00:00,electricity,3.575,kWh
2024-08-19 20:00:00,water,34.765,L
2024-08-19 21:00:00,electricity,3.81,kWh
2024-08-19 21:00:00,water,30.733,L
2024-08-19 22:00:00,electricity,2.195,kWh
2024-08-19 22:00:00,water,32.01,L
2024-08-19 23:00:00,electricity,2.117,kWh
2024-08-19 23:00:00,water,21.607,L
2024-08-20 00:00:00,electricity,0.814,kWh
2024-08-20 00:00:00,water,4.872,L
2024-08-20 01:00:00,electricity,0.713,kWh
2024-08-20 01:00:00,water,3.84,L
2024-08-20 02:00:00,electricity,0.792,kWh
2024-08-20 02:00:00,water,4.366,L
2024-08-20 03:00:00,electricity,0.75,kWh
2024-08-20 03:00:00,water,4.086,L
2024-08-20 04:00:00,electricity,0.765,kWh
2024-08-20 04:00:00,water,3.551,L
2024-08-20 05:00:00,electricity,0.762,kWh
2024-08-20 05:00:00,water,3.66,L
2024-08-20 06:00:00,electricity,2.322,kWh
2024-08-20 06:00:00,water,55.931,L
2024-08-20 07:00:00,electricity,2.07,kWh
2024-08-20 07:00:00,water,71.208,L
2024-08-20 08:00:00,electricity,2.402,kWh
2024-08-20 08:00:00,water,61.885,L
2024-08-20 09:00:00,electricity,2.624,kWh
2024-08-20 09:00:00,water,59.055,L
2024-08-20 10:00:00,electricity,1.713,kWh
2024-08-20 10:00:00,water,22.374,L
2024-08-20 11:00:00,electricity,1.983,kWh
2024-08-20 11:00:00,water,28.817,L
2024-08-20 12:00:00,electricity,2.356,kWh
2024-08-20 12:00:00,water,29.628,L
2024-08-20 13:00:00,electricity,2.183,kWh
2024-08-20 13:00:00,water,28.783,L
2024-08-20 14:00:00,electricity,2.305,kWh
2024-08-20 14:00:00,water,26.689,L
2024-08-20 15:00:00,electricity,2.057,kWh
2024-08-20 15:00:00,water,26.076,L
2024-08-20 16:00:00,electricity,2.211,kWh
2024-08-20 16:00:00,water,21.523,L
2024-08-20 17:00:00,electricity,3.306,kWh
2024-08-20 17:00:00,water,50.951,L
2024-08-20 18:00:00,electricity,3.334,kWh
2024-08-20 18:00:00,water,48.192,L
2024-08-20 19:00:00,electricity,2.588,kWh
2024-08-20 19:00:00,water,40.999,L
2024-08-20 20:00:00,electricity,3.987,kWh
2024-08-20 20:00:00,water,59.159,L
2024-08-20 21:00:00,electricity,4.113,kWh
2024-08-20 21:00:00,water,28.87,L
2024-08-20 22:00:00,electricity,1.87,kWh
2024-08-20 22:00:00,water,36.021,L
2024-08-20 23:00:00,electricity,1.93,kWh
2024-08-20 23:00:00,water,34.833,L
2024-08-21 00:00:00,electricity,0.732,kWh
2024-08-21 00:00:00,water,4.481,L
2024-08-21 01:00:00,electricity,0.822,kWh
2024-08-21 01:00:00,water,4.509,L
2024-08-21 02:00:00,electricity,0.881,kWh
2024-08-21 02:00:00,water,3.89,L
2024-08-21 03:00:00,electricity,0.654,kWh
2024-08-21 03:00:00,water,5.136,L
2024-08-21 04:00:00,electricity,0.824,kWh
2024-08-21 04:00:00,water,4.222,L
2024-08-21 05:00:00,electricity,0.77,kWh
2024-08-21 05:00:00,water,4.352,L
2024-08-21 06:00:00,electricity,2.603,kWh
2024-08-21 06:00:00,water,58.093,L
2024-08-21 07:00:00,electricity,2.692,kWh
2024-08-21 07:00:00,water,55.96,L
2024-08-21 08:00:00,electricity,2.526,kWh
2024-08-21 08:00:00,water,66.608,L
2024-08-21 09:00:00,electricity,2.547,kWh
2024-08-21 09:00:00,water,64.644,L
2024-08-21 10:00:00,electricity,1.938,kWh
2024-08-21 10:00:00,water,22.813,L
2024-08-21 11:00:00,electricity,2.172,kWh
2024-08-21 11:00:00,water,20.85,L
2024-08-21 12:00:00,electricity,2.063,kWh
2024-08-21 12:00:00,water,21.36,L
2024-08-21 13:00:00,electricity,2.024,kWh
2024-08-21 13:00:00,water,28.817,L
2024-08-21 14:00:00,electricity,1.728,kWh
2024-08-21 14:00:00,water,23.346,L
2024-08-21 15:00:00,electricity,1.905,kWh
2024-08-21 15:00:00,water,24.175,L
2024-08-21 16:00:00,electricity,2.158,kWh
2024-08-21 16:00:00,water,29.586,L
2024-08-21 17:00:00,electricity,3.577,kWh
2024-08-21 17:00:00,water,45.43,L
2024-08-21 18:00:00,electricity,3.799,kWh
2024-08-21 18:00:00,water,47.92,L
2024-08-21 19:00:00,electricity,4.194,kWh
2024-08-21 19:00:00,water,47.657,L
2024-08-21 20:00:00,electricity,3.934,kWh
2024-08-21 20:00:00,water,62.694,L
2024-08-21 21:00:00,electricity,3.597,kWh
2024-08-21 21:00:00,water,39.035,L
2024-08-21 22:00:00,electricity,1.879,kWh
2024-08-21 22:00:00,water,34.341,L
2024-08-21 23:00:00,electricity,1.474,kWh
2024-08-21 23:00:00,water,34.461,L
2024-08-22 00:00:00,electricity,0.779,kWh
2024-08-22 00:00:00,water,3.908,L
2024-08-22 01:00:00,electricity,0.766,kWh
2024-08-22 01:00:00,water,5.181,L
2024-08-22 02:00:00,electricity,0.823,kWh
2024-08-22 02:00:00,water,4.335,L
2024-08-22 03:00:00,electricity,0.78,kWh
2024-08-22 03:00:00,water,4.63,L
2024-08-22 04:00:00,electricity,0.767,kWh
2024-08-22 04:00:00,water,4.147,L
2024-08-22 05:00:00,electricity,0.651,kWh
2024-08-22 05:00:00,water,4.065,L
2024-08-22 06:00:00,electricity,2.332,kWh
2024-08-22 06:00:00,water,75.573,L
2024-08-22 07:00:00,electricity,2.697,kWh
2024-08-22 07:00:00,water,67.08,L
2024-08-22 08:00:00,electricity,3.016,kWh
2024-08-22 08:00:00,water,73.972,L
2024-08-22 09:00:00,electricity,2.549,kWh
2024-08-22 09:00:00,water,64.93,L
2024-08-22 10:00:00,electricity,2.045,kWh
2024-08-22 10:00:00,water,22.635,L
2024-08-22 11:00:00,electricity,2.169,kWh
2024-08-22 11:00:00,water,23.436,L
2024-08-22 12:00:00,electricity,1.819,kWh
2024-08-22 12:00:00,water,25.511,L
2024-08-22 13:00:00,electricity,2.053,kWh
2024-08-22 13:00:00,water,23.305,L
2024-08-22 14:00:00,electricity,1.833,kWh
2024-08-22 14:00:00,water,21.851,L
2024-08-22 15:00:00,electricity,2.151,kWh
2024-08-22 15:00:00,water,28.833,L
2024-08-22 16:00:00,electricity,2.01,kWh
2024-08-22 16:00:00,water,23.552,L
2024-08-22 17:00:00,electricity,3.67,kWh
2024-08-22 17:00:00,water,53.371,L
2024-08-22 18:00:00,electricity,3.285,kWh
2024-08-22 18:00:00,water,54.366,L
2024-08-22 19:00:00,electricity,3.816,kWh
2024-08-22 19:00:00,water,48.795,L
2024-08-22 20:00:00,electricity,4.307,kWh
2024-08-22 20:00:00,water,61.64,L
2024-08-22 21:00:00,electricity,3.205,kWh
2024-08-22 21:00:00,water,27.277,L
2024-08-22 22:00:00,electricity,1.913,kWh
2024-08-22 22:00:00,water,32.489,L
2024-08-22 23:00:00,electricity,2.026,kWh
2024-08-22 23:00:00,water,32.43,L
2024-08-23 00:00:00,electricity,0.854,kWh
2024-08-23 00:00:00,water,4.173,L
2024-08-23 01:00:00,electricity,0.748,kWh
2024-08-23 01:00:00,water,3.546,L
2024-08-23 02:00:00,electricity,0.568,kWh
2024-08-23 02:00:00,water,4.639,L
2024-08-23 03:00:00,electricity,0.9,kWh
2024-08-23 03:00:00,water,4.575,L
2024-08-23 04:00:00,electricity,0.852,kWh
2024-08-23 04:00:00,water,3.86,L
2024-08-23 05:00:00,electricity,0.654,kWh
2024-08-23 05:00:00,water,4.557,L
2024-08-23 06:00:00,electricity,2.418,kWh
2024-08-23 06:00:00,water,65.834,L
2024-08-23 07:00:00,electricity,2.978,kWh
2024-08-23 07:00:00,water,53.319,L
2024-08-23 08:00:00,electricity,0.392,kWh
2024-08-23 08:00:00,water,56.544,L
2024-08-23 09:00:00,electricity,2.816,kWh
2024-08-23 09:00:00,water,71.605,L
2024-08-23 10:00:00,electricity,1.945,kWh
2024-08-23 10:00:00,water,26.136,L
2024-08-23 11:00:00,electricity,1.996,kWh
2024-08-23 11:00:00,water,23.494,L
2024-08-23 12:00:00,electricity,1.954,kWh
2024-08-23 12:00:00,water,22.604,L
2024-08-23 13:00:00,electricity,2.203,kWh
2024-08-23 13:00:00,water,23.641,L
2024-08-23 14:00:00,electricity,1.807,kWh
2024-08-23 14:00:00,water,23.856,L
2024-08-23 15:00:00,electricity,1.82,kWh
2024-08-23 15:00:00,water,22.642,L
2024-08-23 16:00:00,electricity,2.18,kWh
2024-08-23 16:00:00,water,19.933,L
2024-08-23 17:00:00,electricity,3.548,kWh
2024-08-23 17:00:00,water,59.682,L
2024-08-23 18:00:00,electricity,4.055,kWh
2024-08-23 18:00:00,water,58.615,L
2024-08-23 19:00:00,electricity,3.325,kWh
2024-08-23 19:00:00,water,44.478,L
2024-08-23 20:00:00,electricity,3.544,kWh
2024-08-23 20:00:00,water,53.359,L
2024-08-23 21:00:00,electricity,3.235,kWh
2024-08-23 21:00:00,water,28.09,L
2024-08-23 22:00:00,electricity,1.981,kWh
2024-08-23 22:00:00,water,30.511,L
2024-08-23 23:00:00,electricity,1.687,kWh
2024-08-23 23:00:00,water,30.197,L
2024-08-24 00:00:00,electricity,0.616,kWh
2024-08-24 00:00:00,water,5.18,L
2024-08-24 01:00:00,electricity,0.555,kWh
2024-08-24 01:00:00,water,6.772,L
2024-08-24 02:00:00,electricity,0.693,kWh
2024-08-24 02:00:00,water,5.171,L
2024-08-24 03:00:00,electricity,0.694,kWh
2024-08-24 03:00:00,water,4.93,L
2024-08-24 04:00:00,electricity,0.536,kWh
2024-08-24 04:00:00,water,4.96,L
2024-08-24 05:00:00,electricity,0.734,kWh
2024-08-24 05:00:00,water,6.144,L
2024-08-24 06:00:00,electricity,2.632,kWh
2024-08-24 06:00:00,water,65.663,L
2024-08-24 07:00:00,electricity,2.116,kWh
2024-08-24 07:00:00,water,74.405,L
2024-08-24 08:00:00,electricity,1.971,kWh
2024-08-24 08:00:00,water,96.119,L
2024-08-24 09:00:00,electricity,2.701,kWh
2024-08-24 09:00:00,water,84.298,L
2024-08-24 10:00:00,electricity,1.406,kWh
2024-08-24 10:00:00,water,33.514,L
2024-08-24 11:00:00,electricity,1.623,kWh
2024-08-24 11:00:00,water,41.142,L
2024-08-24 12:00:00,electricity,1.649,kWh
2024-08-24 12:00:00,water,33.728,L
2024-08-24 13:00:00,electricity,1.838,kWh
2024-08-24 13:00:00,water,29.976,L
2024-08-24 14:00:00,electricity,1.678,kWh
2024-08-24 14:00:00,water,31.651,L
2024-08-24 15:00:00,electricity,1.539,kWh
2024-08-24 15:00:00,water,28.296,L
2024-08-24 16:00:00,electricity,1.466,kWh
2024-08-24 16:00:00,water,37.697,L
2024-08-24 17:00:00,electricity,2.816,kWh
2024-08-24 17:00:00,water,72.956,L
2024-08-24 18:00:00,electricity,2.622,kWh
2024-08-24 18:00:00,water,77.459,L
2024-08-24 19:00:00,electricity,2.93,kWh
2024-08-24 19:00:00,water,78.184,L
2024-08-24 20:00:00,electricity,2.751,kWh
2024-08-24 20:00:00,water,64.858,L
2024-08-24 21:00:00,electricity,2.48,kWh
2024-08-24 21:00:00,water,36.307,L
2024-08-24 22:00:00,electricity,1.823,kWh
2024-08-24 22:00:00,water,40.696,L
2024-08-24 23:00:00,electricity,1.539,kWh
2024-08-24 23:00:00,water,36.661,L
2024-08-25 00:00:00,electricity,0.566,kWh
2024-08-25 00:00:00,water,5.568,L
2024-08-25 01:00:00,electricity,0.637,kWh
2024-08-25 01:00:00,water,6.202,L
2024-08-25 02:00:00,electricity,0.652,kWh
2024-08-25 02:00:00,water,5.35,L
2024-08-25 03:00:00,electricity,0.535,kWh
2024-08-25 03:00:00,water,5.558,L
2024-08-25 04:00:00,electricity,0.669,kWh
2024-08-25 04:00:00,water,5.399,L
2024-08-25 05:00:00,electricity,0.58,kWh
2024-08-25 05:00:00,water,5.986,L
2024-08-25 06:00:00,electricity,2.466,kWh
2024-08-25 06:00:00,water,75.337,L
2024-08-25 07:00:00,electricity,2.216,kWh
2024-08-25 07:00:00,water,60.313,L
2024-08-25 08:00:00,electricity,2.022,kWh
2024-08-25 08:00:00,water,86.528,L
2024-08-25 09:00:00,electricity,1.949,kWh
2024-08-25 09:00:00,water,91.608,L
2024-08-25 10:00:00,electricity,1.603,kWh
2024-08-25 10:00:00,water,34.515,L
2024-08-25 11:00:00,electricity,1.719,kWh
2024-08-25 11:00:00,water,30.243,L
2024-08-25 12:00:00,electricity,1.616,kWh
2024-08-25 12:00:00,water,28.298,L
2024-08-25 13:00:00,electricity,1.585,kWh
2024-08-25 13:00:00,water,34.704,L
2024-08-25 14:00:00,electricity,1.629,kWh
2024-08-25 14:00:00,water,33.316,L
2024-08-25 15:00:00,electricity,1.522,kWh
2024-08-25 15:00:00,water,32.265,L
2024-08-25 16:00:00,electricity,1.564,kWh
2024-08-25 16:00:00,water,39.924,L
2024-08-25 17:00:00,electricity,2.308,kWh
2024-08-25 17:00:00,water,60.496,L
2024-08-25 18:00:00,electricity,3.2,kWh
2024-08-25 18:00:00,water,82.788,L
2024-08-25 19:00:00,electricity,3.003,kWh
2024-08-25 19:00:00,water,68.51,L
2024-08-25 20:00:00,electricity,2.69,kWh
2024-08-25 20:00:00,water,53.217,L
2024-08-25 21:00:00,electricity,3.47,kWh
2024-08-25 21:00:00,water,40.069,L
2024-08-25 22:00:00,electricity,1.634,kWh
2024-08-25 22:00:00,water,45.665,L
2024-08-25 23:00:00,electricity,1.452,kWh
2024-08-25 23:00:00,water,39.156,L
2024-08-26 00:00:00,electricity,0.86,kWh
2024-08-26 00:00:00,water,3.457,L
2024-08-26 01:00:00,electricity,0.824,kWh
2024-08-26 01:00:00,water,4.117,L
2024-08-26 02:00:00,electricity,0.823,kWh
2024-08-26 02:00:00,water,3.768,L
2024-08-26 03:00:00,electricity,0.758,kWh
2024-08-26 03:00:00,water,4.448,L
2024-08-26 04:00:00,electricity,0.828,kWh
2024-08-26 04:00:00,water,4.59,L
2024-08-26 05:00:00,electricity,0.771,kWh
2024-08-26 05:00:00,water,3.668,L
2024-08-26 06:00:00,electricity,2.717,kWh
2024-08-26 06:00:00,water,57.664,L
2024-08-26 07:00:00,electricity,2.084,kWh
2024-08-26 07:00:00,water,68.72,L
2024-08-26 08:00:00,electricity,2.462,kWh
2024-08-26 08:00:00,water,56.507,L
2024-08-26 09:00:00,electricity,3.017,kWh
2024-08-26 09:00:00,water,54.819,L
2024-08-26 10:00:00,electricity,1.828,kWh
2024-08-26 10:00:00,water,21.636,L
2024-08-26 11:00:00,electricity,1.86,kWh
2024-08-26 11:00:00,water,26.265,L
2024-08-26 12:00:00,electricity,1.891,kWh
2024-08-26 12:00:00,water,26.135,L
2024-08-26 13:00:00,electricity,1.739,kWh
2024-08-26 13:00:00,water,23.131,L
2024-08-26 14:00:00,electricity,1.543,kWh
2024-08-26 14:00:00,water,25.215,L
2024-08-26 15:00:00,electricity,1.934,kWh
2024-08-26 15:00:00,water,29.818,L
2024-08-26 16:00:00,electricity,2.007,kWh
2024-08-26 16:00:00,water,22.254,L
2024-08-26 17:00:00,electricity,3.545,kWh
2024-08-26 17:00:00,water,40.204,L
2024-08-26 18:00:00,electricity,3.512,kWh
2024-08-26 18:00:00,water,55.367,L
2024-08-26 19:00:00,electricity,3.579,kWh
2024-08-26 19:00:00,water,51.804,L
2024-08-26 20:00:00,electricity,3.929,kWh
2024-08-26 20:00:00,water,48.027,L
2024-08-26 21:00:00,electricity,3.496,kWh
2024-08-26 21:00:00,water,33.965,L
2024-08-26 22:00:00,electricity,1.866,kWh
2024-08-26 22:00:00,water,34.672,L
2024-08-26 23:00:00,electricity,1.924,kWh
2024-08-26 23:00:00,water,23.153,L
2024-08-27 00:00:00,electricity,0.838,kWh
2024-08-27 00:00:00,water,3.871,L
2024-08-27 01:00:00,electricity,0.904,kWh
2024-08-27 01:00:00,water,5.368,L
2024-08-27 02:00:00,electricity,0.742,kWh
2024-08-27 02:00:00,water,4.494,L
2024-08-27 03:00:00,electricity,0.8,kWh
2024-08-27 03:00:00,water,4.541,L
2024-08-27 04:00:00,electricity,0.819,kWh
2024-08-27 04:00:00,water,4.791,L
2024-08-27 05:00:00,electricity,0.713,kWh
2024-08-27 05:00:00,water,4.209,L
2024-08-27 06:00:00,electricity,2.579,kWh
2024-08-27 06:00:00,water,69.023,L
2024-08-27 07:00:00,electricity,2.197,kWh
2024-08-27 07:00:00,water,68.429,L
2024-08-27 08:00:00,electricity,2.119,kWh
2024-08-27 08:00:00,water,67.075,L
2024-08-27 09:00:00,electricity,2.668,kWh
2024-08-27 09:00:00,water,60.566,L
2024-08-27 10:00:00,electricity,1.904,kWh
2024-08-27 10:00:00,water,25.72,L
2024-08-27 11:00:00,electricity,2.02,kWh
2024-08-27 11:00:00,water,23.421,L
2024-08-27 12:00:00,electricity,1.976,kWh
2024-08-27 12:00:00,water,25.239,L
2024-08-27 13:00:00,electricity,1.787,kWh
2024-08-27 13:00:00,water,21.666,L
2024-08-27 14:00:00,electricity,1.971,kWh
2024-08-27 14:00:00,water,22.809,L
2024-08-27 15:00:00,electricity,1.736,kWh
2024-08-27 15:00:00,water,24.346,L
2024-08-27 16:00:00,electricity,2.255,kWh
2024-08-27 16:00:00,water,22.346,L
2024-08-27 17:00:00,electricity,3.081,kWh
2024-08-27 17:00:00,water,49.318,L
2024-08-27 18:00:00,electricity,3.494,kWh
2024-08-27 18:00:00,water,51.467,L
2024-08-27 19:00:00,electricity,3.193,kWh
2024-08-27 19:00:00,water,55.034,L
2024-08-27 20:00:00,electricity,3.767,kWh
2024-08-27 20:00:00,water,58.48,L
2024-08-27 21:00:00,electricity,3.446,kWh
2024-08-27 21:00:00,water,29.747,L
2024-08-27 22:00:00,electricity,1.877,kWh
2024-08-27 22:00:00,water,36.547,L
2024-08-27 23:00:00,electricity,2.149,kWh
2024-08-27 23:00:00,water,35.048,L
2024-08-28 00:00:00,electricity,0.794,kWh
2024-08-28 00:00:00,water,4.454,L
2024-08-28 01:00:00,electricity,0.833,kWh
2024-08-28 01:00:00,water,4.277,L
2024-08-28 02:00:00,electricity,0.714,kWh
2024-08-28 02:00:00,water,4.361,L
2024-08-28 03:00:00,electricity,0.681,kWh
2024-08-28 03:00:00,water,4.798,L
2024-08-28 04:00:00,electricity,0.8,kWh
2024-08-28 04:00:00,water,4.817,L
2024-08-28 05:00:00,electricity,0.767,kWh
2024-08-28 05:00:00,water,4.873,L
2024-08-28 06:00:00,electricity,2.735,kWh
2024-08-28 06:00:00,water,63.312,L
2024-08-28 07:00:00,electricity,2.553,kWh
2024-08-28 07:00:00,water,67.196,L
2024-08-28 08:00:00,electricity,2.627,kWh
2024-08-28 08:00:00,water,73.157,L
2024-08-28 09:00:00,electricity,2.156,kWh
2024-08-28 09:00:00,water,58.285,L
2024-08-28 10:00:00,electricity,2.354,kWh
2024-08-28 10:00:00,water,24.237,L
2024-08-28 11:00:00,electricity,1.947,kWh
2024-08-28 11:00:00,water,25.248,L
2024-08-28 12:00:00,electricity,2.118,kWh
2024-08-28 12:00:00,water,27.92,L
2024-08-28 13:00:00,electricity,1.814,kWh
2024-08-28 13:00:00,water,27.967,L
2024-08-28 14:00:00,electricity,2.041,kWh
2024-08-28 14:00:00,water,24.502,L
2024-08-28 15:00:00,electricity,1.722,kWh
2024-08-28 15:00:00,water,20.638,L
2024-08-28 16:00:00,electricity,2.07,kWh
2024-08-28 16:00:00,water,25.944,L
2024-08-28 17:00:00,electricity,3.437,kWh
2024-08-28 17:00:00,water,46.715,L
2024-08-28 18:00:00,electricity,3.574,kWh
2024-08-28 18:00:00,water,43.113,L
2024-08-28 19:00:00,electricity,3.813,kWh
2024-08-28 19:00:00,water,44.538,L
2024-08-28 20:00:00,electricity,3.125,kWh
2024-08-28 20:00:00,water,54.556,L
2024-08-28 21:00:00,electricity,3.32,kWh
2024-08-28 21:00:00,water,36.645,L
2024-08-28 22:00:00,electricity,2.071,kWh
2024-08-28 22:00:00,water,31.647,L
2024-08-28 23:00:00,electricity,2.395,kWh
2024-08-28 23:00:00,water,32.299,L
2024-08-29 00:00:00,electricity,0.781,kWh
2024-08-29 00:00:00,water,4.796,L
2024-08-29 01:00:00,electricity,0.839,kWh
2024-08-29 01:00:00,water,3.422,L
2024-08-29 02:00:00,electricity,0.784,kWh
2024-08-29 02:00:00,water,4.462,L
2024-08-29 03:00:00,electricity,0.946,kWh
2024-08-29 03:00:00,water,4.194,L
2024-08-29 04:00:00,electricity,0.654,kWh
2024-08-29 04:00:00,water,4.485,L
2024-08-29 05:00:00,electricity,0.799,kWh
2024-08-29 05:00:00,water,3.956,L
2024-08-29 06:00:00,electricity,2.156,kWh
2024-08-29 06:00:00,water,56.816,L
2024-08-29 07:00:00,electricity,1.929,kWh
2024-08-29 07:00:00,water,64.062,L
2024-08-29 08:00:00,electricity,2.651,kWh
2024-08-29 08:00:00,water,75.468,L
2024-08-29 09:00:00,electricity,2.61,kWh
2024-08-29 09:00:00,water,69.508,L
2024-08-29 10:00:00,electricity,1.924,kWh
2024-08-29 10:00:00,water,23.665,L
2024-08-29 11:00:00,electricity,1.959,kWh
2024-08-29 11:00:00,water,21.145,L
2024-08-29 12:00:00,electricity,2.593,kWh
2024-08-29 12:00:00,water,20.113,L
2024-08-29 13:00:00,electricity,1.929,kWh
2024-08-29 13:00:00,water,29.18,L
2024-08-29 14:00:00,electricity,2.081,kWh
2024-08-29 14:00:00,water,22.312,L
2024-08-29 15:00:00,electricity,1.851,kWh
2024-08-29 15:00:00,water,24.216,L
2024-08-29 16:00:00,electricity,2.038,kWh
2024-08-29 16:00:00,water,29.195,L
2024-08-29 17:00:00,electricity,3.479,kWh
2024-08-29 17:00:00,water,42.332,L
2024-08-29 18:00:00,electricity,3.418,kWh
2024-08-29 18:00:00,water,61.901,L
2024-08-29 19:00:00,electricity,4.212,kWh
2024-08-29 19:00:00,water,50.902,L
2024-08-29 20:00:00,electricity,3.984,kWh
2024-08-29 20:00:00,water,45.264,L
2024-08-29 21:00:00,electricity,3.613,kWh
2024-08-29 21:00:00,water,30.565,L
2024-08-29 22:00:00,electricity,1.524,kWh
2024-08-29 22:00:00,water,28.769,L
2024-08-29 23:00:00,electricity,1.909,kWh
2024-08-29 23:00:00,water,33.166,L
2024-08-30 00:00:00,electricity,1.006,kWh
2024-08-30 00:00:00,water,3.873,L
2024-08-30 01:00:00,electricity,0.774,kWh
2024-08-30 01:00:00,water,3.237,L
2024-08-30 02:00:00,electricity,0.879,kWh
2024-08-30 02:00:00,water,4.089,L
2024-08-30 03:00:00,electricity,0.906,kWh
2024-08-30 03:00:00,water,3.516,L
2024-08-30 04:00:00,electricity,0.809,kWh
2024-08-30 04:00:00,water,4.303,L
2024-08-30 05:00:00,electricity,0.725,kWh
2024-08-30 05:00:00,water,3.602,L
2024-08-30 06:00:00,electricity,1.947,kWh
2024-08-30 06:00:00,water,59.311,L
2024-08-30 07:00:00,electricity,2.75,kWh
2024-08-30 07:00:00,water,64.38,L
2024-08-30 08:00:00,electricity,2.364,kWh
2024-08-30 08:00:00,water,61.394,L
2024-08-30 09:00:00,electricity,2.619,kWh
2024-08-30 09:00:00,water,64.893,L
2024-08-30 10:00:00,electricity,1.733,kWh
2024-08-30 10:00:00,water,27.257,L
2024-08-30 11:00:00,electricity,1.927,kWh
2024-08-30 11:00:00,water,21.698,L
2024-08-30 12:00:00,electricity,1.987,kWh
2024-08-30 12:00:00,water,25.005,L
2024-08-30 13:00:00,electricity,2.033,kWh
2024-08-30 13:00:00,water,15.132,L
2024-08-30 14:00:00,electricity,1.759,kWh
2024-08-30 14:00:00,water,25.948,L
2024-08-30 15:00:00,electricity,2.217,kWh
2024-08-30 15:00:00,water,24.29,L
2024-08-30 16:00:00,electricity,1.862,kWh
2024-08-30 16:00:00,water,22.226,L
2024-08-30 17:00:00,electricity,2.967,kWh
2024-08-30 17:00:00,water,54.489,L
2024-08-30 18:00:00,electricity,3.525,kWh
2024-08-30 18:00:00,water,59.888,L
2024-08-30 19:00:00,electricity,3.576,kWh
2024-08-30 19:00:00,water,49.501,L
2024-08-30 20:00:00,electricity,3.621,kWh
2024-08-30 20:00:00,water,46.548,L
2024-08-30 21:00:00,electricity,4.049,kWh
2024-08-30 21:00:00,water,32.124,L
2024-08-30 22:00:00,electricity,1.933,kWh
2024-08-30 22:00:00,water,26.451,L
2024-08-30 23:00:00,electricity,1.956,kWh
2024-08-30 23:00:00,water,29.004,L
2024-08-31 00:00:00,electricity,0.577,kWh
2024-08-31 00:00:00,water,6.261,L
2024-08-31 01:00:00,electricity,0.701,kWh
2024-08-31 01:00:00,water,5.501,L
2024-08-31 02:00:00,electricity,0.66,kWh
2024-08-31 02:00:00,water,4.229,L
2024-08-31 03:00:00,electricity,0.621,kWh
2024-08-31 03:00:00,water,4.283,L
2024-08-31 04:00:00,electricity,0.525,kWh
2024-08-31 04:00:00,water,5.566,L
2024-08-31 05:00:00,electricity,0.742,kWh
2024-08-31 05:00:00,water,6.025,L
2024-08-31 06:00:00,electricity,1.847,kWh
2024-08-31 06:00:00,water,66.002,L
2024-08-31 07:00:00,electricity,1.981,kWh
2024-08-31 07:00:00,water,86.32,L
2024-08-31 08:00:00,electricity,2.181,kWh
2024-08-31 08:00:00,water,94.975,L
2024-08-31 09:00:00,electricity,1.854,kWh
2024-08-31 09:00:00,water,100.454,L
2024-08-31 10:00:00,electricity,1.378,kWh
2024-08-31 10:00:00,water,34.062,L
2024-08-31 11:00:00,electricity,1.276,kWh
2024-08-31 11:00:00,water,34.752,L
2024-08-31 12:00:00,electricity,1.737,kWh
2024-08-31 12:00:00,water,24.374,L
2024-08-31 13:00:00,electricity,1.532,kWh
2024-08-31 13:00:00,water,41.015,L
2024-08-31 14:00:00,electricity,2.094,kWh
2024-08-31 14:00:00,water,30.498,L
2024-08-31 15:00:00,electricity,1.459,kWh
2024-08-31 15:00:00,water,29.09,L
2024-08-31 16:00:00,electricity,1.471,kWh
2024-08-31 16:00:00,water,31.757,L
2024-08-31 17:00:00,electricity,2.751,kWh
2024-08-31 17:00:00,water,80.631,L
2024-08-31 18:00:00,electricity,2.987,kWh
2024-08-31 18:00:00,water,86.334,L
2024-08-31 19:00:00,electricity,2.779,kWh
2024-08-31 19:00:00,water,69.277,L
2024-08-31 20:00:00,electricity,3.095,kWh
2024-08-31 20:00:00,water,76.424,L
2024-08-31 21:00:00,electricity,2.631,kWh
2024-08-31 21:00:00,water,41.162,L
2024-08-31 22:00:00,electricity,1.396,kWh
2024-08-31 22:00:00,water,35.85,L
2024-08-31 23:00:00,electricity,1.329,kWh
2024-08-31 23:00:00,water,48.207,L
2024-09-01 00:00:00,electricity,0.336,kWh
2024-09-01 00:00:00,water,3.609,L
2024-09-01 01:00:00,electricity,0.41,kWh
2024-09-01 01:00:00,water,4.619,L
2024-09-01 02:00:00,electricity,0.419,kWh
2024-09-01 02:00:00,water,4.508,L
2024-09-01 03:00:00,electricity,0.405,kWh
2024-09-01 03:00:00,water,4.187,L
2024-09-01 04:00:00,electricity,0.486,kWh
2024-09-01 04:00:00,water,4.756,L
2024-09-01 05:00:00,electricity,0.485,kWh
2024-09-01 05:00:00,water,4.945,L
2024-09-01 06:00:00,electricity,1.357,kWh
2024-09-01 06:00:00,water,57.27,L
2024-09-01 07:00:00,electricity,1.152,kWh
2024-09-01 07:00:00,water,52.822,L
2024-09-01 08:00:00,electricity,1.324,kWh
2024-09-01 08:00:00,water,45.413,L
2024-09-01 09:00:00,electricity,1.32,kWh
2024-09-01 09:00:00,water,74.258,L
2024-09-01 10:00:00,electricity,1.009,kWh
2024-09-01 10:00:00,water,22.165,L
2024-09-01 11:00:00,electricity,1.005,kWh
2024-09-01 11:00:00,water,26.587,L
2024-09-01 12:00:00,electricity,1.009,kWh
2024-09-01 12:00:00,water,21.319,L
2024-09-01 13:00:00,electricity,1.038,kWh
2024-09-01 13:00:00,water,27.719,L
2024-09-01 14:00:00,electricity,1.011,kWh
2024-09-01 14:00:00,water,21.434,L
2024-09-01 15:00:00,electricity,1.102,kWh
2024-09-01 15:00:00,water,20.054,L
2024-09-01 16:00:00,electricity,1.119,kWh
2024-09-01 16:00:00,water,22.815,L
2024-09-01 17:00:00,electricity,1.767,kWh
2024-09-01 17:00:00,water,45.639,L
2024-09-01 18:00:00,electricity,2.191,kWh
2024-09-01 18:00:00,water,52.238,L
2024-09-01 19:00:00,electricity,1.753,kWh
2024-09-01 19:00:00,water,48.449,L
2024-09-01 20:00:00,electricity,1.629,kWh
2024-09-01 20:00:00,water,52.422,L
2024-09-01 21:00:00,electricity,2.018,kWh
2024-09-01 21:00:00,water,28.229,L
2024-09-01 22:00:00,electricity,0.992,kWh
2024-09-01 22:00:00,water,26.915,L
2024-09-01 23:00:00,electricity,1.115,kWh
2024-09-01 23:00:00,water,27.202,L
2024-09-02 00:00:00,electricity,0.401,kWh
2024-09-02 00:00:00,water,3.736,L
2024-09-02 01:00:00,electricity,0.602,kWh
2024-09-02 01:00:00,water,3.081,L
2024-09-02 02:00:00,electricity,0.563,kWh
2024-09-02 02:00:00,water,2.286,L
2024-09-02 03:00:00,electricity,0.449,kWh
2024-09-02 03:00:00,water,2.813,L
2024-09-02 04:00:00,electricity,0.45,kWh
2024-09-02 04:00:00,water,3.035,L
2024-09-02 05:00:00,electricity,0.616,kWh
2024-09-02 05:00:00,water,3.664,L
2024-09-02 06:00:00,electricity,1.589,kWh
2024-09-02 06:00:00,water,50.555,L
2024-09-02 07:00:00,electricity,1.573,kWh
2024-09-02 07:00:00,water,40.023,L
2024-09-02 08:00:00,electricity,1.327,kWh
2024-09-02 08:00:00,water,58.059,L
2024-09-02 09:00:00,electricity,1.656,kWh
2024-09-02 09:00:00,water,44.832,L
2024-09-02 10:00:00,electricity,1.29,kWh
2024-09-02 10:00:00,water,20.692,L
2024-09-02 11:00:00,electricity,1.414,kWh
2024-09-02 11:00:00,water,15.505,L
2024-09-02 12:00:00,electricity,1.135,kWh
2024-09-02 12:00:00,water,12.82,L
2024-09-02 13:00:00,electricity,1.119,kWh
2024-09-02 13:00:00,water,14.958,L
2024-09-02 14:00:00,electricity,0.145,kWh
2024-09-02 14:00:00,water,10.979,L
2024-09-02 15:00:00,electricity,1.453,kWh
2024-09-02 15:00:00,water,22.562,L
2024-09-02 16:00:00,electricity,1.113,kWh
2024-09-02 16:00:00,water,18.463,L
2024-09-02 17:00:00,electricity,2.633,kWh
2024-09-02 17:00:00,water,33.339,L
2024-09-02 18:00:00,electricity,2.385,kWh
2024-09-02 18:00:00,water,39.537,L
2024-09-02 19:00:00,electricity,2.635,kWh
2024-09-02 19:00:00,water,38.352,L
2024-09-02 20:00:00,electricity,2.359,kWh
2024-09-02 20:00:00,water,40.294,L
2024-09-02 21:00:00,electricity,1.777,kWh
2024-09-02 21:00:00,water,25.766,L
2024-09-02 22:00:00,electricity,1.3,kWh
2024-09-02 22:00:00,water,21.717,L
2024-09-02 23:00:00,electricity,1.46,kWh
2024-09-02 23:00:00,water,20.124,L
2024-09-03 00:00:00,electricity,0.481,kWh
2024-09-03 00:00:00,water,3.298,L
2024-09-03 01:00:00,electricity,0.508,kWh
2024-09-03 01:00:00,water,3.289,L
2024-09-03 02:00:00,electricity,0.519,kWh
2024-09-03 02:00:00,water,3.036,L
2024-09-03 03:00:00,electricity,0.375,kWh
2024-09-03 03:00:00,water,3.784,L
2024-09-03 04:00:00,electricity,0.616,kWh
2024-09-03 04:00:00,water,2.842,L
2024-09-03 05:00:00,electricity,0.48,kWh
2024-09-03 05:00:00,water,2.676,L
2024-09-03 06:00:00,electricity,1.803,kWh
2024-09-03 06:00:00,water,47.258,L
2024-09-03 07:00:00,electricity,1.701,kWh
2024-09-03 07:00:00,water,41.355,L
2024-09-03 08:00:00,electricity,1.932,kWh
2024-09-03 08:00:00,water,47.676,L
2024-09-03 09:00:00,electricity,1.786,kWh
2024-09-03 09:00:00,water,40.502,L
2024-09-03 10:00:00,electricity,1.289,kWh
2024-09-03 10:00:00,water,17.135,L
2024-09-03 11:00:00,electricity,1.202,kWh
2024-09-03 11:00:00,water,22.084,L
2024-09-03 12:00:00,electricity,1.425,kWh
2024-09-03 12:00:00,water,17.124,L
2024-09-03 13:00:00,electricity,1.073,kWh
2024-09-03 13:00:00,water,16.274,L
2024-09-03 14:00:00,electricity,1.405,kWh
2024-09-03 14:00:00,water,20.529,L
2024-09-03 15:00:00,electricity,1.175,kWh
2024-09-03 15:00:00,water,15.73,L
2024-09-03 16:00:00,electricity,1.485,kWh
2024-09-03 16:00:00,water,16.503,L
2024-09-03 17:00:00,electricity,2.414,kWh
2024-09-03 17:00:00,water,40.095,L
2024-09-03 18:00:00,electricity,2.529,kWh
2024-09-03 18:00:00,water,41.723,L
2024-09-03 19:00:00,electricity,2.395,kWh
2024-09-03 19:00:00,water,42.992,L
2024-09-03 20:00:00,electricity,1.96,kWh
2024-09-03 20:00:00,water,34.138,L
2024-09-03 21:00:00,electricity,2.171,kWh
2024-09-03 21:00:00,water,24.109,L
2024-09-03 22:00:00,electricity,1.409,kWh
2024-09-03 22:00:00,water,21.242,L
2024-09-03 23:00:00,electricity,1.342,kWh
2024-09-03 23:00:00,water,20.865,L
2024-09-04 00:00:00,electricity,0.59,kWh
2024-09-04 00:00:00,water,3.433,L
2024-09-04 01:00:00,electricity,0.549,kWh
2024-09-04 01:00:00,water,2.802,L
2024-09-04 02:00:00,electricity,0.477,kWh
2024-09-04 02:00:00,water,3.1,L
2024-09-04 03:00:00,electricity,0.486,kWh
2024-09-04 03:00:00,water,3.056,L
2024-09-04 04:00:00,electricity,0.533,kWh
2024-09-04 04:00:00,water,2.615,L
2024-09-04 05:00:00,electricity,0.406,kWh
2024-09-04 05:00:00,water,3.348,L
2024-09-04 06:00:00,electricity,2.003,kWh
2024-09-04 06:00:00,water,48.026,L
2024-09-04 07:00:00,electricity,1.792,kWh
2024-09-04 07:00:00,water,34.274,L
2024-09-04 08:00:00,electricity,1.927,kWh
2024-09-04 08:00:00,water,46.498,L
2024-09-04 09:00:00,electricity,1.445,kWh
2024-09-04 09:00:00,water,40.826,L
2024-09-04 10:00:00,electricity,1.484,kWh
2024-09-04 10:00:00,water,20.37,L
2024-09-04 11:00:00,electricity,1.615,kWh
2024-09-04 11:00:00,water,14.878,L
2024-09-04 12:00:00,electricity,1.146,kWh
2024-09-04 12:00:00,water,17.23,L
2024-09-04 13:00:00,electricity,1.422,kWh
2024-09-04 13:00:00,water,18.782,L
2024-09-04 14:00:00,electricity,1.32,kWh
2024-09-04 14:00:00,water,18.117,L
2024-09-04 15:00:00,electricity,1.116,kWh
2024-09-04 15:00:00,water,19.648,L
2024-09-04 16:00:00,electricity,1.385,kWh
2024-09-04 16:00:00,water,14.72,L
2024-09-04 17:00:00,electricity,2.574,kWh
2024-09-04 17:00:00,water,44.934,L
2024-09-04 18:00:00,electricity,2.233,kWh
2024-09-04 18:00:00,water,39.863,L
2024-09-04 19:00:00,electricity,2.653,kWh
2024-09-04 19:00:00,water,43.619,L
2024-09-04 20:00:00,electricity,1.98,kWh
2024-09-04 20:00:00,water,41.434,L
2024-09-04 21:00:00,electricity,2.021,kWh
2024-09-04 21:00:00,water,22.469,L
2024-09-04 22:00:00,electricity,1.338,kWh
2024-09-04 22:00:00,water,19.033,L
2024-09-04 23:00:00,electricity,1.323,kWh
2024-09-04 23:00:00,water,20.978,L
2024-09-05 00:00:00,electricity,0.49,kWh
2024-09-05 00:00:00,water,3.572,L
2024-09-05 01:00:00,electricity,0.571,kWh
2024-09-05 01:00:00,water,3.499,L
2024-09-05 02:00:00,electricity,0.556,kWh
2024-09-05 02:00:00,water,2.777,L
2024-09-05 03:00:00,electricity,0.573,kWh
2024-09-05 03:00:00,water,1.985,L
2024-09-05 04:00:00,electricity,0.521,kWh
2024-09-05 04:00:00,water,2.923,L
2024-09-05 05:00:00,electricity,0.56,kWh
2024-09-05 05:00:00,water,2.896,L
2024-09-05 06:00:00,electricity,1.64,kWh
2024-09-05 06:00:00,water,43.651,L
2024-09-05 07:00:00,electricity,2.068,kWh
2024-09-05 07:00:00,water,47.854,L
2024-09-05 08:00:00,electricity,1.577,kWh
2024-09-05 08:00:00,water,49.732,L
2024-09-05 09:00:00,electricity,2.077,kWh
2024-09-05 09:00:00,water,50.348,L
2024-09-05 10:00:00,electricity,1.325,kWh
2024-09-05 10:00:00,water,18.963,L
2024-09-05 11:00:00,electricity,1.138,kWh
2024-09-05 11:00:00,water,14.11,L
2024-09-05 12:00:00,electricity,1.501,kWh
2024-09-05 12:00:00,water,17.263,L
2024-09-05 13:00:00,electricity,1.337,kWh
2024-09-05 13:00:00,water,22.977,L
2024-09-05 14:00:00,electricity,1.432,kWh
2024-09-05 14:00:00,water,18.808,L
2024-09-05 15:00:00,electricity,1.482,kWh
2024-09-05 15:00:00,water,18.794,L
2024-09-05 16:00:00,electricity,1.365,kWh
2024-09-05 16:00:00,water,18.776,L
2024-09-05 17:00:00,electricity,2.235,kWh
2024-09-05 17:00:00,water,39.369,L
2024-09-05 18:00:00,electricity,2.608,kWh
2024-09-05 18:00:00,water,26.776,L
2024-09-05 19:00:00,electricity,2.376,kWh
2024-09-05 19:00:00,water,36.422,L
2024-09-05 20:00:00,electricity,2.539,kWh
2024-09-05 20:00:00,water,37.329,L
2024-09-05 21:00:00,electricity,1.864,kWh
2024-09-05 21:00:00,water,25.96,L
2024-09-05 22:00:00,electricity,1.379,kWh
2024-09-05 22:00:00,water,22.629,L
2024-09-05 23:00:00,electricity,1.236,kWh
2024-09-05 23:00:00,water,18.054,L
2024-09-06 00:00:00,electricity,0.615,kWh
2024-09-06 00:00:00,water,3.155,L
2024-09-06 01:00:00,electricity,0.561,kWh
2024-09-06 01:00:00,water,80.521,L
2024-09-06 02:00:00,electricity,0.541,kWh
2024-09-06 02:00:00,water,2.562,L
2024-09-06 03:00:00,electricity,0.554,kWh
2024-09-06 03:00:00,water,2.7,L
2024-09-06 04:00:00,electricity,0.475,kWh
2024-09-06 04:00:00,water,3.195,L
2024-09-06 05:00:00,electricity,0.614,kWh
2024-09-06 05:00:00,water,3.453,L
2024-09-06 06:00:00,electricity,2.058,kWh
2024-09-06 06:00:00,water,47.608,L
2024-09-06 07:00:00,electricity,1.783,kWh
2024-09-06 07:00:00,water,48.413,L
2024-09-06 08:00:00,electricity,1.989,kWh
2024-09-06 08:00:00,water,47.554,L
2024-09-06 09:00:00,electricity,1.618,kWh
2024-09-06 09:00:00,water,45.547,L
2024-09-06 10:00:00,electricity,1.215,kWh
2024-09-06 10:00:00,water,19.505,L
2024-09-06 11:00:00,electricity,1.325,kWh
2024-09-06 11:00:00,water,12.775,L
2024-09-06 12:00:00,electricity,1.377,kWh
2024-09-06 12:00:00,water,18.24,L
2024-09-06 13:00:00,electricity,1.268,kWh
2024-09-06 13:00:00,water,15.743,L
2024-09-06 14:00:00,electricity,1.391,kWh
2024-09-06 14:00:00,water,20.512,L
2024-09-06 15:00:00,electricity,1.36,kWh
2024-09-06 15:00:00,water,17.682,L
2024-09-06 16:00:00,electricity,1.188,kWh
2024-09-06 16:00:00,water,18.067,L
2024-09-06 17:00:00,electricity,2.499,kWh
2024-09-06 17:00:00,water,30.727,L
2024-09-06 18:00:00,electricity,2.581,kWh
2024-09-06 18:00:00,water,42.076,L
2024-09-06 19:00:00,electricity,2.417,kWh
2024-09-06 19:00:00,water,40.323,L
2024-09-06 20:00:00,electricity,2.65,kWh
2024-09-06 20:00:00,water,40.006,L
2024-09-06 21:00:00,electricity,2.087,kWh
2024-09-06 21:00:00,water,20.305,L
2024-09-06 22:00:00,electricity,1.382,kWh
2024-09-06 22:00:00,water,20.411,L
2024-09-06 23:00:00,electricity,1.166,kWh
2024-09-06 23:00:00,water,23.104,L
2024-09-07 00:00:00,electricity,0.384,kWh
2024-09-07 00:00:00,water,3.575,L
2024-09-07 01:00:00,electricity,0.405,kWh
2024-09-07 01:00:00,water,4.104,L
2024-09-07 02:00:00,electricity,0.391,kWh
2024-09-07 02:00:00,water,2.889,L
2024-09-07 03:00:00,electricity,0.408,kWh
2024-09-07 03:00:00,water,3.672,L
2024-09-07 04:00:00,electricity,0.423,kWh
2024-09-07 04:00:00,water,4.741,L
2024-09-07 05:00:00,electricity,0.468,kWh
2024-09-07 05:00:00,water,4.106,L
2024-09-07 06:00:00,electricity,1.359,kWh
2024-09-07 06:00:00,water,59.671,L
2024-09-07 07:00:00,electricity,1.181,kWh
2024-09-07 07:00:00,water,72.436,L
2024-09-07 08:00:00,electricity,1.564,kWh
2024-09-07 08:00:00,water,42.102,L
2024-09-07 09:00:00,electricity,1.286,kWh
2024-09-07 09:00:00,water,52.777,L
2024-09-07 10:00:00,electricity,1.074,kWh
2024-09-07 10:00:00,water,22.274,L
2024-09-07 11:00:00,electricity,1.128,kWh
2024-09-07 11:00:00,water,25.81,L
2024-09-07 12:00:00,electricity,1.102,kWh
2024-09-07 12:00:00,water,25.859,L
2024-09-07 13:00:00,electricity,1.198,kWh
2024-09-07 13:00:00,water,20.968,L
2024-09-07 14:00:00,electricity,1.132,kWh
2024-09-07 14:00:00,water,26.202,L
2024-09-07 15:00:00,electricity,0.987,kWh
2024-09-07 15:00:00,water,22.267,L
2024-09-07 16:00:00,electricity,1.315,kWh
2024-09-07 16:00:00,water,26.802,L
2024-09-07 17:00:00,electricity,1.982,kWh
2024-09-07 17:00:00,water,42.709,L
2024-09-07 18:00:00,electricity,1.915,kWh
2024-09-07 18:00:00,water,48.029,L
2024-09-07 19:00:00,electricity,2.131,kWh
2024-09-07 19:00:00,water,45.883,L
2024-09-07 20:00:00,electricity,1.992,kWh
2024-09-07 20:00:00,water,54.928,L
2024-09-07 21:00:00,electricity,2.022,kWh
2024-09-07 21:00:00,water,27.415,L
2024-09-07 22:00:00,electricity,1.349,kWh
2024-09-07 22:00:00,water,29.101,L
2024-09-07 23:00:00,electricity,1.05,kWh
2024-09-07 23:00:00,water,31.029,L
2024-09-08 00:00:00,electricity,0.418,kWh
2024-09-08 00:00:00,water,4.155,L
2024-09-08 01:00:00,electricity,0.437,kWh
2024-09-08 01:00:00,water,4.315,L
2024-09-08 02:00:00,electricity,0.478,kWh
2024-09-08 02:00:00,water,3.999,L
2024-09-08 03:00:00,electricity,0.367,kWh
2024-09-08 03:00:00,water,3.704,L
2024-09-08 04:00:00,electricity,0.347,kWh
2024-09-08 04:00:00,water,3.736,L
2024-09-08 05:00:00,electricity,0.407,kWh
2024-09-08 05:00:00,water,3.912,L
2024-09-08 06:00:00,electricity,1.175,kWh
2024-09-08 06:00:00,water,60.252,L
2024-09-08 07:00:00,electricity,1.344,kWh
2024-09-08 07:00:00,water,57.467,L
2024-09-08 08:00:00,electricity,1.475,kWh
2024-09-08 08:00:00,water,58.635,L
2024-09-08 09:00:00,electricity,1.279,kWh
2024-09-08 09:00:00,water,47.849,L
2024-09-08 10:00:00,electricity,0.926,kWh
2024-09-08 10:00:00,water,25.274,L
2024-09-08 11:00:00,electricity,1.087,kWh
2024-09-08 11:00:00,water,23.909,L
2024-09-08 12:00:00,electricity,1.173,kWh
2024-09-08 12:00:00,water,26.213,L
2024-09-08 13:00:00,electricity,0.897,kWh
2024-09-08 13:00:00,water,23.4,L
2024-09-08 14:00:00,electricity,1.169,kWh
2024-09-08 14:00:00,water,18.519,L
2024-09-08 15:00:00,electricity,1.168,kWh
2024-09-08 15:00:00,water,22.393,L
2024-09-08 16:00:00,electricity,1.183,kWh
2024-09-08 16:00:00,water,22.839,L
2024-09-08 17:00:00,electricity,2.181,kWh
2024-09-08 17:00:00,water,53.096,L
2024-09-08 18:00:00,electricity,2.372,kWh
2024-09-08 18:00:00,water,36.639,L
2024-09-08 19:00:00,electricity,1.875,kWh
2024-09-08 19:00:00,water,48.991,L
2024-09-08 20:00:00,electricity,1.965,kWh
2024-09-08 20:00:00,water,51.755,L
2024-09-08 21:00:00,electricity,1.863,kWh
2024-09-08 21:00:00,water,26.928,L
2024-09-08 22:00:00,electricity,1.08,kWh
2024-09-08 22:00:00,water,29.512,L
2024-09-08 23:00:00,electricity,1.246,kWh
2024-09-08 23:00:00,water,27.049,L
2024-09-09 00:00:00,electricity,0.457,kWh
2024-09-09 00:00:00,water,2.737,L
2024-09-09 01:00:00,electricity,0.483,kWh
2024-09-09 01:00:00,water,2.853,L
2024-09-09 02:00:00,electricity,0.601,kWh
2024-09-09 02:00:00,water,2.744,L
2024-09-09 03:00:00,electricity,0.582,kWh
2024-09-09 03:00:00,water,3.246,L
2024-09-09 04:00:00,electricity,0.509,kWh
2024-09-09 04:00:00,water,2.735,L
2024-09-09 05:00:00,electricity,0.573,kWh
2024-09-09 05:00:00,water,2.675,L
2024-09-09 06:00:00,electricity,1.775,kWh
2024-09-09 06:00:00,water,54.547,L
2024-09-09 07:00:00,electricity,1.973,kWh
2024-09-09 07:00:00,water,50.188,L
2024-09-09 08:00:00,electricity,1.729,kWh
2024-09-09 08:00:00,water,34.948,L
2024-09-09 09:00:00,electricity,1.892,kWh
2024-09-09 09:00:00,water,40.87,L
2024-09-09 10:00:00,electricity,1.669,kWh
2024-09-09 10:00:00,water,18.524,L
2024-09-09 11:00:00,electricity,1.399,kWh
2024-09-09 11:00:00,water,18.699,L
2024-09-09 12:00:00,electricity,1.327,kWh
2024-09-09 12:00:00,water,14.781,L
2024-09-09 13:00:00,electricity,1.415,kWh
2024-09-09 13:00:00,water,20.503,L
2024-09-09 14:00:00,electricity,1.272,kWh
2024-09-09 14:00:00,water,19.782,L
2024-09-09 15:00:00,electricity,1.635,kWh
2024-09-09 15:00:00,water,19.041,L
2024-09-09 16:00:00,electricity,1.344,kWh
2024-09-09 16:00:00,water,20.931,L
2024-09-09 17:00:00,electricity,2.311,kWh
2024-09-09 17:00:00,water,106.955,L
2024-09-09 18:00:00,electricity,2.177,kWh
2024-09-09 18:00:00,water,39.519,L
2024-09-09 19:00:00,electricity,2.637,kWh
2024-09-09 19:00:00,water,44.51,L
2024-09-09 20:00:00,electricity,2.582,kWh
2024-09-09 20:00:00,water,42.455,L
2024-09-09 21:00:00,electricity,2.258,kWh
2024-09-09 21:00:00,water,20.228,L
2024-09-09 22:00:00,electricity,1.396,kWh
2024-09-09 22:00:00,water,24.21,L
2024-09-09 23:00:00,electricity,1.121,kWh
2024-09-09 23:00:00,water,20.706,L
2024-09-10 00:00:00,electricity,0.538,kWh
2024-09-10 00:00:00,water,3.181,L
2024-09-10 01:00:00,electricity,0.552,kWh
2024-09-10 01:00:00,water,3.172,L
2024-09-10 02:00:00,electricity,0.618,kWh
2024-09-10 02:00:00,water,2.502,L
2024-09-10 03:00:00,electricity,0.487,kWh
2024-09-10 03:00:00,water,2.956,L
2024-09-10 04:00:00,electricity,0.461,kWh
2024-09-10 04:00:00,water,3.095,L
2024-09-10 05:00:00,electricity,0.481,kWh
2024-09-10 05:00:00,water,2.843,L
2024-09-10 06:00:00,electricity,1.487,kWh
2024-09-10 06:00:00,water,46.699,L
2024-09-10 07:00:00,electricity,1.945,kWh
2024-09-10 07:00:00,water,49.352,L
2024-09-10 08:00:00,electricity,1.982,kWh
2024-09-10 08:00:00,water,44.835,L
2024-09-10 09:00:00,electricity,1.771,kWh
2024-09-10 09:00:00,water,46.213,L
2024-09-10 10:00:00,electricity,1.481,kWh
2024-09-10 10:00:00,water,20.988,L
2024-09-10 11:00:00,electricity,1.338,kWh
2024-09-10 11:00:00,water,19.022,L
2024-09-10 12:00:00,electricity,1.307,kWh
2024-09-10 12:00:00,water,18.434,L
2024-09-10 13:00:00,electricity,1.276,kWh
2024-09-10 13:00:00,water,15.931,L
2024-09-10 14:00:00,electricity,1.279,kWh
2024-09-10 14:00:00,water,19.449,L
2024-09-10 15:00:00,electricity,1.116,kWh
2024-09-10 15:00:00,water,18.713,L
2024-09-10 16:00:00,electricity,1.355,kWh
2024-09-10 16:00:00,water,20.773,L
2024-09-10 17:00:00,electricity,2.366,kWh
2024-09-10 17:00:00,water,37.711,L
2024-09-10 18:00:00,electricity,2.553,kWh
2024-09-10 18:00:00,water,29.327,L
2024-09-10 19:00:00,electricity,2.398,kWh
2024-09-10 19:00:00,water,29.849,L
2024-09-10 20:00:00,electricity,2.337,kWh
2024-09-10 20:00:00,water,40.811,L
2024-09-10 21:00:00,electricity,2.169,kWh
2024-09-10 21:00:00,water,20.96,L
2024-09-10 22:00:00,electricity,1.33,kWh
2024-09-10 22:00:00,water,23.679,L
2024-09-10 23:00:00,electricity,1.417,kWh
2024-09-10 23:00:00,water,22.808,L
2024-09-11 00:00:00,electricity,0.468,kWh
2024-09-11 00:00:00,water,2.94,L
2024-09-11 01:00:00,electricity,0.533,kWh
2024-09-11 01:00:00,water,2.965,L
2024-09-11 02:00:00,electricity,0.54,kWh
2024-09-11 02:00:00,water,2.688,L
2024-09-11 03:00:00,electricity,0.49,kWh
2024-09-11 03:00:00,water,2.994,L
2024-09-11 04:00:00,electricity,0.497,kWh
2024-09-11 04:00:00,water,2.79,L
2024-09-11 05:00:00,electricity,0.54,kWh
2024-09-11 05:00:00,water,2.866,L
2024-09-11 06:00:00,electricity,1.522,kWh
2024-09-11 06:00:00,water,43.252,L
2024-09-11 07:00:00,electricity,1.776,kWh
2024-09-11 07:00:00,water,43.776,L
2024-09-11 08:00:00,electricity,1.562,kWh
2024-09-11 08:00:00,water,49.98,L
2024-09-11 09:00:00,electricity,1.898,kWh
2024-09-11 09:00:00,water,44.299,L
2024-09-11 10:00:00,electricity,1.629,kWh
2024-09-11 10:00:00,water,20.211,L
2024-09-11 11:00:00,electricity,1.206,kWh
2024-09-11 11:00:00,water,21.322,L
2024-09-11 12:00:00,electricity,1.391,kWh
2024-09-11 12:00:00,water,19.847,L
2024-09-11 13:00:00,electricity,1.224,kWh
2024-09-11 13:00:00,water,19.154,L
2024-09-11 14:00:00,electricity,1.457,kWh
2024-09-11 14:00:00,water,18.706,L
2024-09-11 15:00:00,electricity,1.153,kWh
2024-09-11 15:00:00,water,19.869,L
2024-09-11 16:00:00,electricity,1.383,kWh
2024-09-11 16:00:00,water,18.193,L
2024-09-11 17:00:00,electricity,2.169,kWh
2024-09-11 17:00:00,water,41.931,L
2024-09-11 18:00:00,electricity,2.327,kWh
2024-09-11 18:00:00,water,40.263,L
2024-09-11 19:00:00,electricity,2.131,kWh
2024-09-11 19:00:00,water,35.881,L
2024-09-11 20:00:00,electricity,2.571,kWh
2024-09-11 20:00:00,water,41.531,L
2024-09-11 21:00:00,electricity,2.177,kWh
2024-09-11 21:00:00,water,22.747,L
2024-09-11 22:00:00,electricity,1.393,kWh
2024-09-11 22:00:00,water,22.213,L
2024-09-11 23:00:00,electricity,1.275,kWh
2024-09-11 23:00:00,water,21.214,L
2024-09-12 00:00:00,electricity,0.522,kWh
2024-09-12 00:00:00,water,3.06,L
2024-09-12 01:00:00,electricity,0.536,kWh
2024-09-12 01:00:00,water,3.359,L
2024-09-12 02:00:00,electricity,0.488,kWh
2024-09-12 02:00:00,water,3.32,L
2024-09-12 03:00:00,electricity,0.539,kWh
2024-09-12 03:00:00,water,3.127,L
2024-09-12 04:00:00,electricity,0.609,kWh
2024-09-12 04:00:00,water,3.216,L
2024-09-12 05:00:00,electricity,0.487,kWh
2024-09-12 05:00:00,water,3.458,L
2024-09-12 06:00:00,electricity,1.917,kWh
2024-09-12 06:00:00,water,44.19,L
2024-09-12 07:00:00,electricity,1.973,kWh
2024-09-12 07:00:00,water,38.977,L
2024-09-12 08:00:00,electricity,1.576,kWh
2024-09-12 08:00:00,water,52.026,L
2024-09-12 09:00:00,electricity,1.466,kWh
2024-09-12 09:00:00,water,42.139,L
2024-09-12 10:00:00,electricity,1.36,kWh
2024-09-12 10:00:00,water,16.509,L
2024-09-12 11:00:00,electricity,1.248,kWh
2024-09-12 11:00:00,water,14.12,L
2024-09-12 12:00:00,electricity,1.567,kWh
2024-09-12 12:00:00,water,19.234,L
2024-09-12 13:00:00,electricity,1.325,kWh
2024-09-12 13:00:00,water,14.498,L
2024-09-12 14:00:00,electricity,1.214,kWh
2024-09-12 14:00:00,water,16.379,L
2024-09-12 15:00:00,electricity,1.169,kWh
2024-09-12 15:00:00,water,19.271,L
2024-09-12 16:00:00,electricity,1.464,kWh
2024-09-12 16:00:00,water,19.559,L
2024-09-12 17:00:00,electricity,2.24,kWh
2024-09-12 17:00:00,water,34.567,L
2024-09-12 18:00:00,electricity,2.386,kWh
2024-09-12 18:00:00,water,36.896,L
2024-09-12 19:00:00,electricity,2.603,kWh
2024-09-12 19:00:00,water,33.573,L
2024-09-12 20:00:00,electricity,2.261,kWh
2024-09-12 20:00:00,water,35.032,L
2024-09-12 21:00:00,electricity,2.365,kWh
2024-09-12 21:00:00,water,23.219,L
2024-09-12 22:00:00,electricity,1.318,kWh
2024-09-12 22:00:00,water,21.146,L
2024-09-12 23:00:00,electricity,1.41,kWh
2024-09-12 23:00:00,water,21.841,L
2024-09-13 00:00:00,electricity,0.559,kWh
2024-09-13 00:00:00,water,2.473,L
2024-09-13 01:00:00,electricity,0.516,kWh
2024-09-13 01:00:00,water,3.408,L
2024-09-13 02:00:00,electricity,0.531,kWh
2024-09-13 02:00:00,water,3.184,L
2024-09-13 03:00:00,electricity,0.508,kWh
2024-09-13 03:00:00,water,3.285,L
2024-09-13 04:00:00,electricity,0.45,kWh
2024-09-13 04:00:00,water,3.465,L
2024-09-13 05:00:00,electricity,0.542,kWh
2024-09-13 05:00:00,water,2.703,L
2024-09-13 06:00:00,electricity,2.041,kWh
2024-09-13 06:00:00,water,43.065,L
2024-09-13 07:00:00,electricity,1.564,kWh
2024-09-13 07:00:00,water,34.768,L
2024-09-13 08:00:00,electricity,1.583,kWh
2024-09-13 08:00:00,water,61.958,L
2024-09-13 09:00:00,electricity,1.567,kWh
2024-09-13 09:00:00,water,44.192,L
2024-09-13 10:00:00,electricity,1.416,kWh
2024-09-13 10:00:00,water,20.244,L
2024-09-13 11:00:00,electricity,1.379,kWh
2024-09-13 11:00:00,water,15.326,L
2024-09-13 12:00:00,electricity,1.299,kWh
2024-09-13 12:00:00,water,20.152,L
2024-09-13 13:00:00,electricity,1.199,kWh
2024-09-13 13:00:00,water,22.012,L
2024-09-13 14:00:00,electricity,1.332,kWh
2024-09-13 14:00:00,water,17.87,L
2024-09-13 15:00:00,electricity,1.113,kWh
2024-09-13 15:00:00,water,15.816,L
2024-09-13 16:00:00,electricity,1.339,kWh
2024-09-13 16:00:00,water,17.7,L
2024-09-13 17:00:00,electricity,2.583,kWh
2024-09-13 17:00:00,water,27.48,L
2024-09-13 18:00:00,electricity,2.079,kWh
2024-09-13 18:00:00,water,37.33,L
2024-09-13 19:00:00,electricity,2.012,kWh
2024-09-13 19:00:00,water,41.194,L
2024-09-13 20:00:00,electricity,2.751,kWh
2024-09-13 20:00:00,water,37.339,L
2024-09-13 21:00:00,electricity,2.231,kWh
2024-09-13 21:00:00,water,21.733,L
2024-09-13 22:00:00,electricity,1.47,kWh
2024-09-13 22:00:00,water,23.924,L
2024-09-13 23:00:00,electricity,1.3,kWh
2024-09-13 23:00:00,water,24.131,L
2024-09-14 00:00:00,electricity,0.425,kWh
2024-09-14 00:00:00,water,3.123,L
2024-09-14 01:00:00,electricity,0.451,kWh
2024-09-14 01:00:00,water,3.942,L
2024-09-14 02:00:00,electricity,0.394,kWh
2024-09-14 02:00:00,water,5.04,L
2024-09-14 03:00:00,electricity,0.438,kWh
2024-09-14 03:00:00,water,3.275,L
2024-09-14 04:00:00,electricity,0.416,kWh
2024-09-14 04:00:00,water,3.86,L
2024-09-14 05:00:00,electricity,0.375,kWh
2024-09-14 05:00:00,water,4.809,L
2024-09-14 06:00:00,electricity,1.451,kWh
2024-09-14 06:00:00,water,66.251,L
2024-09-14 07:00:00,electricity,1.367,kWh
2024-09-14 07:00:00,water,54.896,L
2024-09-14 08:00:00,electricity,1.382,kWh
2024-09-14 08:00:00,water,59.947,L
2024-09-14 09:00:00,electricity,1.234,kWh
2024-09-14 09:00:00,water,58.485,L
2024-09-14 10:00:00,electricity,1.252,kWh
2024-09-14 10:00:00,water,21.299,L
2024-09-14 11:00:00,electricity,1.175,kWh
2024-09-14 11:00:00,water,23.192,L
2024-09-14 12:00:00,electricity,1.184,kWh
2024-09-14 12:00:00,water,22.614,L
2024-09-14 13:00:00,electricity,1.047,kWh
2024-09-14 13:00:00,water,23.717,L
2024-09-14 14:00:00,electricity,0.893,kWh
2024-09-14 14:00:00,water,21.299,L
2024-09-14 15:00:00,electricity,1.291,kWh
2024-09-14 15:00:00,water,19.815,L
2024-09-14 16:00:00,electricity,1.073,kWh
2024-09-14 16:00:00,water,23.284,L
2024-09-14 17:00:00,electricity,1.798,kWh
2024-09-14 17:00:00,water,58.783,L
2024-09-14 18:00:00,electricity,2.025,kWh
2024-09-14 18:00:00,water,49.231,L
2024-09-14 19:00:00,electricity,2.171,kWh
2024-09-14 19:00:00,water,46.81,L
2024-09-14 20:00:00,electricity,1.94,kWh
2024-09-14 20:00:00,water,53.161,L
2024-09-14 21:00:00,electricity,2.193,kWh
2024-09-14 21:00:00,water,28.694,L
2024-09-14 22:00:00,electricity,1.197,kWh
2024-09-14 22:00:00,water,35.807,L
2024-09-14 23:00:00,electricity,0.964,kWh
2024-09-14 23:00:00,water,29.236,L
2024-09-15 00:00:00,electricity,0.403,kWh
2024-09-15 00:00:00,water,4.228,L
2024-09-15 01:00:00,electricity,0.473,kWh
2024-09-15 01:00:00,water,3.547,L
2024-09-15 02:00:00,electricity,0.315,kWh
2024-09-15 02:00:00,water,4.135,L
2024-09-15 03:00:00,electricity,0.426,kWh
2024-09-15 03:00:00,water,4.029,L
2024-09-15 04:00:00,electricity,0.37,kWh
2024-09-15 04:00:00,water,3.874,L
2024-09-15 05:00:00,electricity,0.411,kWh
2024-09-15 05:00:00,water,3.665,L
2024-09-15 06:00:00,electricity,1.362,kWh
2024-09-15 06:00:00,water,54.021,L
2024-09-15 07:00:00,electricity,1.354,kWh
2024-09-15 07:00:00,water,60.482,L
2024-09-15 08:00:00,electricity,1.326,kWh
2024-09-15 08:00:00,water,62.915,L
2024-09-15 09:00:00,electricity,1.25,kWh
2024-09-15 09:00:00,water,57.607,L
2024-09-15 10:00:00,electricity,1.328,kWh
2024-09-15 10:00:00,water,24.207,L
2024-09-15 11:00:00,electricity,1.282,kWh
2024-09-15 11:00:00,water,23.294,L
2024-09-15 12:00:00,electricity,0.954,kWh
2024-09-15 12:00:00,water,23.677,L
2024-09-15 13:00:00,electricity,1.251,kWh
2024-09-15 13:00:00,water,22.837,L
2024-09-15 14:00:00,electricity,1.037,kWh
2024-09-15 14:00:00,water,23.45,L
2024-09-15 15:00:00,electricity,1.094,kWh
2024-09-15 15:00:00,water,30.976,L
2024-09-15 16:00:00,electricity,1.073,kWh
2024-09-15 16:00:00,water,24.275,L
2024-09-15 17:00:00,electricity,1.816,kWh
2024-09-15 17:00:00,water,52.525,L
2024-09-15 18:00:00,electricity,2.135,kWh
2024-09-15 18:00:00,water,51.312,L
2024-09-15 19:00:00,electricity,1.968,kWh
2024-09-15 19:00:00,water,47.213,L
2024-09-15 20:00:00,electricity,1.851,kWh
2024-09-15 20:00:00,water,56.32,L
2024-09-15 21:00:00,electricity,1.69,kWh
2024-09-15 21:00:00,water,28.228,L
2024-09-15 22:00:00,electricity,0.983,kWh
2024-09-15 22:00:00,water,32.953,L
2024-09-15 23:00:00,electricity,0.903,kWh
2024-09-15 23:00:00,water,28.077,L
2024-09-16 00:00:00,electricity,0.529,kWh
2024-09-16 00:00:00,water,2.654,L
2024-09-16 01:00:00,electricity,0.465,kWh
2024-09-16 01:00:00,water,3.132,L
2024-09-16 02:00:00,electricity,0.514,kWh
2024-09-16 02:00:00,water,2.602,L
2024-09-16 03:00:00,electricity,0.6,kWh
2024-09-16 03:00:00,water,3.193,L
2024-09-16 04:00:00,electricity,0.591,kWh
2024-09-16 04:00:00,water,2.57,L
2024-09-16 05:00:00,electricity,0.526,kWh
2024-09-16 05:00:00,water,2.885,L
2024-09-16 06:00:00,electricity,1.701,kWh
2024-09-16 06:00:00,water,37.269,L
2024-09-16 07:00:00,electricity,2.039,kWh
2024-09-16 07:00:00,water,60.251,L
2024-09-16 08:00:00,electricity,1.805,kWh
2024-09-16 08:00:00,water,36.069,L
2024-09-16 09:00:00,electricity,1.66,kWh
2024-09-16 09:00:00,water,45.053,L
2024-09-16 10:00:00,electricity,1.132,kWh
2024-09-16 10:00:00,water,20.47,L
2024-09-16 11:00:00,electricity,1.372,kWh
2024-09-16 11:00:00,water,102.318,L
2024-09-16 12:00:00,electricity,1.429,kWh
2024-09-16 12:00:00,water,19.839,L
2024-09-16 13:00:00,electricity,1.237,kWh
2024-09-16 13:00:00,water,17.315,L
2024-09-16 14:00:00,electricity,1.358,kWh
2024-09-16 14:00:00,water,20.918,L
2024-09-16 15:00:00,electricity,1.272,kWh
2024-09-16 15:00:00,water,19.973,L
2024-09-16 16:00:00,electricity,1.296,kWh
2024-09-16 16:00:00,water,18.459,L
2024-09-16 17:00:00,electricity,1.785,kWh
2024-09-16 17:00:00,water,38.583,L
2024-09-16 18:00:00,electricity,2.323,kWh
2024-09-16 18:00:00,water,36.132,L
2024-09-16 19:00:00,electricity,2.606,kWh
2024-09-16 19:00:00,water,33.407,L
2024-09-16 20:00:00,electricity,2.226,kWh
2024-09-16 20:00:00,water,43.067,L
2024-09-16 21:00:00,electricity,0.352,kWh
2024-09-16 21:00:00,water,26.043,L
2024-09-16 22:00:00,electricity,1.22,kWh
2024-09-16 22:00:00,water,20.113,L
2024-09-16 23:00:00,electricity,1.368,kWh
2024-09-16 23:00:00,water,22.085,L
2024-09-17 00:00:00,electricity,0.517,kWh
2024-09-17 00:00:00,water,2.948,L
2024-09-17 01:00:00,electricity,0.478,kWh
2024-09-17 01:00:00,water,2.988,L
2024-09-17 02:00:00,electricity,0.598,kWh
2024-09-17 02:00:00,water,3.023,L
2024-09-17 03:00:00,electricity,0.577,kWh
2024-09-17 03:00:00,water,3.341,L
2024-09-17 04:00:00,electricity,0.496,kWh
2024-09-17 04:00:00,water,2.731,L
2024-09-17 05:00:00,electricity,0.554,kWh
2024-09-17 05:00:00,water,2.695,L
2024-09-17 06:00:00,electricity,1.808,kWh
2024-09-17 06:00:00,water,51.678,L
2024-09-17 07:00:00,electricity,1.826,kWh
2024-09-17 07:00:00,water,42.502,L
2024-09-17 08:00:00,electricity,1.425,kWh
2024-09-17 08:00:00,water,38.18,L
2024-09-17 09:00:00,electricity,1.889,kWh
2024-09-17 09:00:00,water,42.38,L
2024-09-17 10:00:00,electricity,1.245,kWh
2024-09-17 10:00:00,water,17.287,L
2024-09-17 11:00:00,electricity,1.273,kWh
2024-09-17 11:00:00,water,21.359,L
2024-09-17 12:00:00,electricity,1.668,kWh
2024-09-17 12:00:00,water,19.998,L
2024-09-17 13:00:00,electricity,1.36,kWh
2024-09-17 13:00:00,water,20.479,L
2024-09-17 14:00:00,electricity,1.269,kWh
2024-09-17 14:00:00,water,19.771,L
2024-09-17 15:00:00,electricity,1.029,kWh
2024-09-17 15:00:00,water,20.044,L
2024-09-17 16:00:00,electricity,1.503,kWh
2024-09-17 16:00:00,water,16.514,L
2024-09-17 17:00:00,electricity,2.056,kWh
2024-09-17 17:00:00,water,36.606,L
2024-09-17 18:00:00,electricity,2.138,kWh
2024-09-17 18:00:00,water,33.045,L
2024-09-17 19:00:00,electricity,2.297,kWh
2024-09-17 19:00:00,water,36.553,L
2024-09-17 20:00:00,electricity,2.713,kWh
2024-09-17 20:00:00,water,40.578,L
2024-09-17 21:00:00,electricity,2.56,kWh
2024-09-17 21:00:00,water,22.863,L
2024-09-17 22:00:00,electricity,1.299,kWh
2024-09-17 22:00:00,water,26.041,L
2024-09-17 23:00:00,electricity,1.361,kWh
2024-09-17 23:00:00,water,19.418,L
2024-09-18 00:00:00,electricity,0.496,kWh
2024-09-18 00:00:00,water,3.18,L
2024-09-18 01:00:00,electricity,0.535,kWh
2024-09-18 01:00:00,water,2.551,L
2024-09-18 02:00:00,electricity,0.532,kWh
2024-09-18 02:00:00,water,3.034,L
2024-09-18 03:00:00,electricity,0.579,kWh
2024-09-18 03:00:00,water,3.267,L
2024-09-18 04:00:00,electricity,0.579,kWh
2024-09-18 04:00:00,water,2.923,L
2024-09-18 05:00:00,electricity,0.554,kWh
2024-09-18 05:00:00,water,3.198,L
2024-09-18 06:00:00,electricity,1.654,kWh
2024-09-18 06:00:00,water,39.817,L
2024-09-18 07:00:00,electricity,1.843,kWh
2024-09-18 07:00:00,water,36.016,L
2024-09-18 08:00:00,electricity,1.7,kWh
2024-09-18 08:00:00,water,48.008,L
2024-09-18 09:00:00,electricity,1.53,kWh
2024-09-18 09:00:00,water,54.418,L
2024-09-18 10:00:00,electricity,1.267,kWh
2024-09-18 10:00:00,water,15.849,L
2024-09-18 11:00:00,electricity,1.331,kWh
2024-09-18 11:00:00,water,20.64,L
2024-09-18 12:00:00,electricity,1.44,kWh
2024-09-18 12:00:00,water,18.094,L
2024-09-18 13:00:00,electricity,1.296,kWh
2024-09-18 13:00:00,water,15.115,L
2024-09-18 14:00:00,electricity,1.16,kWh
2024-09-18 14:00:00,water,15.556,L
2024-09-18 15:00:00,electricity,1.327,kWh
2024-09-18 15:00:00,water,18.034,L
2024-09-18 16:00:00,electricity,1.335,kWh
2024-09-18 16:00:00,water,17.126,L
2024-09-18 17:00:00,electricity,2.42,kWh
2024-09-18 17:00:00,water,31.592,L
2024-09-18 18:00:00,electricity,2.595,kWh
2024-09-18 18:00:00,water,29.877,L
2024-09-18 19:00:00,electricity,2.618,kWh
2024-09-18 19:00:00,water,33.69,L
2024-09-18 20:00:00,electricity,2.235,kWh
2024-09-18 20:00:00,water,38.372,L
2024-09-18 21:00:00,electricity,2.23,kWh
2024-09-18 21:00:00,water,22.483,L
2024-09-18 22:00:00,electricity,1.183,kWh
2024-09-18 22:00:00,water,21.147,L
2024-09-18 23:00:00,electricity,1.412,kWh
2024-09-18 23:00:00,water,23.045,L
2024-09-19 00:00:00,electricity,0.604,kWh
2024-09-19 00:00:00,water,3.374,L
2024-09-19 01:00:00,electricity,0.511,kWh
2024-09-19 01:00:00,water,3.142,L
2024-09-19 02:00:00,electricity,0.515,kWh
2024-09-19 02:00:00,water,2.956,L
2024-09-19 03:00:00,electricity,0.605,kWh
2024-09-19 03:00:00,water,3.334,L
2024-09-19 04:00:00,electricity,0.555,kWh
2024-09-19 04:00:00,water,2.654,L
2024-09-19 05:00:00,electricity,0.551,kWh
2024-09-19 05:00:00,water,2.919,L
2024-09-19 06:00:00,electricity,1.512,kWh
2024-09-19 06:00:00,water,43.914,L
2024-09-19 07:00:00,electricity,1.832,kWh
2024-09-19 07:00:00,water,38.32,L
2024-09-19 08:00:00,electricity,1.557,kWh
2024-09-19 08:00:00,water,42.733,L
2024-09-19 09:00:00,electricity,1.521,kWh
2024-09-19 09:00:00,water,33.795,L
2024-09-19 10:00:00,electricity,1.274,kWh
2024-09-19 10:00:00,water,22.13,L
2024-09-19 11:00:00,electricity,1.243,kWh
2024-09-19 11:00:00,water,15.975,L
2024-09-19 12:00:00,electricity,1.291,kWh
2024-09-19 12:00:00,water,21.426,L
2024-09-19 13:00:00,electricity,1.13,kWh
2024-09-19 13:00:00,water,18.082,L
2024-09-19 14:00:00,electricity,1.447,kWh
2024-09-19 14:00:00,water,19.22,L
2024-09-19 15:00:00,electricity,1.469,kWh
2024-09-19 15:00:00,water,16.944,L
2024-09-19 16:00:00,electricity,1.063,kWh
2024-09-19 16:00:00,water,18.449,L
2024-09-19 17:00:00,electricity,2.608,kWh
2024-09-19 17:00:00,water,40.427,L
2024-09-19 18:00:00,electricity,2.183,kWh
2024-09-19 18:00:00,water,40.49,L
2024-09-19 19:00:00,electricity,2.58,kWh
2024-09-19 19:00:00,water,40.986,L
2024-09-19 20:00:00,electricity,2.36,kWh
2024-09-19 20:00:00,water,35.843,L
2024-09-19 21:00:00,electricity,2.383,kWh
2024-09-19 21:00:00,water,21.203,L
2024-09-19 22:00:00,electricity,1.296,kWh
2024-09-19 22:00:00,water,18.196,L
2024-09-19 23:00:00,electricity,1.48,kWh
2024-09-19 23:00:00,water,23.913,L
2024-09-20 00:00:00,electricity,0.463,kWh
2024-09-20 00:00:00,water,3.39,L
2024-09-20 01:00:00,electricity,0.56,kWh
2024-09-20 01:00:00,water,3.582,L
2024-09-20 02:00:00,electricity,0.586,kWh
2024-09-20 02:00:00,water,3.11,L
2024-09-20 03:00:00,electricity,0.566,kWh
2024-09-20 03:00:00,water,2.724,L
2024-09-20 04:00:00,electricity,0.651,kWh
2024-09-20 04:00:00,water,2.389,L
2024-09-20 05:00:00,electricity,0.5,kWh
2024-09-20 05:00:00,water,3.375,L
2024-09-20 06:00:00,electricity,1.88,kWh
2024-09-20 06:00:00,water,35.3,L
2024-09-20 07:00:00,electricity,1.698,kWh
2024-09-20 07:00:00,water,43.161,L
2024-09-20 08:00:00,electricity,1.928,kWh
2024-09-20 08:00:00,water,43.789,L
2024-09-20 09:00:00,electricity,1.715,kWh
2024-09-20 09:00:00,water,44.625,L
2024-09-20 10:00:00,electricity,1.269,kWh
2024-09-20 10:00:00,water,18.077,L
2024-09-20 11:00:00,electricity,1.492,kWh
2024-09-20 11:00:00,water,18.298,L
2024-09-20 12:00:00,electricity,1.255,kWh
2024-09-20 12:00:00,water,12.783,L
2024-09-20 13:00:00,electricity,1.134,kWh
2024-09-20 13:00:00,water,18.032,L
2024-09-20 14:00:00,electricity,1.252,kWh
2024-09-20 14:00:00,water,13.184,L
2024-09-20 15:00:00,electricity,1.402,kWh
2024-09-20 15:00:00,water,19.582,L
2024-09-20 16:00:00,electricity,1.504,kWh
2024-09-20 16:00:00,water,16.801,L
2024-09-20 17:00:00,electricity,2.402,kWh
2024-09-20 17:00:00,water,27.793,L
2024-09-20 18:00:00,electricity,2.689,kWh
2024-09-20 18:00:00,water,33.836,L
2024-09-20 19:00:00,electricity,2.053,kWh
2024-09-20 19:00:00,water,34.935,L
2024-09-20 20:00:00,electricity,2.271,kWh
2024-09-20 20:00:00,water,42.858,L
2024-09-20 21:00:00,electricity,2.307,kWh
2024-09-20 21:00:00,water,23.031,L
2024-09-20 22:00:00,electricity,1.305,kWh
2024-09-20 22:00:00,water,23.43,L
2024-09-20 23:00:00,electricity,1.331,kWh
2024-09-20 23:00:00,water,25.689,L
2024-09-21 00:00:00,electricity,0.462,kWh
2024-09-21 00:00:00,water,3.855,L
2024-09-21 01:00:00,electricity,0.413,kWh
2024-09-21 01:00:00,water,4.253,L
2024-09-21 02:00:00,electricity,0.438,kWh
2024-09-21 02:00:00,water,4.22,L
2024-09-21 03:00:00,electricity,0.43,kWh
2024-09-21 03:00:00,water,3.298,L
2024-09-21 04:00:00,electricity,0.392,kWh
2024-09-21 04:00:00,water,4.589,L
2024-09-21 05:00:00,electricity,0.427,kWh
2024-09-21 05:00:00,water,3.235,L
2024-09-21 06:00:00,electricity,1.384,kWh
2024-09-21 06:00:00,water,64.94,L
2024-09-21 07:00:00,electricity,1.381,kWh
2024-09-21 07:00:00,water,47.85,L
2024-09-21 08:00:00,electricity,1.408,kWh
2024-09-21 08:00:00,water,62.721,L
2024-09-21 09:00:00,electricity,1.415,kWh
2024-09-21 09:00:00,water,71.571,L
2024-09-21 10:00:00,electricity,1.033,kWh
2024-09-21 10:00:00,water,22.802,L
2024-09-21 11:00:00,electricity,1.217,kWh
2024-09-21 11:00:00,water,22.68,L
2024-09-21 12:00:00,electricity,0.954,kWh
2024-09-21 12:00:00,water,25.114,L
2024-09-21 13:00:00,electricity,1.002,kWh
2024-09-21 13:00:00,water,22.475,L
2024-09-21 14:00:00,electricity,1.38,kWh
2024-09-21 14:00:00,water,28.506,L
2024-09-21 15:00:00,electricity,0.968,kWh
2024-09-21 15:00:00,water,23.94,L
2024-09-21 16:00:00,electricity,0.934,kWh
2024-09-21 16:00:00,water,22.501,L
2024-09-21 17:00:00,electricity,2.087,kWh
2024-09-21 17:00:00,water,45.589,L
2024-09-21 18:00:00,electricity,1.54,kWh
2024-09-21 18:00:00,water,43.292,L
2024-09-21 19:00:00,electricity,1.898,kWh
2024-09-21 19:00:00,water,45.078,L
2024-09-21 20:00:00,electricity,2.361,kWh
2024-09-21 20:00:00,water,46.699,L
2024-09-21 21:00:00,electricity,1.644,kWh
2024-09-21 21:00:00,water,27.538,L
2024-09-21 22:00:00,electricity,0.866,kWh
2024-09-21 22:00:00,water,26.94,L
2024-09-21 23:00:00,electricity,0.918,kWh
2024-09-21 23:00:00,water,36.617,L
2024-09-22 00:00:00,electricity,0.471,kWh
2024-09-22 00:00:00,water,3.418,L
2024-09-22 01:00:00,electricity,0.481,kWh
2024-09-22 01:00:00,water,3.969,L
2024-09-22 02:00:00,electricity,0.41,kWh
2024-09-22 02:00:00,water,4.177,L
2024-09-22 03:00:00,electricity,0.462,kWh
2024-09-22 03:00:00,water,4.195,L
2024-09-22 04:00:00,electricity,0.492,kWh
2024-09-22 04:00:00,water,3.873,L
2024-09-22 05:00:00,electricity,0.509,kWh
2024-09-22 05:00:00,water,3.787,L
2024-09-22 06:00:00,electricity,1.369,kWh
2024-09-22 06:00:00,water,61.67,L
2024-09-22 07:00:00,electricity,1.081,kWh
2024-09-22 07:00:00,water,60.371,L
2024-09-22 08:00:00,electricity,1.289,kWh
2024-09-22 08:00:00,water,56.682,L
2024-09-22 09:00:00,electricity,1.344,kWh
2024-09-22 09:00:00,water,47.536,L
2024-09-22 10:00:00,electricity,1.052,kWh
2024-09-22 10:00:00,water,22.086,L
2024-09-22 11:00:00,electricity,1.06,kWh
2024-09-22 11:00:00,water,20.18,L
2024-09-22 12:00:00,electricity,1.201,kWh
2024-09-22 12:00:00,water,21.527,L
2024-09-22 13:00:00,electricity,1.218,kWh
2024-09-22 13:00:00,water,23.493,L
2024-09-22 14:00:00,electricity,1.061,kWh
2024-09-22 14:00:00,water,24.407,L
2024-09-22 15:00:00,electricity,1.199,kWh
2024-09-22 15:00:00,water,28.4,L
2024-09-22 16:00:00,electricity,1.119,kWh
2024-09-22 16:00:00,water,21.891,L
2024-09-22 17:00:00,electricity,1.957,kWh
2024-09-22 17:00:00,water,53.282,L
2024-09-22 18:00:00,electricity,2.12,kWh
2024-09-22 18:00:00,water,50.54,L
2024-09-22 19:00:00,electricity,1.958,kWh
2024-09-22 19:00:00,water,56.332,L
2024-09-22 20:00:00,electricity,2.344,kWh
2024-09-22 20:00:00,water,52.121,L
2024-09-22 21:00:00,electricity,1.664,kWh
2024-09-22 21:00:00,water,25.71,L
2024-09-22 22:00:00,electricity,1.024,kWh
2024-09-22 22:00:00,water,23.202,L
2024-09-22 23:00:00,electricity,1.066,kWh
2024-09-22 23:00:00,water,30.343,L
2024-09-23 00:00:00,electricity,0.551,kWh
2024-09-23 00:00:00,water,2.81,L
2024-09-23 01:00:00,electricity,0.595,kWh
2024-09-23 01:00:00,water,2.647,L
2024-09-23 02:00:00,electricity,0.527,kWh
2024-09-23 02:00:00,water,2.544,L
2024-09-23 03:00:00,electricity,0.453,kWh
2024-09-23 03:00:00,water,3.058,L
2024-09-23 04:00:00,electricity,0.572,kWh
2024-09-23 04:00:00,water,3.543,L
2024-09-23 05:00:00,electricity,0.568,kWh
2024-09-23 05:00:00,water,2.853,L
2024-09-23 06:00:00,electricity,1.383,kWh
2024-09-23 06:00:00,water,48.187,L
2024-09-23 07:00:00,electricity,1.715,kWh
2024-09-23 07:00:00,water,44.448,L
2024-09-23 08:00:00,electricity,1.443,kWh
2024-09-23 08:00:00,water,38.037,L
2024-09-23 09:00:00,electricity,1.602,kWh
2024-09-23 09:00:00,water,48.968,L
2024-09-23 10:00:00,electricity,1.201,kWh
2024-09-23 10:00:00,water,15.635,L
2024-09-23 11:00:00,electricity,1.427,kWh
2024-09-23 11:00:00,water,18.047,L
2024-09-23 12:00:00,electricity,1.335,kWh
2024-09-23 12:00:00,water,17.262,L
2024-09-23 13:00:00,electricity,1.15,kWh
2024-09-23 13:00:00,water,19.929,L
2024-09-23 14:00:00,electricity,1.436,kWh
2024-09-23 14:00:00,water,15.714,L
2024-09-23 15:00:00,electricity,1.131,kWh
2024-09-23 15:00:00,water,18.844,L
2024-09-23 16:00:00,electricity,1.364,kWh
2024-09-23 16:00:00,water,16.186,L
2024-09-23 17:00:00,electricity,2.183,kWh
2024-09-23 17:00:00,water,35.2,L
2024-09-23 18:00:00,electricity,2.289,kWh
2024-09-23 18:00:00,water,21.142,L
2024-09-23 19:00:00,electricity,2.496,kWh
2024-09-23 19:00:00,water,46.914,L
2024-09-23 20:00:00,electricity,2.5,kWh
2024-09-23 20:00:00,water,39.978,L
2024-09-23 21:00:00,electricity,2.694,kWh
2024-09-23 21:00:00,water,20.428,L
2024-09-23 22:00:00,electricity,1.309,kWh
2024-09-23 22:00:00,water,19.463,L
2024-09-23 23:00:00,electricity,1.36,kWh
2024-09-23 23:00:00,water,21.162,L
2024-09-24 00:00:00,electricity,0.505,kWh
2024-09-24 00:00:00,water,3.258,L
2024-09-24 01:00:00,electricity,0.538,kWh
2024-09-24 01:00:00,water,2.319,L
2024-09-24 02:00:00,electricity,0.551,kWh
2024-09-24 02:00:00,water,2.949,L
2024-09-24 03:00:00,electricity,0.523,kWh
2024-09-24 03:00:00,water,3.637,L
2024-09-24 04:00:00,electricity,0.433,kWh
2024-09-24 04:00:00,water,2.592,L
2024-09-24 05:00:00,electricity,0.546,kWh
2024-09-24 05:00:00,water,3.029,L
2024-09-24 06:00:00,electricity,1.779,kWh
2024-09-24 06:00:00,water,56.898,L
2024-09-24 07:00:00,electricity,1.599,kWh
2024-09-24 07:00:00,water,48.414,L
2024-09-24 08:00:00,electricity,1.496,kWh
2024-09-24 08:00:00,water,45.68,L
2024-09-24 09:00:00,electricity,1.969,kWh
2024-09-24 09:00:00,water,47.736,L
2024-09-24 10:00:00,electricity,1.385,kWh
2024-09-24 10:00:00,water,17.134,L
2024-09-24 11:00:00,electricity,1.29,kWh
2024-09-24 11:00:00,water,20.807,L
2024-09-24 12:00:00,electricity,1.17,kWh
2024-09-24 12:00:00,water,17.137,L
2024-09-24 13:00:00,electricity,1.212,kWh
2024-09-24 13:00:00,water,13.768,L
2024-09-24 14:00:00,electricity,1.492,kWh
2024-09-24 14:00:00,water,17.155,L
2024-09-24 15:00:00,electricity,1.338,kWh
2024-09-24 15:00:00,water,15.912,L
2024-09-24 16:00:00,electricity,1.247,kWh
2024-09-24 16:00:00,water,17.393,L
2024-09-24 17:00:00,electricity,2.497,kWh
2024-09-24 17:00:00,water,36.334,L
2024-09-24 18:00:00,electricity,2.182,kWh
2024-09-24 18:00:00,water,42.888,L
2024-09-24 19:00:00,electricity,2.733,kWh
2024-09-24 19:00:00,water,40.629,L
2024-09-24 20:00:00,electricity,2.697,kWh
2024-09-24 20:00:00,water,38.685,L
2024-09-24 21:00:00,electricity,2.265,kWh
2024-09-24 21:00:00,water,22.492,L
2024-09-24 22:00:00,electricity,1.237,kWh
2024-09-24 22:00:00,water,19.641,L
2024-09-24 23:00:00,electricity,0.974,kWh
2024-09-24 23:00:00,water,16.611,L
2024-09-25 00:00:00,electricity,0.45,kWh
2024-09-25 00:00:00,water,3.041,L
2024-09-25 01:00:00,electricity,0.457,kWh
2024-09-25 01:00:00,water,3.286,L
2024-09-25 02:00:00,electricity,0.535,kWh
2024-09-25 02:00:00,water,2.961,L
2024-09-25 03:00:00,electricity,0.511,kWh
2024-09-25 03:00:00,water,2.807,L
2024-09-25 04:00:00,electricity,0.457,kWh
2024-09-25 04:00:00,water,3.167,L
2024-09-25 05:00:00,electricity,0.513,kWh
2024-09-25 05:00:00,water,2.97,L
2024-09-25 06:00:00,electricity,1.803,kWh
2024-09-25 06:00:00,water,54.103,L
2024-09-25 07:00:00,electricity,1.807,kWh
2024-09-25 07:00:00,water,51.657,L
2024-09-25 08:00:00,electricity,1.39,kWh
2024-09-25 08:00:00,water,50.181,L
2024-09-25 09:00:00,electricity,1.694,kWh
2024-09-25 09:00:00,water,49.092,L
2024-09-25 10:00:00,electricity,1.137,kWh
2024-09-25 10:00:00,water,15.213,L
2024-09-25 11:00:00,electricity,1.439,kWh
2024-09-25 11:00:00,water,19.432,L
2024-09-25 12:00:00,electricity,1.424,kWh
2024-09-25 12:00:00,water,18.813,L
2024-09-25 13:00:00,electricity,1.201,kWh
2024-09-25 13:00:00,water,19.31,L
2024-09-25 14:00:00,electricity,1.219,kWh
2024-09-25 14:00:00,water,19.064,L
2024-09-25 15:00:00,electricity,1.259,kWh
2024-09-25 15:00:00,water,18.978,L
2024-09-25 16:00:00,electricity,1.023,kWh
2024-09-25 16:00:00,water,23.834,L
2024-09-25 17:00:00,electricity,2.456,kWh
2024-09-25 17:00:00,water,37.157,L
2024-09-25 18:00:00,electricity,2.311,kWh
2024-09-25 18:00:00,water,41.714,L
2024-09-25 19:00:00,electricity,2.607,kWh
2024-09-25 19:00:00,water,35.381,L
2024-09-25 20:00:00,electricity,2.115,kWh
2024-09-25 20:00:00,water,41.058,L
2024-09-25 21:00:00,electricity,2.229,kWh
2024-09-25 21:00:00,water,25.036,L
2024-09-25 22:00:00,electricity,1.121,kWh
2024-09-25 22:00:00,water,23.484,L
2024-09-25 23:00:00,electricity,1.187,kWh
2024-09-25 23:00:00,water,27.007,L
2024-09-26 00:00:00,electricity,0.466,kWh
2024-09-26 00:00:00,water,2.682,L
2024-09-26 01:00:00,electricity,0.581,kWh
2024-09-26 01:00:00,water,2.825,L
2024-09-26 02:00:00,electricity,0.491,kWh
2024-09-26 02:00:00,water,3.076,L
2024-09-26 03:00:00,electricity,0.535,kWh
2024-09-26 03:00:00,water,3.317,L
2024-09-26 04:00:00,electricity,0.508,kWh
2024-09-26 04:00:00,water,3.065,L
2024-09-26 05:00:00,electricity,0.461,kWh
2024-09-26 05:00:00,water,3.463,L
2024-09-26 06:00:00,electricity,1.687,kWh
2024-09-26 06:00:00,water,41.427,L
2024-09-26 07:00:00,electricity,1.819,kWh
2024-09-26 07:00:00,water,38.841,L
2024-09-26 08:00:00,electricity,1.509,kWh
2024-09-26 08:00:00,water,46.664,L
2024-09-26 09:00:00,electricity,1.855,kWh
2024-09-26 09:00:00,water,44.583,L
2024-09-26 10:00:00,electricity,1.208,kWh
2024-09-26 10:00:00,water,19.173,L
2024-09-26 11:00:00,electricity,1.256,kWh
2024-09-26 11:00:00,water,17.941,L
2024-09-26 12:00:00,electricity,1.39,kWh
2024-09-26 12:00:00,water,17.266,L
2024-09-26 13:00:00,electricity,1.232,kWh
2024-09-26 13:00:00,water,17.838,L
2024-09-26 14:00:00,electricity,1.325,kWh
2024-09-26 14:00:00,water,18.062,L
2024-09-26 15:00:00,electricity,1.278,kWh
2024-09-26 15:00:00,water,17.341,L
2024-09-26 16:00:00,electricity,1.337,kWh
2024-09-26 16:00:00,water,17.561,L
2024-09-26 17:00:00,electricity,1.81,kWh
2024-09-26 17:00:00,water,35.684,L
2024-09-26 18:00:00,electricity,1.941,kWh
2024-09-26 18:00:00,water,41.355,L
2024-09-26 19:00:00,electricity,2.522,kWh
2024-09-26 19:00:00,water,38.373,L
2024-09-26 20:00:00,electricity,2.622,kWh
2024-09-26 20:00:00,water,47.655,L
2024-09-26 21:00:00,electricity,2.16,kWh
2024-09-26 21:00:00,water,22.934,L
2024-09-26 22:00:00,electricity,1.288,kWh
2024-09-26 22:00:00,water,21.013,L
2024-09-26 23:00:00,electricity,1.359,kWh
2024-09-26 23:00:00,water,29.711,L
2024-09-27 00:00:00,electricity,0.565,kWh
2024-09-27 00:00:00,water,3.149,L
2024-09-27 01:00:00,electricity,0.421,kWh
2024-09-27 01:00:00,water,3.356,L
2024-09-27 02:00:00,electricity,0.481,kWh
2024-09-27 02:00:00,water,3.213,L
2024-09-27 03:00:00,electricity,0.51,kWh
2024-09-27 03:00:00,water,3.224,L
2024-09-27 04:00:00,electricity,0.565,kWh
2024-09-27 04:00:00,water,3.193,L
2024-09-27 05:00:00,electricity,0.66,kWh
2024-09-27 05:00:00,water,2.603,L
2024-09-27 06:00:00,electricity,1.677,kWh
2024-09-27 06:00:00,water,46.985,L
2024-09-27 07:00:00,electricity,1.475,kWh
2024-09-27 07:00:00,water,37.846,L
2024-09-27 08:00:00,electricity,1.785,kWh
2024-09-27 08:00:00,water,44.058,L
2024-09-27 09:00:00,electricity,1.943,kWh
2024-09-27 09:00:00,water,41.082,L
2024-09-27 10:00:00,electricity,1.334,kWh
2024-09-27 10:00:00,water,18.772,L
2024-09-27 11:00:00,electricity,1.2,kWh
2024-09-27 11:00:00,water,18.722,L
2024-09-27 12:00:00,electricity,1.446,kWh
2024-09-27 12:00:00,water,19.039,L
2024-09-27 13:00:00,electricity,1.408,kWh
2024-09-27 13:00:00,water,18.621,L
2024-09-27 14:00:00,electricity,1.185,kWh
2024-09-27 14:00:00,water,16.689,L
2024-09-27 15:00:00,electricity,1.37,kWh
2024-09-27 15:00:00,water,17.436,L
2024-09-27 16:00:00,electricity,1.452,kWh
2024-09-27 16:00:00,water,19.988,L
2024-09-27 17:00:00,electricity,2.657,kWh
2024-09-27 17:00:00,water,42.305,L
2024-09-27 18:00:00,electricity,2.36,kWh
2024-09-27 18:00:00,water,32.339,L
2024-09-27 19:00:00,electricity,2.291,kWh
2024-09-27 19:00:00,water,30.611,L
2024-09-27 20:00:00,electricity,2.668,kWh
2024-09-27 20:00:00,water,34.229,L
2024-09-27 21:00:00,electricity,2.088,kWh
2024-09-27 21:00:00,water,25.322,L
2024-09-27 22:00:00,electricity,1.378,kWh
2024-09-27 22:00:00,water,25.78,L
2024-09-27 23:00:00,electricity,1.139,kWh
2024-09-27 23:00:00,water,20.003,L
2024-09-28 00:00:00,electricity,0.478,kWh
2024-09-28 00:00:00,water,4.044,L
2024-09-28 01:00:00,electricity,0.421,kWh
2024-09-28 01:00:00,water,4.759,L
2024-09-28 02:00:00,electricity,0.487,kWh
2024-09-28 02:00:00,water,4.094,L
2024-09-28 03:00:00,electricity,0.453,kWh
2024-09-28 03:00:00,water,4.565,L
2024-09-28 04:00:00,electricity,0.379,kWh
2024-09-28 04:00:00,water,4.367,L
2024-09-28 05:00:00,electricity,0.494,kWh
2024-09-28 05:00:00,water,3.474,L
2024-09-28 06:00:00,electricity,1.622,kWh
2024-09-28 06:00:00,water,57.166,L
2024-09-28 07:00:00,electricity,1.528,kWh
2024-09-28 07:00:00,water,58.744,L
2024-09-28 08:00:00,electricity,1.297,kWh
2024-09-28 08:00:00,water,59.231,L
2024-09-28 09:00:00,electricity,1.361,kWh
2024-09-28 09:00:00,water,64.933,L
2024-09-28 10:00:00,electricity,1.096,kWh
2024-09-28 10:00:00,water,24.548,L
2024-09-28 11:00:00,electricity,1.004,kWh
2024-09-28 11:00:00,water,15.155,L
2024-09-28 12:00:00,electricity,1.263,kWh
2024-09-28 12:00:00,water,19.714,L
2024-09-28 13:00:00,electricity,1.096,kWh
2024-09-28 13:00:00,water,17.258,L
2024-09-28 14:00:00,electricity,0.788,kWh
2024-09-28 14:00:00,water,23.892,L
2024-09-28 15:00:00,electricity,1.117,kWh
2024-09-28 15:00:00,water,24.075,L
2024-09-28 16:00:00,electricity,1.042,kWh
2024-09-28 16:00:00,water,24.195,L
2024-09-28 17:00:00,electricity,1.929,kWh
2024-09-28 17:00:00,water,43.14,L
2024-09-28 18:00:00,electricity,1.872,kWh
2024-09-28 18:00:00,water,52.694,L
2024-09-28 19:00:00,electricity,2.101,kWh
2024-09-28 19:00:00,water,52.94,L
2024-09-28 20:00:00,electricity,2.162,kWh
2024-09-28 20:00:00,water,41.407,L
2024-09-28 21:00:00,electricity,1.999,kWh
2024-09-28 21:00:00,water,24.104,L
2024-09-28 22:00:00,electricity,1.043,kWh
2024-09-28 22:00:00,water,29.25,L
2024-09-28 23:00:00,electricity,1.076,kWh
2024-09-28 23:00:00,water,35.539,L
2024-09-29 00:00:00,electricity,0.433,kWh
2024-09-29 00:00:00,water,4.695,L
2024-09-29 01:00:00,electricity,0.397,kWh
2024-09-29 01:00:00,water,4.164,L
2024-09-29 02:00:00,electricity,0.457,kWh
2024-09-29 02:00:00,water,3.558,L
2024-09-29 03:00:00,electricity,0.452,kWh
2024-09-29 03:00:00,water,4.315,L
2024-09-29 04:00:00,electricity,0.499,kWh
2024-09-29 04:00:00,water,3.688,L
2024-09-29 05:00:00,electricity,0.486,kWh
2024-09-29 05:00:00,water,3.541,L
2024-09-29 06:00:00,electricity,1.308,kWh
2024-09-29 06:00:00,water,43.449,L
2024-09-29 07:00:00,electricity,1.519,kWh
2024-09-29 07:00:00,water,59.219,L
2024-09-29 08:00:00,electricity,1.27,kWh
2024-09-29 08:00:00,water,54.078,L
2024-09-29 09:00:00,electricity,1.502,kWh
2024-09-29 09:00:00,water,59.177,L
2024-09-29 10:00:00,electricity,1.024,kWh
2024-09-29 10:00:00,water,16.943,L
2024-09-29 11:00:00,electricity,0.969,kWh
2024-09-29 11:00:00,water,23.877,L
2024-09-29 12:00:00,electricity,1.11,kWh
2024-09-29 12:00:00,water,16.573,L
2024-09-29 13:00:00,electricity,0.791,kWh
2024-09-29 13:00:00,water,26.455,L
2024-09-29 14:00:00,electricity,0.891,kWh
2024-09-29 14:00:00,water,24.865,L
2024-09-29 15:00:00,electricity,1.061,kWh
2024-09-29 15:00:00,water,22.618,L
2024-09-29 16:00:00,electricity,1.089,kWh
2024-09-29 16:00:00,water,24.98,L
2024-09-29 17:00:00,electricity,1.872,kWh
2024-09-29 17:00:00,water,43.028,L
2024-09-29 18:00:00,electricity,1.637,kWh
2024-09-29 18:00:00,water,49.173,L
2024-09-29 19:00:00,electricity,1.785,kWh
2024-09-29 19:00:00,water,53.399,L
2024-09-29 20:00:00,electricity,2.02,kWh
2024-09-29 20:00:00,water,30.648,L
2024-09-29 21:00:00,electricity,2.057,kWh
2024-09-29 21:00:00,water,27.68,L
2024-09-29 22:00:00,electricity,1.078,kWh
2024-09-29 22:00:00,water,29.171,L
2024-09-29 23:00:00,electricity,1.205,kWh
2024-09-29 23:00:00,water,28.561,L
2024-09-30 00:00:00,electricity,0.549,kWh
2024-09-30 00:00:00,water,3.525,L
2024-09-30 01:00:00,electricity,0.489,kWh
2024-09-30 01:00:00,water,2.595,L
2024-09-30 02:00:00,electricity,0.513,kWh
2024-09-30 02:00:00,water,2.776,L
2024-09-30 03:00:00,electricity,0.454,kWh
2024-09-30 03:00:00,water,2.31,L
2024-09-30 04:00:00,electricity,0.522,kWh
2024-09-30 04:00:00,water,3.544,L
2024-09-30 05:00:00,electricity,0.587,kWh
2024-09-30 05:00:00,water,2.911,L
2024-09-30 06:00:00,electricity,1.834,kWh
2024-09-30 06:00:00,water,42.633,L
2024-09-30 07:00:00,electricity,1.957,kWh
2024-09-30 07:00:00,water,44.717,L
2024-09-30 08:00:00,electricity,1.664,kWh
2024-09-30 08:00:00,water,48.436,L
2024-09-30 09:00:00,electricity,1.947,kWh
2024-09-30 09:00:00,water,46.876,L
2024-09-30 10:00:00,electricity,1.294,kWh
2024-09-30 10:00:00,water,23.719,L
2024-09-30 11:00:00,electricity,1.514,kWh
2024-09-30 11:00:00,water,18.981,L
2024-09-30 12:00:00,electricity,1.317,kWh
2024-09-30 12:00:00,water,16.995,L
2024-09-30 13:00:00,electricity,1.413,kWh
2024-09-30 13:00:00,water,16.787,L
2024-09-30 14:00:00,electricity,1.515,kWh
2024-09-30 14:00:00,water,17.152,L
2024-09-30 15:00:00,electricity,1.294,kWh
2024-09-30 15:00:00,water,14.756,L
2024-09-30 16:00:00,electricity,1.349,kWh
2024-09-30 16:00:00,water,18.086,L
2024-09-30 17:00:00,electricity,2.682,kWh
2024-09-30 17:00:00,water,41.026,L
2024-09-30 18:00:00,electricity,2.344,kWh
2024-09-30 18:00:00,water,34.74,L
2024-09-30 19:00:00,electricity,2.062,kWh
2024-09-30 19:00:00,water,33.867,L
2024-09-30 20:00:00,electricity,2.885,kWh
2024-09-30 20:00:00,water,44.322,L
2024-09-30 21:00:00,electricity,2.264,kWh
2024-09-30 21:00:00,water,18.648,L
2024-09-30 22:00:00,electricity,1.341,kWh
2024-09-30 22:00:00,water,16.917,L
2024-09-30 23:00:00,electricity,1.473,kWh
2024-09-30 23:00:00,water,19.387,L
2024-10-01 00:00:00,electricity,0.496,kWh
2024-10-01 00:00:00,water,2.445,L
2024-10-01 01:00:00,electricity,0.475,kWh
2024-10-01 01:00:00,water,3.139,L
2024-10-01 02:00:00,electricity,0.541,kWh
2024-10-01 02:00:00,water,2.87,L
2024-10-01 03:00:00,electricity,0.433,kWh
2024-10-01 03:00:00,water,2.921,L
2024-10-01 04:00:00,electricity,0.513,kWh
2024-10-01 04:00:00,water,3.415,L
2024-10-01 05:00:00,electricity,0.541,kWh
2024-10-01 05:00:00,water,2.751,L
2024-10-01 06:00:00,electricity,1.67,kWh
2024-10-01 06:00:00,water,49.185,L
2024-10-01 07:00:00,electricity,1.451,kWh
2024-10-01 07:00:00,water,53.161,L
2024-10-01 08:00:00,electricity,1.99,kWh
2024-10-01 08:00:00,water,42.539,L
2024-10-01 09:00:00,electricity,1.734,kWh
2024-10-01 09:00:00,water,48.98,L
2024-10-01 10:00:00,electricity,1.509,kWh
2024-10-01 10:00:00,water,17.478,L
2024-10-01 11:00:00,electricity,1.286,kWh
2024-10-01 11:00:00,water,19.996,L
2024-10-01 12:00:00,electricity,1.204,kWh
2024-10-01 12:00:00,water,14.606,L
2024-10-01 13:00:00,electricity,1.356,kWh
2024-10-01 13:00:00,water,14.446,L
2024-10-01 14:00:00,electricity,1.292,kWh
2024-10-01 14:00:00,water,17.155,L
2024-10-01 15:00:00,electricity,1.165,kWh
2024-10-01 15:00:00,water,16.08,L
2024-10-01 16:00:00,electricity,1.514,kWh
2024-10-01 16:00:00,water,16.884,L
2024-10-01 17:00:00,electricity,2.228,kWh
2024-10-01 17:00:00,water,36.512,L
2024-10-01 18:00:00,electricity,1.939,kWh
2024-10-01 18:00:00,water,40.74,L
2024-10-01 19:00:00,electricity,2.692,kWh
2024-10-01 19:00:00,water,35.666,L
2024-10-01 20:00:00,electricity,2.256,kWh
2024-10-01 20:00:00,water,33.793,L
2024-10-01 21:00:00,electricity,2.232,kWh
2024-10-01 21:00:00,water,21.551,L
2024-10-01 22:00:00,electricity,1.087,kWh
2024-10-01 22:00:00,water,20.423,L
2024-10-01 23:00:00,electricity,1.55,kWh
2024-10-01 23:00:00,water,19.978,L
2024-10-02 00:00:00,electricity,0.46,kWh
2024-10-02 00:00:00,water,2.419,L
2024-10-02 01:00:00,electricity,0.531,kWh
2024-10-02 01:00:00,water,3.025,L
2024-10-02 02:00:00,electricity,0.576,kWh
2024-10-02 02:00:00,water,2.795,L
2024-10-02 03:00:00,electricity,0.55,kWh
2024-10-02 03:00:00,water,3.348,L
2024-10-02 04:00:00,electricity,0.525,kWh
2024-10-02 04:00:00,water,2.479,L
2024-10-02 05:00:00,electricity,0.438,kWh
2024-10-02 05:00:00,water,2.805,L
2024-10-02 06:00:00,electricity,1.577,kWh
2024-10-02 06:00:00,water,54.79,L
2024-10-02 07:00:00,electricity,1.748,kWh
2024-10-02 07:00:00,water,39.926,L
2024-10-02 08:00:00,electricity,1.581,kWh
2024-10-02 08:00:00,water,43.723,L
2024-10-02 09:00:00,electricity,1.751,kWh
2024-10-02 09:00:00,water,38.434,L
2024-10-02 10:00:00,electricity,1.41,kWh
2024-10-02 10:00:00,water,15.087,L
2024-10-02 11:00:00,electricity,1.447,kWh
2024-10-02 11:00:00,water,21.342,L
2024-10-02 12:00:00,electricity,1.158,kWh
2024-10-02 12:00:00,water,18.369,L
2024-10-02 13:00:00,electricity,1.61,kWh
2024-10-02 13:00:00,water,18.289,L
2024-10-02 14:00:00,electricity,1.421,kWh
2024-10-02 14:00:00,water,14.336,L
2024-10-02 15:00:00,electricity,1.32,kWh
2024-10-02 15:00:00,water,18.775,L
2024-10-02 16:00:00,electricity,1.464,kWh
2024-10-02 16:00:00,water,20.5,L
2024-10-02 17:00:00,electricity,2.938,kWh
2024-10-02 17:00:00,water,42.673,L
2024-10-02 18:00:00,electricity,2.034,kWh
2024-10-02 18:00:00,water,40.507,L
2024-10-02 19:00:00,electricity,2.322,kWh
2024-10-02 19:00:00,water,32.417,L
2024-10-02 20:00:00,electricity,1.811,kWh
2024-10-02 20:00:00,water,38.909,L
2024-10-02 21:00:00,electricity,2.422,kWh
2024-10-02 21:00:00,water,24.302,L
2024-10-02 22:00:00,electricity,1.368,kWh
2024-10-02 22:00:00,water,17.655,L
2024-10-02 23:00:00,electricity,1.315,kWh
2024-10-02 23:00:00,water,19.473,L
2024-10-03 00:00:00,electricity,0.493,kWh
2024-10-03 00:00:00,water,3.32,L
2024-10-03 01:00:00,electricity,0.42,kWh
2024-10-03 01:00:00,water,3.315,L
2024-10-03 02:00:00,electricity,0.548,kWh
2024-10-03 02:00:00,water,2.443,L
2024-10-03 03:00:00,electricity,0.605,kWh
2024-10-03 03:00:00,water,3.286,L
2024-10-03 04:00:00,electricity,0.497,kWh
2024-10-03 04:00:00,water,3.034,L
2024-10-03 05:00:00,electricity,0.551,kWh
2024-10-03 05:00:00,water,3.281,L
2024-10-03 06:00:00,electricity,1.447,kWh
2024-10-03 06:00:00,water,41.574,L
2024-10-03 07:00:00,electricity,1.794,kWh
2024-10-03 07:00:00,water,48.484,L
2024-10-03 08:00:00,electricity,1.648,kWh
2024-10-03 08:00:00,water,49.557,L
2024-10-03 09:00:00,electricity,1.585,kWh
2024-10-03 09:00:00,water,43.103,L
2024-10-03 10:00:00,electricity,1.22,kWh
2024-10-03 10:00:00,water,18.038,L
2024-10-03 11:00:00,electricity,1.268,kWh
2024-10-03 11:00:00,water,16.599,L
2024-10-03 12:00:00,electricity,1.37,kWh
2024-10-03 12:00:00,water,21.568,L
2024-10-03 13:00:00,electricity,1.147,kWh
2024-10-03 13:00:00,water,17.74,L
2024-10-03 14:00:00,electricity,1.268,kWh
2024-10-03 14:00:00,water,16.008,L
2024-10-03 15:00:00,electricity,1.315,kWh
2024-10-03 15:00:00,water,16.454,L
2024-10-03 16:00:00,electricity,1.175,kWh
2024-10-03 16:00:00,water,18.274,L
2024-10-03 17:00:00,electricity,2.803,kWh
2024-10-03 17:00:00,water,40.89,L
2024-10-03 18:00:00,electricity,2.173,kWh
2024-10-03 18:00:00,water,31.489,L
2024-10-03 19:00:00,electricity,2.217,kWh
2024-10-03 19:00:00,water,45.814,L
2024-10-03 20:00:00,electricity,2.144,kWh
2024-10-03 20:00:00,water,38.889,L
2024-10-03 21:00:00,electricity,2.803,kWh
2024-10-03 21:00:00,water,23.759,L
2024-10-03 22:00:00,electricity,1.393,kWh
2024-10-03 22:00:00,water,22.238,L
2024-10-03 23:00:00,electricity,1.196,kWh
2024-10-03 23:00:00,water,22.552,L
2024-10-04 00:00:00,electricity,0.586,kWh
2024-10-04 00:00:00,water,2.947,L
2024-10-04 01:00:00,electricity,0.539,kWh
2024-10-04 01:00:00,water,3.366,L
2024-10-04 02:00:00,electricity,0.542,kWh
2024-10-04 02:00:00,water,2.997,L
2024-10-04 03:00:00,electricity,0.51,kWh
2024-10-04 03:00:00,water,3.276,L
2024-10-04 04:00:00,electricity,0.488,kWh
2024-10-04 04:00:00,water,2.844,L
2024-10-04 05:00:00,electricity,0.546,kWh
2024-10-04 05:00:00,water,3.07,L
2024-10-04 06:00:00,electricity,1.622,kWh
2024-10-04 06:00:00,water,40.659,L
2024-10-04 07:00:00,electricity,2.028,kWh
2024-10-04 07:00:00,water,51.569,L
2024-10-04 08:00:00,electricity,1.498,kWh
2024-10-04 08:00:00,water,40.498,L
2024-10-04 09:00:00,electricity,1.98,kWh
2024-10-04 09:00:00,water,43.245,L
2024-10-04 10:00:00,electricity,1.305,kWh
2024-10-04 10:00:00,water,17.32,L
2024-10-04 11:00:00,electricity,1.359,kWh
2024-10-04 11:00:00,water,17.235,L
2024-10-04 12:00:00,electricity,1.43,kWh
2024-10-04 12:00:00,water,19.561,L
2024-10-04 13:00:00,electricity,1.237,kWh
2024-10-04 13:00:00,water,17.316,L
2024-10-04 14:00:00,electricity,1.434,kWh
2024-10-04 14:00:00,water,21.011,L
2024-10-04 15:00:00,electricity,0.963,kWh
2024-10-04 15:00:00,water,16.232,L
2024-10-04 16:00:00,electricity,1.225,kWh
2024-10-04 16:00:00,water,18.366,L
2024-10-04 17:00:00,electricity,2.156,kWh
2024-10-04 17:00:00,water,34.009,L
2024-10-04 18:00:00,electricity,2.078,kWh
2024-10-04 18:00:00,water,39.394,L
2024-10-04 19:00:00,electricity,2.325,kWh
2024-10-04 19:00:00,water,37.428,L
2024-10-04 20:00:00,electricity,2.468,kWh
2024-10-04 20:00:00,water,36.802,L
2024-10-04 21:00:00,electricity,2.543,kWh
2024-10-04 21:00:00,water,25.709,L
2024-10-04 22:00:00,electricity,1.352,kWh
2024-10-04 22:00:00,water,20.733,L
2024-10-04 23:00:00,electricity,1.232,kWh
2024-10-04 23:00:00,water,24.084,L
2024-10-05 00:00:00,electricity,0.448,kWh
2024-10-05 00:00:00,water,3.54,L
2024-10-05 01:00:00,electricity,0.437,kWh
2024-10-05 01:00:00,water,3.953,L
2024-10-05 02:00:00,electricity,0.472,kWh
2024-10-05 02:00:00,water,3.34,L
2024-10-05 03:00:00,electricity,0.466,kWh
2024-10-05 03:00:00,water,3.59,L
2024-10-05 04:00:00,electricity,0.433,kWh
2024-10-05 04:00:00,water,3.862,L
2024-10-05 05:00:00,electricity,0.393,kWh
2024-10-05 05:00:00,water,4.749,L
2024-10-05 06:00:00,electricity,1.312,kWh
2024-10-05 06:00:00,water,59.208,L
2024-10-05 07:00:00,electricity,1.327,kWh
2024-10-05 07:00:00,water,70.116,L
2024-10-05 08:00:00,electricity,1.36,kWh
2024-10-05 08:00:00,water,60.047,L
2024-10-05 09:00:00,electricity,1.442,kWh
2024-10-05 09:00:00,water,55.783,L
2024-10-05 10:00:00,electricity,1.157,kWh
2024-10-05 10:00:00,water,27.723,L
2024-10-05 11:00:00,electricity,1.074,kWh
2024-10-05 11:00:00,water,24.627,L
2024-10-05 12:00:00,electricity,1.082,kWh
2024-10-05 12:00:00,water,21.595,L
2024-10-05 13:00:00,electricity,1.095,kWh
2024-10-05 13:00:00,water,24.721,L
2024-10-05 14:00:00,electricity,1.024,kWh
2024-10-05 14:00:00,water,22.578,L
2024-10-05 15:00:00,electricity,0.98,kWh
2024-10-05 15:00:00,water,17.815,L
2024-10-05 16:00:00,electricity,0.89,kWh
2024-10-05 16:00:00,water,26.028,L
2024-10-05 17:00:00,electricity,1.809,kWh
2024-10-05 17:00:00,water,55.155,L
2024-10-05 18:00:00,electricity,2.036,kWh
2024-10-05 18:00:00,water,59.502,L
2024-10-05 19:00:00,electricity,1.807,kWh
2024-10-05 19:00:00,water,51.22,L
2024-10-05 20:00:00,electricity,1.898,kWh
2024-10-05 20:00:00,water,47.295,L
2024-10-05 21:00:00,electricity,2.035,kWh
2024-10-05 21:00:00,water,32.181,L
2024-10-05 22:00:00,electricity,1.136,kWh
2024-10-05 22:00:00,water,32.233,L
2024-10-05 23:00:00,electricity,0.963,kWh
2024-10-05 23:00:00,water,35.0,L
2024-10-06 00:00:00,electricity,0.475,kWh
2024-10-06 00:00:00,water,3.879,L
2024-10-06 01:00:00,electricity,0.481,kWh
2024-10-06 01:00:00,water,3.823,L
2024-10-06 02:00:00,electricity,0.383,kWh
2024-10-06 02:00:00,water,3.565,L
2024-10-06 03:00:00,electricity,0.396,kWh
2024-10-06 03:00:00,water,4.152,L
2024-10-06 04:00:00,electricity,0.483,kWh
2024-10-06 04:00:00,water,3.175,L
2024-10-06 05:00:00,electricity,0.426,kWh
2024-10-06 05:00:00,water,4.263,L
2024-10-06 06:00:00,electricity,1.092,kWh
2024-10-06 06:00:00,water,62.627,L
2024-10-06 07:00:00,electricity,1.207,kWh
2024-10-06 07:00:00,water,62.607,L
2024-10-06 08:00:00,electricity,1.369,kWh
2024-10-06 08:00:00,water,59.47,L
2024-10-06 09:00:00,electricity,1.241,kWh
2024-10-06 09:00:00,water,69.262,L
2024-10-06 10:00:00,electricity,1.035,kWh
2024-10-06 10:00:00,water,25.849,L
2024-10-06 11:00:00,electricity,1.083,kWh
2024-10-06 11:00:00,water,21.695,L
2024-10-06 12:00:00,electricity,1.238,kWh
2024-10-06 12:00:00,water,21.746,L
2024-10-06 13:00:00,electricity,1.049,kWh
2024-10-06 13:00:00,water,20.93,L
2024-10-06 14:00:00,electricity,1.196,kWh
2024-10-06 14:00:00,water,24.948,L
2024-10-06 15:00:00,electricity,1.234,kWh
2024-10-06 15:00:00,water,20.592,L
2024-10-06 16:00:00,electricity,1.235,kWh
2024-10-06 16:00:00,water,26.442,L
2024-10-06 17:00:00,electricity,1.999,kWh
2024-10-06 17:00:00,water,56.489,L
2024-10-06 18:00:00,electricity,1.562,kWh
2024-10-06 18:00:00,water,43.608,L
2024-10-06 19:00:00,electricity,2.034,kWh
2024-10-06 19:00:00,water,47.665,L
2024-10-06 20:00:00,electricity,2.148,kWh
2024-10-06 20:00:00,water,48.847,L
2024-10-06 21:00:00,electricity,1.928,kWh
2024-10-06 21:00:00,water,32.353,L
2024-10-06 22:00:00,electricity,1.268,kWh
2024-10-06 22:00:00,water,34.899,L
2024-10-06 23:00:00,electricity,1.173,kWh
2024-10-06 23:00:00,water,23.334,L
2024-10-07 00:00:00,electricity,0.558,kWh
2024-10-07 00:00:00,water,2.885,L
2024-10-07 01:00:00,electricity,0.585,kWh
2024-10-07 01:00:00,water,2.904,L
2024-10-07 02:00:00,electricity,0.546,kWh
2024-10-07 02:00:00,water,2.496,L
2024-10-07 03:00:00,electricity,0.396,kWh
2024-10-07 03:00:00,water,2.825,L
2024-10-07 04:00:00,electricity,0.502,kWh
2024-10-07 04:00:00,water,3.154,L
2024-10-07 05:00:00,electricity,0.591,kWh
2024-10-07 05:00:00,water,2.9,L
2024-10-07 06:00:00,electricity,1.577,kWh
2024-10-07 06:00:00,water,36.659,L
2024-10-07 07:00:00,electricity,1.678,kWh
2024-10-07 07:00:00,water,60.52,L
2024-10-07 08:00:00,electricity,1.537,kWh
2024-10-07 08:00:00,water,46.437,L
2024-10-07 09:00:00,electricity,2.022,kWh
2024-10-07 09:00:00,water,45.603,L
2024-10-07 10:00:00,electricity,1.542,kWh
2024-10-07 10:00:00,water,15.628,L
2024-10-07 11:00:00,electricity,1.203,kWh
2024-10-07 11:00:00,water,18.563,L
2024-10-07 12:00:00,electricity,1.339,kWh
2024-10-07 12:00:00,water,17.645,L
2024-10-07 13:00:00,electricity,1.23,kWh
2024-10-07 13:00:00,water,13.921,L
2024-10-07 14:00:00,electricity,1.401,kWh
2024-10-07 14:00:00,water,15.688,L
2024-10-07 15:00:00,electricity,1.387,kWh
2024-10-07 15:00:00,water,19.717,L
2024-10-07 16:00:00,electricity,1.427,kWh
2024-10-07 16:00:00,water,22.199,L
2024-10-07 17:00:00,electricity,2.455,kWh
2024-10-07 17:00:00,water,39.152,L
2024-10-07 18:00:00,electricity,3.073,kWh
2024-10-07 18:00:00,water,42.464,L
2024-10-07 19:00:00,electricity,2.132,kWh
2024-10-07 19:00:00,water,36.799,L
2024-10-07 20:00:00,electricity,1.97,kWh
2024-10-07 20:00:00,water,37.111,L
2024-10-07 21:00:00,electricity,2.283,kWh
2024-10-07 21:00:00,water,25.446,L
2024-10-07 22:00:00,electricity,1.113,kWh
2024-10-07 22:00:00,water,26.989,L
2024-10-07 23:00:00,electricity,1.123,kWh
2024-10-07 23:00:00,water,26.013,L
2024-10-08 00:00:00,electricity,0.475,kWh
2024-10-08 00:00:00,water,2.616,L
2024-10-08 01:00:00,electricity,0.479,kWh
2024-10-08 01:00:00,water,2.976,L
2024-10-08 02:00:00,electricity,0.478,kWh
2024-10-08 02:00:00,water,3.1,L
2024-10-08 03:00:00,electricity,0.555,kWh
2024-10-08 03:00:00,water,2.907,L
2024-10-08 04:00:00,electricity,0.501,kWh
2024-10-08 04:00:00,water,3.14,L
2024-10-08 05:00:00,electricity,0.519,kWh
2024-10-08 05:00:00,water,3.295,L
2024-10-08 06:00:00,electricity,1.869,kWh
2024-10-08 06:00:00,water,50.415,L
2024-10-08 07:00:00,electricity,1.584,kWh
2024-10-08 07:00:00,water,54.104,L
2024-10-08 08:00:00,electricity,1.671,kWh
2024-10-08 08:00:00,water,43.221,L
2024-10-08 09:00:00,electricity,1.779,kWh
2024-10-08 09:00:00,water,37.634,L
2024-10-08 10:00:00,electricity,1.064,kWh
2024-10-08 10:00:00,water,18.774,L
2024-10-08 11:00:00,electricity,1.005,kWh
2024-10-08 11:00:00,water,22.069,L
2024-10-08 12:00:00,electricity,1.366,kWh
2024-10-08 12:00:00,water,16.97,L
2024-10-08 13:00:00,electricity,1.385,kWh
2024-10-08 13:00:00,water,19.484,L
2024-10-08 14:00:00,electricity,1.592,kWh
2024-10-08 14:00:00,water,19.503,L
2024-10-08 15:00:00,electricity,1.341,kWh
2024-10-08 15:00:00,water,18.414,L
2024-10-08 16:00:00,electricity,1.428,kWh
2024-10-08 16:00:00,water,18.015,L
2024-10-08 17:00:00,electricity,2.33,kWh
2024-10-08 17:00:00,water,33.345,L
2024-10-08 18:00:00,electricity,2.447,kWh
2024-10-08 18:00:00,water,27.233,L
2024-10-08 19:00:00,electricity,2.772,kWh
2024-10-08 19:00:00,water,32.497,L
2024-10-08 20:00:00,electricity,1.871,kWh
2024-10-08 20:00:00,water,35.744,L
2024-10-08 21:00:00,electricity,2.474,kWh
2024-10-08 21:00:00,water,25.463,L
2024-10-08 22:00:00,electricity,1.602,kWh
2024-10-08 22:00:00,water,22.222,L
2024-10-08 23:00:00,electricity,1.357,kWh
2024-10-08 23:00:00,water,21.099,L
2024-10-09 00:00:00,electricity,0.615,kWh
2024-10-09 00:00:00,water,2.679,L
2024-10-09 01:00:00,electricity,0.495,kWh
2024-10-09 01:00:00,water,3.236,L
2024-10-09 02:00:00,electricity,0.526,kWh
2024-10-09 02:00:00,water,3.489,L
2024-10-09 03:00:00,electricity,0.53,kWh
2024-10-09 03:00:00,water,3.383,L
2024-10-09 04:00:00,electricity,0.411,kWh
2024-10-09 04:00:00,water,3.218,L
2024-10-09 05:00:00,electricity,0.466,kWh
2024-10-09 05:00:00,water,2.469,L
2024-10-09 06:00:00,electricity,1.528,kWh
2024-10-09 06:00:00,water,43.101,L
2024-10-09 07:00:00,electricity,1.857,kWh
2024-10-09 07:00:00,water,55.515,L
2024-10-09 08:00:00,electricity,1.866,kWh
2024-10-09 08:00:00,water,51.059,L
2024-10-09 09:00:00,electricity,1.772,kWh
2024-10-09 09:00:00,water,36.697,L
2024-10-09 10:00:00,electricity,1.429,kWh
2024-10-09 10:00:00,water,17.88,L
2024-10-09 11:00:00,electricity,1.298,kWh
2024-10-09 11:00:00,water,18.784,L
2024-10-09 12:00:00,electricity,1.479,kWh
2024-10-09 12:00:00,water,16.354,L
2024-10-09 13:00:00,electricity,1.321,kWh
2024-10-09 13:00:00,water,13.012,L
2024-10-09 14:00:00,electricity,1.328,kWh
2024-10-09 14:00:00,water,18.213,L
2024-10-09 15:00:00,electricity,1.285,kWh
2024-10-09 15:00:00,water,16.298,L
2024-10-09 16:00:00,electricity,1.41,kWh
2024-10-09 16:00:00,water,16.307,L
2024-10-09 17:00:00,electricity,2.276,kWh
2024-10-09 17:00:00,water,35.904,L
2024-10-09 18:00:00,electricity,2.608,kWh
2024-10-09 18:00:00,water,36.898,L
2024-10-09 19:00:00,electricity,2.107,kWh
2024-10-09 19:00:00,water,37.459,L
2024-10-09 20:00:00,electricity,2.115,kWh
2024-10-09 20:00:00,water,33.522,L
2024-10-09 21:00:00,electricity,2.539,kWh
2024-10-09 21:00:00,water,21.905,L
2024-10-09 22:00:00,electricity,1.308,kWh
2024-10-09 22:00:00,water,17.755,L
2024-10-09 23:00:00,electricity,1.26,kWh
2024-10-09 23:00:00,water,23.34,L
2024-10-10 00:00:00,electricity,0.575,kWh
2024-10-10 00:00:00,water,1.972,L
2024-10-10 01:00:00,electricity,0.496,kWh
2024-10-10 01:00:00,water,2.896,L
2024-10-10 02:00:00,electricity,0.517,kWh
2024-10-10 02:00:00,water,3.331,L
2024-10-10 03:00:00,electricity,0.602,kWh
2024-10-10 03:00:00,water,2.619,L
2024-10-10 04:00:00,electricity,0.609,kWh
2024-10-10 04:00:00,water,3.258,L
2024-10-10 05:00:00,electricity,0.611,kWh
2024-10-10 05:00:00,water,3.416,L
2024-10-10 06:00:00,electricity,1.668,kWh
2024-10-10 06:00:00,water,27.137,L
2024-10-10 07:00:00,electricity,1.927,kWh
2024-10-10 07:00:00,water,44.183,L
2024-10-10 08:00:00,electricity,1.553,kWh
2024-10-10 08:00:00,water,29.471,L
2024-10-10 09:00:00,electricity,1.56,kWh
2024-10-10 09:00:00,water,44.362,L
2024-10-10 10:00:00,electricity,1.01,kWh
2024-10-10 10:00:00,water,17.985,L
2024-10-10 11:00:00,electricity,1.541,kWh
2024-10-10 11:00:00,water,12.638,L
2024-10-10 12:00:00,electricity,1.206,kWh
2024-10-10 12:00:00,water,22.158,L
2024-10-10 13:00:00,electricity,1.303,kWh
2024-10-10 13:00:00,water,18.618,L
2024-10-10 14:00:00,electricity,1.2,kWh
2024-10-10 14:00:00,water,16.166,L
2024-10-10 15:00:00,electricity,1.412,kWh
2024-10-10 15:00:00,water,21.165,L
2024-10-10 16:00:00,electricity,1.27,kWh
2024-10-10 16:00:00,water,14.121,L
2024-10-10 17:00:00,electricity,2.066,kWh
2024-10-10 17:00:00,water,31.969,L
2024-10-10 18:00:00,electricity,2.481,kWh
2024-10-10 18:00:00,water,27.152,L
2024-10-10 19:00:00,electricity,2.035,kWh
2024-10-10 19:00:00,water,45.605,L
2024-10-10 20:00:00,electricity,2.177,kWh
2024-10-10 20:00:00,water,38.996,L
2024-10-10 21:00:00,electricity,1.875,kWh
2024-10-10 21:00:00,water,24.28,L
2024-10-10 22:00:00,electricity,1.132,kWh
2024-10-10 22:00:00,water,23.313,L
2024-10-10 23:00:00,electricity,1.344,kWh
2024-10-10 23:00:00,water,24.049,L
2024-10-11 00:00:00,electricity,0.424,kWh
2024-10-11 00:00:00,water,3.028,L
2024-10-11 01:00:00,electricity,0.45,kWh
2024-10-11 01:00:00,water,3.098,L
2024-10-11 02:00:00,electricity,0.528,kWh
2024-10-11 02:00:00,water,3.039,L
2024-10-11 03:00:00,electricity,0.499,kWh
2024-10-11 03:00:00,water,2.781,L
2024-10-11 04:00:00,electricity,0.633,kWh
2024-10-11 04:00:00,water,2.983,L
2024-10-11 05:00:00,electricity,0.625,kWh
2024-10-11 05:00:00,water,3.098,L
2024-10-11 06:00:00,electricity,1.567,kWh
2024-10-11 06:00:00,water,45.597,L
2024-10-11 07:00:00,electricity,1.812,kWh
2024-10-11 07:00:00,water,37.02,L
2024-10-11 08:00:00,electricity,1.845,kWh
2024-10-11 08:00:00,water,37.737,L
2024-10-11 09:00:00,electricity,1.613,kWh
2024-10-11 09:00:00,water,50.847,L
2024-10-11 10:00:00,electricity,1.123,kWh
2024-10-11 10:00:00,water,17.337,L
2024-10-11 11:00:00,electricity,1.318,kWh
2024-10-11 11:00:00,water,19.263,L
2024-10-11 12:00:00,electricity,1.297,kWh
2024-10-11 12:00:00,water,15.641,L
2024-10-11 13:00:00,electricity,1.262,kWh
2024-10-11 13:00:00,water,14.818,L
2024-10-11 14:00:00,electricity,1.378,kWh
2024-10-11 14:00:00,water,16.178,L
2024-10-11 15:00:00,electricity,1.221,kWh
2024-10-11 15:00:00,water,17.519,L
2024-10-11 16:00:00,electricity,1.168,kWh
2024-10-11 16:00:00,water,16.563,L
2024-10-11 17:00:00,electricity,2.402,kWh
2024-10-11 17:00:00,water,43.323,L
2024-10-11 18:00:00,electricity,2.468,kWh
2024-10-11 18:00:00,water,38.308,L
2024-10-11 19:00:00,electricity,2.096,kWh
2024-10-11 19:00:00,water,45.82,L
2024-10-11 20:00:00,electricity,2.597,kWh
2024-10-11 20:00:00,water,39.32,L
2024-10-11 21:00:00,electricity,1.955,kWh
2024-10-11 21:00:00,water,15.986,L
2024-10-11 22:00:00,electricity,1.244,kWh
2024-10-11 22:00:00,water,25.351,L
2024-10-11 23:00:00,electricity,1.286,kWh
2024-10-11 23:00:00,water,18.424,L
2024-10-12 00:00:00,electricity,0.405,kWh
2024-10-12 00:00:00,water,4.008,L
2024-10-12 01:00:00,electricity,0.408,kWh
2024-10-12 01:00:00,water,3.537,L
2024-10-12 02:00:00,electricity,0.513,kWh
2024-10-12 02:00:00,water,4.903,L
2024-10-12 03:00:00,electricity,0.395,kWh
2024-10-12 03:00:00,water,4.574,L
2024-10-12 04:00:00,electricity,0.537,kWh
2024-10-12 04:00:00,water,3.553,L
2024-10-12 05:00:00,electricity,0.451,kWh
2024-10-12 05:00:00,water,3.84,L
2024-10-12 06:00:00,electricity,1.417,kWh
2024-10-12 06:00:00,water,60.217,L
2024-10-12 07:00:00,electricity,1.471,kWh
2024-10-12 07:00:00,water,64.561,L
2024-10-12 08:00:00,electricity,1.759,kWh
2024-10-12 08:00:00,water,58.705,L
2024-10-12 09:00:00,electricity,1.264,kWh
2024-10-12 09:00:00,water,51.305,L
2024-10-12 10:00:00,electricity,0.959,kWh
2024-10-12 10:00:00,water,21.385,L
2024-10-12 11:00:00,electricity,0.998,kWh
2024-10-12 11:00:00,water,23.387,L
2024-10-12 12:00:00,electricity,1.083,kWh
2024-10-12 12:00:00,water,26.866,L
2024-10-12 13:00:00,electricity,0.894,kWh
2024-10-12 13:00:00,water,24.601,L
2024-10-12 14:00:00,electricity,1.082,kWh
2024-10-12 14:00:00,water,21.228,L
2024-10-12 15:00:00,electricity,1.263,kWh
2024-10-12 15:00:00,water,25.221,L
2024-10-12 16:00:00,electricity,1.096,kWh
2024-10-12 16:00:00,water,22.313,L
2024-10-12 17:00:00,electricity,1.887,kWh
2024-10-12 17:00:00,water,53.959,L
2024-10-12 18:00:00,electricity,1.824,kWh
2024-10-12 18:00:00,water,63.533,L
2024-10-12 19:00:00,electricity,2.119,kWh
2024-10-12 19:00:00,water,46.651,L
2024-10-12 20:00:00,electricity,1.783,kWh
2024-10-12 20:00:00,water,53.439,L
2024-10-12 21:00:00,electricity,2.303,kWh
2024-10-12 21:00:00,water,26.634,L
2024-10-12 22:00:00,electricity,1.289,kWh
2024-10-12 22:00:00,water,28.856,L
2024-10-12 23:00:00,electricity,1.108,kWh
2024-10-12 23:00:00,water,29.354,L
2024-10-13 00:00:00,electricity,0.432,kWh
2024-10-13 00:00:00,water,3.809,L
2024-10-13 01:00:00,electricity,0.477,kWh
2024-10-13 01:00:00,water,5.053,L
2024-10-13 02:00:00,electricity,0.479,kWh
2024-10-13 02:00:00,water,3.757,L
2024-10-13 03:00:00,electricity,0.397,kWh
2024-10-13 03:00:00,water,4.175,L
2024-10-13 04:00:00,electricity,0.409,kWh
2024-10-13 04:00:00,water,2.997,L
2024-10-13 05:00:00,electricity,0.375,kWh
2024-10-13 05:00:00,water,4.102,L
2024-10-13 06:00:00,electricity,1.461,kWh
2024-10-13 06:00:00,water,66.517,L
2024-10-13 07:00:00,electricity,1.498,kWh
2024-10-13 07:00:00,water,54.796,L
2024-10-13 08:00:00,electricity,1.214,kWh
2024-10-13 08:00:00,water,40.878,L
2024-10-13 09:00:00,electricity,1.34,kWh
2024-10-13 09:00:00,water,58.229,L
2024-10-13 10:00:00,electricity,0.934,kWh
2024-10-13 10:00:00,water,23.448,L
2024-10-13 11:00:00,electricity,0.983,kWh
2024-10-13 11:00:00,water,25.433,L
2024-10-13 12:00:00,electricity,1.14,kWh
2024-10-13 12:00:00,water,29.047,L
2024-10-13 13:00:00,electricity,1.001,kWh
2024-10-13 13:00:00,water,22.333,L
2024-10-13 14:00:00,electricity,1.048,kWh
2024-10-13 14:00:00,water,20.996,L
2024-10-13 15:00:00,electricity,0.904,kWh
2024-10-13 15:00:00,water,20.123,L
2024-10-13 16:00:00,electricity,1.1,kWh
2024-10-13 16:00:00,water,23.956,L
2024-10-13 17:00:00,electricity,1.935,kWh
2024-10-13 17:00:00,water,51.554,L
2024-10-13 18:00:00,electricity,1.802,kWh
2024-10-13 18:00:00,water,45.558,L
2024-10-13 19:00:00,electricity,1.907,kWh
2024-10-13 19:00:00,water,53.305,L
2024-10-13 20:00:00,electricity,1.979,kWh
2024-10-13 20:00:00,water,51.472,L
2024-10-13 21:00:00,electricity,1.786,kWh
2024-10-13 21:00:00,water,29.402,L
2024-10-13 22:00:00,electricity,0.921,kWh
2024-10-13 22:00:00,water,26.083,L
2024-10-13 23:00:00,electricity,1.275,kWh
2024-10-13 23:00:00,water,27.559,L
2024-10-14 00:00:00,electricity,0.495,kWh
2024-10-14 00:00:00,water,2.125,L
2024-10-14 01:00:00,electricity,0.523,kWh
2024-10-14 01:00:00,water,3.085,L
2024-10-14 02:00:00,electricity,0.581,kWh
2024-10-14 02:00:00,water,3.009,L
2024-10-14 03:00:00,electricity,0.714,kWh
2024-10-14 03:00:00,water,3.068,L
2024-10-14 04:00:00,electricity,0.462,kWh
2024-10-14 04:00:00,water,3.182,L
2024-10-14 05:00:00,electricity,0.552,kWh
2024-10-14 05:00:00,water,3.139,L
2024-10-14 06:00:00,electricity,1.595,kWh
2024-10-14 06:00:00,water,44.404,L
2024-10-14 07:00:00,electricity,1.624,kWh
2024-10-14 07:00:00,water,45.263,L
2024-10-14 08:00:00,electricity,1.592,kWh
2024-10-14 08:00:00,water,37.417,L
2024-10-14 09:00:00,electricity,1.523,kWh
2024-10-14 09:00:00,water,41.848,L
2024-10-14 10:00:00,electricity,1.315,kWh
2024-10-14 10:00:00,water,18.109,L
2024-10-14 11:00:00,electricity,1.125,kWh
2024-10-14 11:00:00,water,16.411,L
2024-10-14 12:00:00,electricity,1.445,kWh
2024-10-14 12:00:00,water,19.858,L
2024-10-14 13:00:00,electricity,1.327,kWh
2024-10-14 13:00:00,water,16.577,L
2024-10-14 14:00:00,electricity,1.376,kWh
2024-10-14 14:00:00,water,18.467,L
2024-10-14 15:00:00,electricity,1.258,kWh
2024-10-14 15:00:00,water,18.252,L
2024-10-14 16:00:00,electricity,1.272,kWh
2024-10-14 16:00:00,water,19.612,L
2024-10-14 17:00:00,electricity,2.444,kWh
2024-10-14 17:00:00,water,41.554,L
2024-10-14 18:00:00,electricity,2.099,kWh
2024-10-14 18:00:00,water,40.623,L
2024-10-14 19:00:00,electricity,2.291,kWh
2024-10-14 19:00:00,water,28.023,L
2024-10-14 20:00:00,electricity,2.172,kWh
2024-10-14 20:00:00,water,42.874,L
2024-10-14 21:00:00,electricity,2.164,kWh
2024-10-14 21:00:00,water,26.624,L
2024-10-14 22:00:00,electricity,1.042,kWh
2024-10-14 22:00:00,water,21.198,L
2024-10-14 23:00:00,electricity,1.497,kWh
2024-10-14 23:00:00,water,23.139,L
2024-10-15 00:00:00,electricity,6.208,kWh
2024-10-15 00:00:00,water,2.679,L
2024-10-15 01:00:00,electricity,0.589,kWh
2024-10-15 01:00:00,water,2.299,L
2024-10-15 02:00:00,electricity,0.584,kWh
2024-10-15 02:00:00,water,2.734,L
2024-10-15 03:00:00,electricity,0.46,kWh
2024-10-15 03:00:00,water,2.806,L
2024-10-15 04:00:00,electricity,0.471,kWh
2024-10-15 04:00:00,water,2.872,L
2024-10-15 05:00:00,electricity,0.663,kWh
2024-10-15 05:00:00,water,2.655,L
2024-10-15 06:00:00,electricity,2.016,kWh
2024-10-15 06:00:00,water,41.04,L
2024-10-15 07:00:00,electricity,1.711,kWh
2024-10-15 07:00:00,water,44.941,L
2024-10-15 08:00:00,electricity,1.76,kWh
2024-10-15 08:00:00,water,40.841,L
2024-10-15 09:00:00,electricity,1.608,kWh
2024-10-15 09:00:00,water,47.935,L
2024-10-15 10:00:00,electricity,1.377,kWh
2024-10-15 10:00:00,water,19.472,L
2024-10-15 11:00:00,electricity,1.225,kWh
2024-10-15 11:00:00,water,23.142,L
2024-10-15 12:00:00,electricity,1.052,kWh
2024-10-15 12:00:00,water,20.431,L
2024-10-15 13:00:00,electricity,1.146,kWh
2024-10-15 13:00:00,water,18.525,L
2024-10-15 14:00:00,electricity,1.323,kWh
2024-10-15 14:00:00,water,16.66,L
2024-10-15 15:00:00,electricity,1.171,kWh
2024-10-15 15:00:00,water,18.634,L
2024-10-15 16:00:00,electricity,1.311,kWh
2024-10-15 16:00:00,water,18.705,L
2024-10-15 17:00:00,electricity,2.121,kWh
2024-10-15 17:00:00,water,35.19,L
2024-10-15 18:00:00,electricity,2.19,kWh
2024-10-15 18:00:00,water,41.027,L
2024-10-15 19:00:00,electricity,2.579,kWh
2024-10-15 19:00:00,water,31.209,L
2024-10-15 20:00:00,electricity,2.435,kWh
2024-10-15 20:00:00,water,36.4,L
2024-10-15 21:00:00,electricity,2.374,kWh
2024-10-15 21:00:00,water,24.001,L
2024-10-15 22:00:00,electricity,1.436,kWh
2024-10-15 22:00:00,water,21.724,L
2024-10-15 23:00:00,electricity,1.383,kWh
2024-10-15 23:00:00,water,21.942,L
2024-10-16 00:00:00,electricity,0.604,kWh
2024-10-16 00:00:00,water,2.95,L
2024-10-16 01:00:00,electricity,0.504,kWh
2024-10-16 01:00:00,water,2.699,L
2024-10-16 02:00:00,electricity,0.505,kWh
2024-10-16 02:00:00,water,3.423,L
2024-10-16 03:00:00,electricity,0.459,kWh
2024-10-16 03:00:00,water,2.634,L
2024-10-16 04:00:00,electricity,0.505,kWh
2024-10-16 04:00:00,water,3.115,L
2024-10-16 05:00:00,electricity,0.579,kWh
2024-10-16 05:00:00,water,3.149,L
2024-10-16 06:00:00,electricity,1.939,kWh
2024-10-16 06:00:00,water,39.877,L
2024-10-16 07:00:00,electricity,1.881,kWh
2024-10-16 07:00:00,water,45.395,L
2024-10-16 08:00:00,electricity,1.408,kWh
2024-10-16 08:00:00,water,40.088,L
2024-10-16 09:00:00,electricity,1.902,kWh
2024-10-16 09:00:00,water,52.512,L
2024-10-16 10:00:00,electricity,1.077,kWh
2024-10-16 10:00:00,water,15.54,L
2024-10-16 11:00:00,electricity,1.439,kWh
2024-10-16 11:00:00,water,16.588,L
2024-10-16 12:00:00,electricity,1.271,kWh
2024-10-16 12:00:00,water,15.356,L
2024-10-16 13:00:00,electricity,1.413,kWh
2024-10-16 13:00:00,water,15.067,L
2024-10-16 14:00:00,electricity,1.144,kWh
2024-10-16 14:00:00,water,21.437,L
2024-10-16 15:00:00,electricity,1.475,kWh
2024-10-16 15:00:00,water,19.172,L
2024-10-16 16:00:00,electricity,1.127,kWh
2024-10-16 16:00:00,water,18.303,L
2024-10-16 17:00:00,electricity,2.217,kWh
2024-10-16 17:00:00,water,34.545,L
2024-10-16 18:00:00,electricity,2.139,kWh
2024-10-16 18:00:00,water,41.584,L
2024-10-16 19:00:00,electricity,1.959,kWh
2024-10-16 19:00:00,water,33.791,L
2024-10-16 20:00:00,electricity,2.398,kWh
2024-10-16 20:00:00,water,41.071,L
2024-10-16 21:00:00,electricity,2.805,kWh
2024-10-16 21:00:00,water,20.144,L
2024-10-16 22:00:00,electricity,1.672,kWh
2024-10-16 22:00:00,water,20.76,L
2024-10-16 23:00:00,electricity,1.333,kWh
2024-10-16 23:00:00,water,24.547,L
2024-10-17 00:00:00,electricity,0.587,kWh
2024-10-17 00:00:00,water,3.311,L
2024-10-17 01:00:00,electricity,0.54,kWh
2024-10-17 01:00:00,water,3.215,L
2024-10-17 02:00:00,electricity,0.554,kWh
2024-10-17 02:00:00,water,2.622,L
2024-10-17 03:00:00,electricity,0.51,kWh
2024-10-17 03:00:00,water,2.839,L
2024-10-17 04:00:00,electricity,0.538,kWh
2024-10-17 04:00:00,water,3.056,L
2024-10-17 05:00:00,electricity,0.556,kWh
2024-10-17 05:00:00,water,2.694,L
2024-10-17 06:00:00,electricity,1.617,kWh
2024-10-17 06:00:00,water,52.403,L
2024-10-17 07:00:00,electricity,1.703,kWh
2024-10-17 07:00:00,water,32.029,L
2024-10-17 08:00:00,electricity,1.706,kWh
2024-10-17 08:00:00,water,40.795,L
2024-10-17 09:00:00,electricity,1.858,kWh
2024-10-17 09:00:00,water,42.248,L
2024-10-17 10:00:00,electricity,1.179,kWh
2024-10-17 10:00:00,water,11.857,L
2024-10-17 11:00:00,electricity,1.313,kWh
2024-10-17 11:00:00,water,14.984,L
2024-10-17 12:00:00,electricity,1.572,kWh
2024-10-17 12:00:00,water,19.351,L
2024-10-17 13:00:00,electricity,1.474,kWh
2024-10-17 13:00:00,water,18.065,L
2024-10-17 14:00:00,electricity,1.498,kWh
2024-10-17 14:00:00,water,21.398,L
2024-10-17 15:00:00,electricity,1.323,kWh
2024-10-17 15:00:00,water,21.338,L
2024-10-17 16:00:00,electricity,1.362,kWh
2024-10-17 16:00:00,water,18.935,L
2024-10-17 17:00:00,electricity,2.614,kWh
2024-10-17 17:00:00,water,38.91,L
2024-10-17 18:00:00,electricity,2.747,kWh
2024-10-17 18:00:00,water,37.797,L
2024-10-17 19:00:00,electricity,1.912,kWh
2024-10-17 19:00:00,water,25.552,L
2024-10-17 20:00:00,electricity,2.063,kWh
2024-10-17 20:00:00,water,31.224,L
2024-10-17 21:00:00,electricity,2.687,kWh
2024-10-17 21:00:00,water,22.772,L
2024-10-17 22:00:00,electricity,1.283,kWh
2024-10-17 22:00:00,water,24.163,L
2024-10-17 23:00:00,electricity,1.231,kWh
2024-10-17 23:00:00,water,23.282,L
2024-10-18 00:00:00,electricity,0.462,kWh
2024-10-18 00:00:00,water,2.679,L
2024-10-18 01:00:00,electricity,0.499,kWh
2024-10-18 01:00:00,water,3.337,L
2024-10-18 02:00:00,electricity,0.454,kWh
2024-10-18 02:00:00,water,3.534,L
2024-10-18 03:00:00,electricity,0.638,kWh
2024-10-18 03:00:00,water,3.338,L
2024-10-18 04:00:00,electricity,0.527,kWh
2024-10-18 04:00:00,water,3.356,L
2024-10-18 05:00:00,electricity,0.525,kWh
2024-10-18 05:00:00,water,2.799,L
2024-10-18 06:00:00,electricity,1.817,kWh
2024-10-18 06:00:00,water,50.81,L
2024-10-18 07:00:00,electricity,1.881,kWh
2024-10-18 07:00:00,water,45.787,L
2024-10-18 08:00:00,electricity,1.878,kWh
2024-10-18 08:00:00,water,47.762,L
2024-10-18 09:00:00,electricity,1.9,kWh
2024-10-18 09:00:00,water,46.973,L
2024-10-18 10:00:00,electricity,1.237,kWh
2024-10-18 10:00:00,water,17.738,L
2024-10-18 11:00:00,electricity,1.281,kWh
2024-10-18 11:00:00,water,16.142,L
2024-10-18 12:00:00,electricity,1.422,kWh
2024-10-18 12:00:00,water,17.823,L
2024-10-18 13:00:00,electricity,1.25,kWh
2024-10-18 13:00:00,water,20.131,L
2024-10-18 14:00:00,electricity,1.319,kWh
2024-10-18 14:00:00,water,17.046,L
2024-10-18 15:00:00,electricity,1.373,kWh
2024-10-18 15:00:00,water,19.93,L
2024-10-18 16:00:00,electricity,1.424,kWh
2024-10-18 16:00:00,water,19.592,L
2024-10-18 17:00:00,electricity,1.954,kWh
2024-10-18 17:00:00,water,36.155,L
2024-10-18 18:00:00,electricity,2.546,kWh
2024-10-18 18:00:00,water,43.75,L
2024-10-18 19:00:00,electricity,2.32,kWh
2024-10-18 19:00:00,water,35.9,L
2024-10-18 20:00:00,electricity,2.544,kWh
2024-10-18 20:00:00,water,44.293,L
2024-10-18 21:00:00,electricity,2.561,kWh
2024-10-18 21:00:00,water,23.672,L
2024-10-18 22:00:00,electricity,1.532,kWh
2024-10-18 22:00:00,water,22.457,L
2024-10-18 23:00:00,electricity,1.499,kWh
2024-10-18 23:00:00,water,20.103,L
2024-10-19 00:00:00,electricity,0.49,kWh
2024-10-19 00:00:00,water,3.859,L
2024-10-19 01:00:00,electricity,0.494,kWh
2024-10-19 01:00:00,water,3.805,L
2024-10-19 02:00:00,electricity,0.445,kWh
2024-10-19 02:00:00,water,3.311,L
2024-10-19 03:00:00,electricity,0.433,kWh
2024-10-19 03:00:00,water,3.798,L
2024-10-19 04:00:00,electricity,0.47,kWh
2024-10-19 04:00:00,water,3.524,L
2024-10-19 05:00:00,electricity,0.464,kWh
2024-10-19 05:00:00,water,4.174,L
2024-10-19 06:00:00,electricity,1.361,kWh
2024-10-19 06:00:00,water,67.67,L
2024-10-19 07:00:00,electricity,1.461,kWh
2024-10-19 07:00:00,water,49.887,L
2024-10-19 08:00:00,electricity,1.399,kWh
2024-10-19 08:00:00,water,70.52,L
2024-10-19 09:00:00,electricity,1.284,kWh
2024-10-19 09:00:00,water,57.598,L
2024-10-19 10:00:00,electricity,1.219,kWh
2024-10-19 10:00:00,water,20.662,L
2024-10-19 11:00:00,electricity,1.086,kWh
2024-10-19 11:00:00,water,25.528,L
2024-10-19 12:00:00,electricity,1.301,kWh
2024-10-19 12:00:00,water,22.146,L
2024-10-19 13:00:00,electricity,0.904,kWh
2024-10-19 13:00:00,water,23.17,L
2024-10-19 14:00:00,electricity,1.02,kWh
2024-10-19 14:00:00,water,22.265,L
2024-10-19 15:00:00,electricity,1.084,kWh
2024-10-19 15:00:00,water,21.107,L
2024-10-19 16:00:00,electricity,1.203,kWh
2024-10-19 16:00:00,water,25.433,L
2024-10-19 17:00:00,electricity,2.022,kWh
2024-10-19 17:00:00,water,47.075,L
2024-10-19 18:00:00,electricity,2.004,kWh
2024-10-19 18:00:00,water,40.346,L
2024-10-19 19:00:00,electricity,1.725,kWh
2024-10-19 19:00:00,water,51.974,L
2024-10-19 20:00:00,electricity,1.719,kWh
2024-10-19 20:00:00,water,41.697,L
2024-10-19 21:00:00,electricity,2.007,kWh
2024-10-19 21:00:00,water,25.202,L
2024-10-19 22:00:00,electricity,0.933,kWh
2024-10-19 22:00:00,water,33.436,L
2024-10-19 23:00:00,electricity,1.023,kWh
2024-10-19 23:00:00,water,25.051,L
2024-10-20 00:00:00,electricity,0.454,kWh
2024-10-20 00:00:00,water,2.816,L
2024-10-20 01:00:00,electricity,0.39,kWh
2024-10-20 01:00:00,water,4.191,L
2024-10-20 02:00:00,electricity,0.501,kWh
2024-10-20 02:00:00,water,3.758,L
2024-10-20 03:00:00,electricity,0.485,kWh
2024-10-20 03:00:00,water,3.798,L
2024-10-20 04:00:00,electricity,0.364,kWh
2024-10-20 04:00:00,water,3.753,L
2024-10-20 05:00:00,electricity,0.392,kWh
2024-10-20 05:00:00,water,4.008,L
2024-10-20 06:00:00,electricity,1.083,kWh
2024-10-20 06:00:00,water,53.216,L
2024-10-20 07:00:00,electricity,1.294,kWh
2024-10-20 07:00:00,water,68.862,L
2024-10-20 08:00:00,electricity,1.512,kWh
2024-10-20 08:00:00,water,48.137,L
2024-10-20 09:00:00,electricity,1.346,kWh
2024-10-20 09:00:00,water,61.623,L
2024-10-20 10:00:00,electricity,1.13,kWh
2024-10-20 10:00:00,water,25.203,L
2024-10-20 11:00:00,electricity,0.916,kWh
2024-10-20 11:00:00,water,21.267,L
2024-10-20 12:00:00,electricity,1.166,kWh
2024-10-20 12:00:00,water,20.525,L
2024-10-20 13:00:00,electricity,1.02,kWh
2024-10-20 13:00:00,water,26.256,L
2024-10-20 14:00:00,electricity,1.081,kWh
2024-10-20 14:00:00,water,20.618,L
2024-10-20 15:00:00,electricity,1.07,kWh
2024-10-20 15:00:00,water,21.696,L
2024-10-20 16:00:00,electricity,0.943,kWh
2024-10-20 16:00:00,water,25.892,L
2024-10-20 17:00:00,electricity,1.72,kWh
2024-10-20 17:00:00,water,48.953,L
2024-10-20 18:00:00,electricity,2.132,kWh
2024-10-20 18:00:00,water,38.237,L
2024-10-20 19:00:00,electricity,2.022,kWh
2024-10-20 19:00:00,water,58.97,L
2024-10-20 20:00:00,electricity,2.148,kWh
2024-10-20 20:00:00,water,45.649,L
2024-10-20 21:00:00,electricity,2.007,kWh
2024-10-20 21:00:00,water,27.836,L
2024-10-20 22:00:00,electricity,1.095,kWh
2024-10-20 22:00:00,water,30.148,L
2024-10-20 23:00:00,electricity,0.894,kWh
2024-10-20 23:00:00,water,31.444,L
2024-10-21 00:00:00,electricity,0.514,kWh
2024-10-21 00:00:00,water,3.706,L
2024-10-21 01:00:00,electricity,0.527,kWh
2024-10-21 01:00:00,water,2.402,L
2024-10-21 02:00:00,electricity,0.631,kWh
2024-10-21 02:00:00,water,3.297,L
2024-10-21 03:00:00,electricity,0.564,kWh
2024-10-21 03:00:00,water,3.267,L
2024-10-21 04:00:00,electricity,0.609,kWh
2024-10-21 04:00:00,water,2.951,L
2024-10-21 05:00:00,electricity,0.56,kWh
2024-10-21 05:00:00,water,3.283,L
2024-10-21 06:00:00,electricity,1.594,kWh
2024-10-21 06:00:00,water,50.045,L
2024-10-21 07:00:00,electricity,1.736,kWh
2024-10-21 07:00:00,water,37.537,L
2024-10-21 08:00:00,electricity,1.757,kWh
2024-10-21 08:00:00,water,54.449,L
2024-10-21 09:00:00,electricity,1.555,kWh
2024-10-21 09:00:00,water,36.583,L
2024-10-21 10:00:00,electricity,1.269,kWh
2024-10-21 10:00:00,water,15.548,L
2024-10-21 11:00:00,electricity,1.293,kWh
2024-10-21 11:00:00,water,17.435,L
2024-10-21 12:00:00,electricity,1.532,kWh
2024-10-21 12:00:00,water,22.158,L
2024-10-21 13:00:00,electricity,1.045,kWh
2024-10-21 13:00:00,water,17.334,L
2024-10-21 14:00:00,electricity,1.479,kWh
2024-10-21 14:00:00,water,17.931,L
2024-10-21 15:00:00,electricity,1.196,kWh
2024-10-21 15:00:00,water,21.093,L
2024-10-21 16:00:00,electricity,1.139,kWh
2024-10-21 16:00:00,water,17.351,L
2024-10-21 17:00:00,electricity,2.656,kWh
2024-10-21 17:00:00,water,32.197,L
2024-10-21 18:00:00,electricity,2.55,kWh
2024-10-21 18:00:00,water,35.622,L
2024-10-21 19:00:00,electricity,2.674,kWh
2024-10-21 19:00:00,water,43.669,L
2024-10-21 20:00:00,electricity,2.566,kWh
2024-10-21 20:00:00,water,37.819,L
2024-10-21 21:00:00,electricity,2.865,kWh
2024-10-21 21:00:00,water,27.713,L
2024-10-21 22:00:00,electricity,1.394,kWh
2024-10-21 22:00:00,water,24.492,L
2024-10-21 23:00:00,electricity,1.299,kWh
2024-10-21 23:00:00,water,20.759,L
2024-10-22 00:00:00,electricity,0.546,kWh
2024-10-22 00:00:00,water,3.018,L
2024-10-22 01:00:00,electricity,0.594,kWh
2024-10-22 01:00:00,water,2.693,L
2024-10-22 02:00:00,electricity,0.487,kWh
2024-10-22 02:00:00,water,2.759,L
2024-10-22 03:00:00,electricity,0.494,kWh
2024-10-22 03:00:00,water,4.612,L
2024-10-22 04:00:00,electricity,0.512,kWh
2024-10-22 04:00:00,water,3.367,L
2024-10-22 05:00:00,electricity,0.417,kWh
2024-10-22 05:00:00,water,3.31,L
2024-10-22 06:00:00,electricity,1.74,kWh
2024-10-22 06:00:00,water,41.635,L
2024-10-22 07:00:00,electricity,1.392,kWh
2024-10-22 07:00:00,water,53.476,L
2024-10-22 08:00:00,electricity,1.725,kWh
2024-10-22 08:00:00,water,50.937,L
2024-10-22 09:00:00,electricity,1.864,kWh
2024-10-22 09:00:00,water,55.161,L
2024-10-22 10:00:00,electricity,1.257,kWh
2024-10-22 10:00:00,water,21.96,L
2024-10-22 11:00:00,electricity,1.541,kWh
2024-10-22 11:00:00,water,14.805,L
2024-10-22 12:00:00,electricity,1.127,kWh
2024-10-22 12:00:00,water,15.603,L
2024-10-22 13:00:00,electricity,1.477,kWh
2024-10-22 13:00:00,water,15.832,L
2024-10-22 14:00:00,electricity,1.409,kWh
2024-10-22 14:00:00,water,15.961,L
2024-10-22 15:00:00,electricity,1.093,kWh
2024-10-22 15:00:00,water,18.699,L
2024-10-22 16:00:00,electricity,1.678,kWh
2024-10-22 16:00:00,water,16.776,L
2024-10-22 17:00:00,electricity,2.361,kWh
2024-10-22 17:00:00,water,46.827,L
2024-10-22 18:00:00,electricity,2.168,kWh
2024-10-22 18:00:00,water,46.071,L
2024-10-22 19:00:00,electricity,2.042,kWh
2024-10-22 19:00:00,water,37.471,L
2024-10-22 20:00:00,electricity,2.324,kWh
2024-10-22 20:00:00,water,46.299,L
2024-10-22 21:00:00,electricity,2.346,kWh
2024-10-22 21:00:00,water,26.518,L
2024-10-22 22:00:00,electricity,1.334,kWh
2024-10-22 22:00:00,water,21.283,L
2024-10-22 23:00:00,electricity,1.281,kWh
2024-10-22 23:00:00,water,17.075,L
2024-10-23 00:00:00,electricity,0.561,kWh
2024-10-23 00:00:00,water,2.922,L
2024-10-23 01:00:00,electricity,0.508,kWh
2024-10-23 01:00:00,water,2.768,L
2024-10-23 02:00:00,electricity,0.426,kWh
2024-10-23 02:00:00,water,3.074,L
2024-10-23 03:00:00,electricity,0.52,kWh
2024-10-23 03:00:00,water,3.032,L
2024-10-23 04:00:00,electricity,0.403,kWh
2024-10-23 04:00:00,water,3.023,L
2024-10-23 05:00:00,electricity,0.547,kWh
2024-10-23 05:00:00,water,3.189,L
2024-10-23 06:00:00,electricity,1.548,kWh
2024-10-23 06:00:00,water,38.452,L
2024-10-23 07:00:00,electricity,1.744,kWh
2024-10-23 07:00:00,water,47.221,L
2024-10-23 08:00:00,electricity,1.941,kWh
2024-10-23 08:00:00,water,42.626,L
2024-10-23 09:00:00,electricity,1.553,kWh
2024-10-23 09:00:00,water,46.08,L
2024-10-23 10:00:00,electricity,1.46,kWh
2024-10-23 10:00:00,water,20.068,L
2024-10-23 11:00:00,electricity,1.263,kWh
2024-10-23 11:00:00,water,15.355,L
2024-10-23 12:00:00,electricity,1.551,kWh
2024-10-23 12:00:00,water,17.392,L
2024-10-23 13:00:00,electricity,1.272,kWh
2024-10-23 13:00:00,water,17.744,L
2024-10-23 14:00:00,electricity,1.209,kWh
2024-10-23 14:00:00,water,16.889,L
2024-10-23 15:00:00,electricity,1.411,kWh
2024-10-23 15:00:00,water,19.944,L
2024-10-23 16:00:00,electricity,1.262,kWh
2024-10-23 16:00:00,water,16.444,L
2024-10-23 17:00:00,electricity,2.176,kWh
2024-10-23 17:00:00,water,35.001,L
2024-10-23 18:00:00,electricity,2.262,kWh
2024-10-23 18:00:00,water,34.305,L
2024-10-23 19:00:00,electricity,2.365,kWh
2024-10-23 19:00:00,water,42.414,L
2024-10-23 20:00:00,electricity,2.695,kWh
2024-10-23 20:00:00,water,35.284,L
2024-10-23 21:00:00,electricity,1.916,kWh
2024-10-23 21:00:00,water,23.742,L
2024-10-23 22:00:00,electricity,1.323,kWh
2024-10-23 22:00:00,water,27.834,L
2024-10-23 23:00:00,electricity,1.402,kWh
2024-10-23 23:00:00,water,22.298,L
2024-10-24 00:00:00,electricity,0.538,kWh
2024-10-24 00:00:00,water,3.4,L
2024-10-24 01:00:00,electricity,0.597,kWh
2024-10-24 01:00:00,water,3.602,L
2024-10-24 02:00:00,electricity,0.524,kWh
2024-10-24 02:00:00,water,3.37,L
2024-10-24 03:00:00,electricity,0.518,kWh
2024-10-24 03:00:00,water,2.994,L
2024-10-24 04:00:00,electricity,0.559,kWh
2024-10-24 04:00:00,water,3.231,L
2024-10-24 05:00:00,electricity,0.533,kWh
2024-10-24 05:00:00,water,2.537,L
2024-10-24 06:00:00,electricity,1.649,kWh
2024-10-24 06:00:00,water,40.788,L
2024-10-24 07:00:00,electricity,1.805,kWh
2024-10-24 07:00:00,water,41.735,L
2024-10-24 08:00:00,electricity,1.604,kWh
2024-10-24 08:00:00,water,57.099,L
2024-10-24 09:00:00,electricity,1.611,kWh
2024-10-24 09:00:00,water,40.612,L
2024-10-24 10:00:00,electricity,1.25,kWh
2024-10-24 10:00:00,water,16.213,L
2024-10-24 11:00:00,electricity,1.499,kWh
2024-10-24 11:00:00,water,15.745,L
2024-10-24 12:00:00,electricity,0.895,kWh
2024-10-24 12:00:00,water,19.209,L
2024-10-24 13:00:00,electricity,1.372,kWh
2024-10-24 13:00:00,water,18.308,L
2024-10-24 14:00:00,electricity,1.325,kWh
2024-10-24 14:00:00,water,20.347,L
2024-10-24 15:00:00,electricity,1.098,kWh
2024-10-24 15:00:00,water,19.45,L
2024-10-24 16:00:00,electricity,1.361,kWh
2024-10-24 16:00:00,water,15.018,L
2024-10-24 17:00:00,electricity,2.489,kWh
2024-10-24 17:00:00,water,33.867,L
2024-10-24 18:00:00,electricity,2.516,kWh
2024-10-24 18:00:00,water,43.644,L
2024-10-24 19:00:00,electricity,1.746,kWh
2024-10-24 19:00:00,water,36.585,L
2024-10-24 20:00:00,electricity,2.701,kWh
2024-10-24 20:00:00,water,42.844,L
2024-10-24 21:00:00,electricity,2.201,kWh
2024-10-24 21:00:00,water,22.096,L
2024-10-24 22:00:00,electricity,1.411,kWh
2024-10-24 22:00:00,water,19.887,L
2024-10-24 23:00:00,electricity,1.418,kWh
2024-10-24 23:00:00,water,21.681,L
2024-10-25 00:00:00,electricity,0.482,kWh
2024-10-25 00:00:00,water,2.652,L
2024-10-25 01:00:00,electricity,0.563,kWh
2024-10-25 01:00:00,water,2.796,L
2024-10-25 02:00:00,electricity,0.508,kWh
2024-10-25 02:00:00,water,3.072,L
2024-10-25 03:00:00,electricity,0.419,kWh
2024-10-25 03:00:00,water,3.184,L
2024-10-25 04:00:00,electricity,0.59,kWh
2024-10-25 04:00:00,water,2.428,L
2024-10-25 05:00:00,electricity,0.487,kWh
2024-10-25 05:00:00,water,2.994,L
2024-10-25 06:00:00,electricity,1.569,kWh
2024-10-25 06:00:00,water,41.832,L
2024-10-25 07:00:00,electricity,1.647,kWh
2024-10-25 07:00:00,water,41.499,L
2024-10-25 08:00:00,electricity,1.763,kWh
2024-10-25 08:00:00,water,45.716,L
2024-10-25 09:00:00,electricity,1.706,kWh
2024-10-25 09:00:00,water,42.028,L
2024-10-25 10:00:00,electricity,1.392,kWh
2024-10-25 10:00:00,water,20.985,L
2024-10-25 11:00:00,electricity,1.143,kWh
2024-10-25 11:00:00,water,20.566,L
2024-10-25 12:00:00,electricity,1.222,kWh
2024-10-25 12:00:00,water,20.553,L
2024-10-25 13:00:00,electricity,1.305,kWh
2024-10-25 13:00:00,water,16.931,L
2024-10-25 14:00:00,electricity,1.571,kWh
2024-10-25 14:00:00,water,15.921,L
2024-10-25 15:00:00,electricity,1.305,kWh
2024-10-25 15:00:00,water,18.177,L
2024-10-25 16:00:00,electricity,1.463,kWh
2024-10-25 16:00:00,water,17.675,L
2024-10-25 17:00:00,electricity,2.385,kWh
2024-10-25 17:00:00,water,34.76,L
2024-10-25 18:00:00,electricity,2.261,kWh
2024-10-25 18:00:00,water,32.209,L
2024-10-25 19:00:00,electricity,2.317,kWh
2024-10-25 19:00:00,water,37.313,L
2024-10-25 20:00:00,electricity,2.336,kWh
2024-10-25 20:00:00,water,35.682,L
2024-10-25 21:00:00,electricity,2.519,kWh
2024-10-25 21:00:00,water,24.359,L
2024-10-25 22:00:00,electricity,1.501,kWh
2024-10-25 22:00:00,water,24.296,L
2024-10-25 23:00:00,electricity,1.367,kWh
2024-10-25 23:00:00,water,25.472,L
2024-10-26 00:00:00,electricity,0.483,kWh
2024-10-26 00:00:00,water,3.311,L
2024-10-26 01:00:00,electricity,0.39,kWh
2024-10-26 01:00:00,water,4.088,L
2024-10-26 02:00:00,electricity,0.414,kWh
2024-10-26 02:00:00,water,3.56,L
2024-10-26 03:00:00,electricity,0.401,kWh
2024-10-26 03:00:00,water,3.329,L
2024-10-26 04:00:00,electricity,0.446,kWh
2024-10-26 04:00:00,water,3.699,L
2024-10-26 05:00:00,electricity,0.416,kWh
2024-10-26 05:00:00,water,4.4,L
2024-10-26 06:00:00,electricity,1.506,kWh
2024-10-26 06:00:00,water,55.886,L
2024-10-26 07:00:00,electricity,1.273,kWh
2024-10-26 07:00:00,water,69.489,L
2024-10-26 08:00:00,electricity,1.41,kWh
2024-10-26 08:00:00,water,62.353,L
2024-10-26 09:00:00,electricity,1.5,kWh
2024-10-26 09:00:00,water,55.733,L
2024-10-26 10:00:00,electricity,0.857,kWh
2024-10-26 10:00:00,water,26.657,L
2024-10-26 11:00:00,electricity,1.309,kWh
2024-10-26 11:00:00,water,24.651,L
2024-10-26 12:00:00,electricity,1.049,kWh
2024-10-26 12:00:00,water,20.781,L
2024-10-26 13:00:00,electricity,0.861,kWh
2024-10-26 13:00:00,water,28.62,L
2024-10-26 14:00:00,electricity,1.097,kWh
2024-10-26 14:00:00,water,24.129,L
2024-10-26 15:00:00,electricity,1.084,kWh
2024-10-26 15:00:00,water,23.453,L
2024-10-26 16:00:00,electricity,1.071,kWh
2024-10-26 16:00:00,water,20.998,L
2024-10-26 17:00:00,electricity,2.137,kWh
2024-10-26 17:00:00,water,55.65,L
2024-10-26 18:00:00,electricity,2.089,kWh
2024-10-26 18:00:00,water,51.776,L
2024-10-26 19:00:00,electricity,2.002,kWh
2024-10-26 19:00:00,water,52.431,L
2024-10-26 20:00:00,electricity,2.032,kWh
2024-10-26 20:00:00,water,45.781,L
2024-10-26 21:00:00,electricity,1.924,kWh
2024-10-26 21:00:00,water,32.178,L
2024-10-26 22:00:00,electricity,1.272,kWh
2024-10-26 22:00:00,water,32.45,L
2024-10-26 23:00:00,electricity,0.92,kWh
2024-10-26 23:00:00,water,26.903,L
2024-10-27 00:00:00,electricity,0.438,kWh
2024-10-27 00:00:00,water,3.237,L
2024-10-27 01:00:00,electricity,0.435,kWh
2024-10-27 01:00:00,water,4.172,L
2024-10-27 02:00:00,electricity,0.467,kWh
2024-10-27 02:00:00,water,3.164,L
2024-10-27 03:00:00,electricity,0.396,kWh
2024-10-27 03:00:00,water,3.971,L
2024-10-27 04:00:00,electricity,0.357,kWh
2024-10-27 04:00:00,water,3.691,L
2024-10-27 05:00:00,electricity,0.439,kWh
2024-10-27 05:00:00,water,4.47,L
2024-10-27 06:00:00,electricity,1.443,kWh
2024-10-27 06:00:00,water,55.742,L
2024-10-27 07:00:00,electricity,1.613,kWh
2024-10-27 07:00:00,water,66.273,L
2024-10-27 08:00:00,electricity,1.226,kWh
2024-10-27 08:00:00,water,54.89,L
2024-10-27 09:00:00,electricity,1.566,kWh
2024-10-27 09:00:00,water,65.52,L
2024-10-27 10:00:00,electricity,1.336,kWh
2024-10-27 10:00:00,water,29.185,L
2024-10-27 11:00:00,electricity,1.039,kWh
2024-10-27 11:00:00,water,20.401,L
2024-10-27 12:00:00,electricity,0.941,kWh
2024-10-27 12:00:00,water,24.22,L
2024-10-27 13:00:00,electricity,1.036,kWh
2024-10-27 13:00:00,water,31.119,L
2024-10-27 14:00:00,electricity,1.082,kWh
2024-10-27 14:00:00,water,23.587,L
2024-10-27 15:00:00,electricity,1.141,kWh
2024-10-27 15:00:00,water,23.574,L
2024-10-27 16:00:00,electricity,1.016,kWh
2024-10-27 16:00:00,water,25.614,L
2024-10-27 17:00:00,electricity,2.246,kWh
2024-10-27 17:00:00,water,48.99,L
2024-10-27 18:00:00,electricity,1.727,kWh
2024-10-27 18:00:00,water,38.763,L
2024-10-27 19:00:00,electricity,1.606,kWh
2024-10-27 19:00:00,water,55.374,L
2024-10-27 20:00:00,electricity,2.159,kWh
2024-10-27 20:00:00,water,37.033,L
2024-10-27 21:00:00,electricity,1.502,kWh
2024-10-27 21:00:00,water,27.787,L
2024-10-27 22:00:00,electricity,1.058,kWh
2024-10-27 22:00:00,water,33.488,L
2024-10-27 23:00:00,electricity,1.417,kWh
2024-10-27 23:00:00,water,27.999,L
2024-10-28 00:00:00,electricity,0.527,kWh
2024-10-28 00:00:00,water,2.75,L
2024-10-28 01:00:00,electricity,0.469,kWh
2024-10-28 01:00:00,water,3.317,L
2024-10-28 02:00:00,electricity,0.525,kWh
2024-10-28 02:00:00,water,2.694,L
2024-10-28 03:00:00,electricity,0.525,kWh
2024-10-28 03:00:00,water,2.56,L
2024-10-28 04:00:00,electricity,0.536,kWh
2024-10-28 04:00:00,water,3.099,L
2024-10-28 05:00:00,electricity,0.563,kWh
2024-10-28 05:00:00,water,2.934,L
2024-10-28 06:00:00,electricity,1.538,kWh
2024-10-28 06:00:00,water,38.284,L
2024-10-28 07:00:00,electricity,2.006,kWh
2024-10-28 07:00:00,water,48.44,L
2024-10-28 08:00:00,electricity,1.758,kWh
2024-10-28 08:00:00,water,47.508,L
2024-10-28 09:00:00,electricity,1.841,kWh
2024-10-28 09:00:00,water,43.057,L
2024-10-28 10:00:00,electricity,1.237,kWh
2024-10-28 10:00:00,water,17.371,L
2024-10-28 11:00:00,electricity,1.49,kWh
2024-10-28 11:00:00,water,19.016,L
2024-10-28 12:00:00,electricity,1.286,kWh
2024-10-28 12:00:00,water,20.571,L
2024-10-28 13:00:00,electricity,1.357,kWh
2024-10-28 13:00:00,water,17.389,L
2024-10-28 14:00:00,electricity,1.197,kWh
2024-10-28 14:00:00,water,19.414,L
2024-10-28 15:00:00,electricity,1.188,kWh
2024-10-28 15:00:00,water,19.221,L
2024-10-28 16:00:00,electricity,1.411,kWh
2024-10-28 16:00:00,water,19.899,L
2024-10-28 17:00:00,electricity,2.271,kWh
2024-10-28 17:00:00,water,37.677,L
2024-10-28 18:00:00,electricity,2.173,kWh
2024-10-28 18:00:00,water,33.395,L
2024-10-28 19:00:00,electricity,2.223,kWh
2024-10-28 19:00:00,water,35.419,L
2024-10-28 20:00:00,electricity,2.542,kWh
2024-10-28 20:00:00,water,39.043,L
2024-10-28 21:00:00,electricity,2.227,kWh
2024-10-28 21:00:00,water,27.41,L
2024-10-28 22:00:00,electricity,1.304,kWh
2024-10-28 22:00:00,water,21.193,L
2024-10-28 23:00:00,electricity,1.322,kWh
2024-10-28 23:00:00,water,24.673,L
2024-10-29 00:00:00,electricity,0.427,kWh
2024-10-29 00:00:00,water,2.882,L
2024-10-29 01:00:00,electricity,0.45,kWh
2024-10-29 01:00:00,water,3.04,L
2024-10-29 02:00:00,electricity,0.546,kWh
2024-10-29 02:00:00,water,3.546,L
2024-10-29 03:00:00,electricity,0.489,kWh
2024-10-29 03:00:00,water,3.275,L
2024-10-29 04:00:00,electricity,0.584,kWh
2024-10-29 04:00:00,water,2.553,L
2024-10-29 05:00:00,electricity,0.579,kWh
2024-10-29 05:00:00,water,2.794,L
2024-10-29 06:00:00,electricity,1.839,kWh
2024-10-29 06:00:00,water,51.784,L
2024-10-29 07:00:00,electricity,2.028,kWh
2024-10-29 07:00:00,water,45.766,L
2024-10-29 08:00:00,electricity,1.702,kWh
2024-10-29 08:00:00,water,38.796,L
2024-10-29 09:00:00,electricity,1.827,kWh
2024-10-29 09:00:00,water,40.578,L
2024-10-29 10:00:00,electricity,1.243,kWh
2024-10-29 10:00:00,water,19.52,L
2024-10-29 11:00:00,electricity,1.644,kWh
2024-10-29 11:00:00,water,20.148,L
2024-10-29 12:00:00,electricity,1.582,kWh
2024-10-29 12:00:00,water,18.039,L
2024-10-29 13:00:00,electricity,1.322,kWh
2024-10-29 13:00:00,water,23.347,L
2024-10-29 14:00:00,electricity,1.371,kWh
2024-10-29 14:00:00,water,19.78,L
2024-10-29 15:00:00,electricity,1.499,kWh
2024-10-29 15:00:00,water,17.474,L
2024-10-29 16:00:00,electricity,1.301,kWh
2024-10-29 16:00:00,water,16.238,L
2024-10-29 17:00:00,electricity,2.22,kWh
2024-10-29 17:00:00,water,33.113,L
2024-10-29 18:00:00,electricity,2.584,kWh
2024-10-29 18:00:00,water,39.009,L
2024-10-29 19:00:00,electricity,2.395,kWh
2024-10-29 19:00:00,water,35.301,L
2024-10-29 20:00:00,electricity,2.419,kWh
2024-10-29 20:00:00,water,45.032,L
2024-10-29 21:00:00,electricity,2.178,kWh
2024-10-29 21:00:00,water,26.459,L
2024-10-29 22:00:00,electricity,1.093,kWh
2024-10-29 22:00:00,water,24.209,L
2024-10-29 23:00:00,electricity,1.351,kWh
2024-10-29 23:00:00,water,19.317,L
2024-10-30 00:00:00,electricity,0.576,kWh
2024-10-30 00:00:00,water,2.758,L
2024-10-30 01:00:00,electricity,0.516,kWh
2024-10-30 01:00:00,water,3.452,L
2024-10-30 02:00:00,electricity,0.604,kWh
2024-10-30 02:00:00,water,2.797,L
2024-10-30 03:00:00,electricity,0.491,kWh
2024-10-30 03:00:00,water,3.404,L
2024-10-30 04:00:00,electricity,0.472,kWh
2024-10-30 04:00:00,water,3.171,L
2024-10-30 05:00:00,electricity,0.524,kWh
2024-10-30 05:00:00,water,3.019,L
2024-10-30 06:00:00,electricity,1.702,kWh
2024-10-30 06:00:00,water,41.205,L
2024-10-30 07:00:00,electricity,1.848,kWh
2024-10-30 07:00:00,water,44.491,L
2024-10-30 08:00:00,electricity,1.583,kWh
2024-10-30 08:00:00,water,46.024,L
2024-10-30 09:00:00,electricity,1.951,kWh
2024-10-30 09:00:00,water,50.576,L
2024-10-30 10:00:00,electricity,1.58,kWh
2024-10-30 10:00:00,water,16.087,L
2024-10-30 11:00:00,electricity,1.315,kWh
2024-10-30 11:00:00,water,17.432,L
2024-10-30 12:00:00,electricity,1.485,kWh
2024-10-30 12:00:00,water,18.097,L
2024-10-30 13:00:00,electricity,1.181,kWh
2024-10-30 13:00:00,water,19.431,L
2024-10-30 14:00:00,electricity,1.462,kWh
2024-10-30 14:00:00,water,16.038,L
2024-10-30 15:00:00,electricity,1.458,kWh
2024-10-30 15:00:00,water,15.156,L
2024-10-30 16:00:00,electricity,1.434,kWh
2024-10-30 16:00:00,water,19.456,L
2024-10-30 17:00:00,electricity,2.372,kWh
2024-10-30 17:00:00,water,30.669,L
2024-10-30 18:00:00,electricity,1.674,kWh
2024-10-30 18:00:00,water,43.282,L
2024-10-30 19:00:00,electricity,2.224,kWh
2024-10-30 19:00:00,water,36.798,L
2024-10-30 20:00:00,electricity,2.227,kWh
2024-10-30 20:00:00,water,30.536,L
2024-10-30 21:00:00,electricity,2.144,kWh
2024-10-30 21:00:00,water,21.203,L
2024-10-30 22:00:00,electricity,1.336,kWh
2024-10-30 22:00:00,water,23.524,L
2024-10-30 23:00:00,electricity,1.265,kWh
2024-10-30 23:00:00,water,21.062,L
2024-10-31 00:00:00,electricity,0.484,kWh
2024-10-31 00:00:00,water,3.007,L
2024-10-31 01:00:00,electricity,0.472,kWh
2024-10-31 01:00:00,water,3.266,L
2024-10-31 02:00:00,electricity,0.49,kWh
2024-10-31 02:00:00,water,2.927,L
2024-10-31 03:00:00,electricity,0.587,kWh
2024-10-31 03:00:00,water,2.663,L
2024-10-31 04:00:00,electricity,0.493,kWh
2024-10-31 04:00:00,water,2.892,L
2024-10-31 05:00:00,electricity,0.501,kWh
2024-10-31 05:00:00,water,3.509,L
2024-10-31 06:00:00,electricity,1.638,kWh
2024-10-31 06:00:00,water,54.099,L
2024-10-31 07:00:00,electricity,1.774,kWh
2024-10-31 07:00:00,water,34.092,L
2024-10-31 08:00:00,electricity,1.794,kWh
2024-10-31 08:00:00,water,50.892,L
2024-10-31 09:00:00,electricity,1.194,kWh
2024-10-31 09:00:00,water,46.351,L
2024-10-31 10:00:00,electricity,1.455,kWh
2024-10-31 10:00:00,water,19.996,L
2024-10-31 11:00:00,electricity,1.51,kWh
2024-10-31 11:00:00,water,16.811,L
2024-10-31 12:00:00,electricity,1.181,kWh
2024-10-31 12:00:00,water,14.181,L
2024-10-31 13:00:00,electricity,1.192,kWh
2024-10-31 13:00:00,water,19.262,L
2024-10-31 14:00:00,electricity,1.261,kWh
2024-10-31 14:00:00,water,15.967,L
2024-10-31 15:00:00,electricity,1.22,kWh
2024-10-31 15:00:00,water,15.001,L
2024-10-31 16:00:00,electricity,1.35,kWh
2024-10-31 16:00:00,water,15.152,L
2024-10-31 17:00:00,electricity,1.914,kWh
2024-10-31 17:00:00,water,40.204,L
2024-10-31 18:00:00,electricity,2.11,kWh
2024-10-31 18:00:00,water,38.128,L
2024-10-31 19:00:00,electricity,2.742,kWh
2024-10-31 19:00:00,water,41.021,L
2024-10-31 20:00:00,electricity,2.155,kWh
2024-10-31 20:00:00,water,40.511,L
2024-10-31 21:00:00,electricity,2.671,kWh
2024-10-31 21:00:00,water,21.363,L
2024-10-31 22:00:00,electricity,1.367,kWh
2024-10-31 22:00:00,water,22.31,L
2024-10-31 23:00:00,electricity,1.081,kWh
2024-10-31 23:00:00,water,21.119,L
2024-11-01 00:00:00,electricity,0.562,kWh
2024-11-01 00:00:00,water,2.924,L
2024-11-01 01:00:00,electricity,0.522,kWh
2024-11-01 01:00:00,water,2.652,L
2024-11-01 02:00:00,electricity,0.504,kWh
2024-11-01 02:00:00,water,3.141,L
2024-11-01 03:00:00,electricity,0.541,kWh
2024-11-01 03:00:00,water,3.387,L
2024-11-01 04:00:00,electricity,0.553,kWh
2024-11-01 04:00:00,water,2.706,L
2024-11-01 05:00:00,electricity,0.565,kWh
2024-11-01 05:00:00,water,3.461,L
2024-11-01 06:00:00,electricity,1.918,kWh
2024-11-01 06:00:00,water,45.613,L
2024-11-01 07:00:00,electricity,1.786,kWh
2024-11-01 07:00:00,water,46.302,L
2024-11-01 08:00:00,electricity,1.48,kWh
2024-11-01 08:00:00,water,35.823,L
2024-11-01 09:00:00,electricity,1.635,kWh
2024-11-01 09:00:00,water,35.241,L
2024-11-01 10:00:00,electricity,1.708,kWh
2024-11-01 10:00:00,water,18.311,L
2024-11-01 11:00:00,electricity,1.416,kWh
2024-11-01 11:00:00,water,19.706,L
2024-11-01 12:00:00,electricity,1.633,kWh
2024-11-01 12:00:00,water,16.55,L
2024-11-01 13:00:00,electricity,1.504,kWh
2024-11-01 13:00:00,water,21.607,L
2024-11-01 14:00:00,electricity,1.352,kWh
2024-11-01 14:00:00,water,19.587,L
2024-11-01 15:00:00,electricity,1.36,kWh
2024-11-01 15:00:00,water,16.038,L
2024-11-01 16:00:00,electricity,1.315,kWh
2024-11-01 16:00:00,water,18.067,L
2024-11-01 17:00:00,electricity,1.963,kWh
2024-11-01 17:00:00,water,48.646,L
2024-11-01 18:00:00,electricity,2.38,kWh
2024-11-01 18:00:00,water,31.908,L
2024-11-01 19:00:00,electricity,2.664,kWh
2024-11-01 19:00:00,water,39.877,L
2024-11-01 20:00:00,electricity,2.234,kWh
2024-11-01 20:00:00,water,36.048,L
2024-11-01 21:00:00,electricity,2.474,kWh
2024-11-01 21:00:00,water,24.409,L
2024-11-01 22:00:00,electricity,1.432,kWh
2024-11-01 22:00:00,water,25.922,L
2024-11-01 23:00:00,electricity,1.2,kWh
2024-11-01 23:00:00,water,21.457,L
2024-11-02 00:00:00,electricity,0.413,kWh
2024-11-02 00:00:00,water,4.424,L
2024-11-02 01:00:00,electricity,0.388,kWh
2024-11-02 01:00:00,water,4.94,L
2024-11-02 02:00:00,electricity,0.396,kWh
2024-11-02 02:00:00,water,3.931,L
2024-11-02 03:00:00,electricity,0.376,kWh
2024-11-02 03:00:00,water,4.267,L
2024-11-02 04:00:00,electricity,0.393,kWh
2024-11-02 04:00:00,water,3.624,L
2024-11-02 05:00:00,electricity,0.493,kWh
2024-11-02 05:00:00,water,3.909,L
2024-11-02 06:00:00,electricity,1.275,kWh
2024-11-02 06:00:00,water,57.26,L
2024-11-02 07:00:00,electricity,1.422,kWh
2024-11-02 07:00:00,water,64.094,L
2024-11-02 08:00:00,electricity,1.333,kWh
2024-11-02 08:00:00,water,66.957,L
2024-11-02 09:00:00,electricity,1.57,kWh
2024-11-02 09:00:00,water,57.73,L
2024-11-02 10:00:00,electricity,1.222,kWh
2024-11-02 10:00:00,water,27.706,L
2024-11-02 11:00:00,electricity,1.173,kWh
2024-11-02 11:00:00,water,27.696,L
2024-11-02 12:00:00,electricity,1.113,kWh
2024-11-02 12:00:00,water,25.778,L
2024-11-02 13:00:00,electricity,1.055,kWh
2024-11-02 13:00:00,water,21.951,L
2024-11-02 14:00:00,electricity,0.951,kWh
2024-11-02 14:00:00,water,21.682,L
2024-11-02 15:00:00,electricity,1.29,kWh
2024-11-02 15:00:00,water,21.119,L
2024-11-02 16:00:00,electricity,0.998,kWh
2024-11-02 16:00:00,water,26.065,L
2024-11-02 17:00:00,electricity,2.073,kWh
2024-11-02 17:00:00,water,41.661,L
2024-11-02 18:00:00,electricity,2.15,kWh
2024-11-02 18:00:00,water,52.71,L
2024-11-02 19:00:00,electricity,1.836,kWh
2024-11-02 19:00:00,water,42.426,L
2024-11-02 20:00:00,electricity,2.146,kWh
2024-11-02 20:00:00,water,53.568,L
2024-11-02 21:00:00,electricity,2.093,kWh
2024-11-02 21:00:00,water,29.31,L
2024-11-02 22:00:00,electricity,1.267,kWh
2024-11-02 22:00:00,water,33.931,L
2024-11-02 23:00:00,electricity,1.029,kWh
2024-11-02 23:00:00,water,33.257,L
2024-11-03 00:00:00,electricity,0.376,kWh
2024-11-03 00:00:00,water,4.572,L
2024-11-03 01:00:00,electricity,0.41,kWh
2024-11-03 01:00:00,water,4.584,L
2024-11-03 02:00:00,electricity,0.441,kWh
2024-11-03 02:00:00,water,3.967,L
2024-11-03 03:00:00,electricity,0.435,kWh
2024-11-03 03:00:00,water,3.358,L
2024-11-03 04:00:00,electricity,0.415,kWh
2024-11-03 04:00:00,water,3.407,L
2024-11-03 05:00:00,electricity,0.35,kWh
2024-11-03 05:00:00,water,2.923,L
2024-11-03 06:00:00,electricity,1.47,kWh
2024-11-03 06:00:00,water,50.893,L
2024-11-03 07:00:00,electricity,1.681,kWh
2024-11-03 07:00:00,water,58.983,L
2024-11-03 08:00:00,electricity,1.469,kWh
2024-11-03 08:00:00,water,54.571,L
2024-11-03 09:00:00,electricity,1.49,kWh
2024-11-03 09:00:00,water,57.235,L
2024-11-03 10:00:00,electricity,1.142,kWh
2024-11-03 10:00:00,water,24.784,L
2024-11-03 11:00:00,electricity,1.123,kWh
2024-11-03 11:00:00,water,22.546,L
2024-11-03 12:00:00,electricity,1.181,kWh
2024-11-03 12:00:00,water,20.25,L
2024-11-03 13:00:00,electricity,1.123,kWh
2024-11-03 13:00:00,water,23.251,L
2024-11-03 14:00:00,electricity,1.046,kWh
2024-11-03 14:00:00,water,20.877,L
2024-11-03 15:00:00,electricity,0.994,kWh
2024-11-03 15:00:00,water,22.64,L
2024-11-03 16:00:00,electricity,1.053,kWh
2024-11-03 16:00:00,water,27.171,L
2024-11-03 17:00:00,electricity,2.005,kWh
2024-11-03 17:00:00,water,47.168,L
2024-11-03 18:00:00,electricity,1.883,kWh
2024-11-03 18:00:00,water,59.11,L
2024-11-03 19:00:00,electricity,2.005,kWh
2024-11-03 19:00:00,water,57.125,L
2024-11-03 20:00:00,electricity,2.029,kWh
2024-11-03 20:00:00,water,45.361,L
2024-11-03 21:00:00,electricity,2.106,kWh
2024-11-03 21:00:00,water,25.35,L
2024-11-03 22:00:00,electricity,1.219,kWh
2024-11-03 22:00:00,water,29.066,L
2024-11-03 23:00:00,electricity,1.088,kWh
2024-11-03 23:00:00,water,33.298,L
2024-11-04 00:00:00,electricity,0.459,kWh
2024-11-04 00:00:00,water,2.824,L
2024-11-04 01:00:00,electricity,0.51,kWh
2024-11-04 01:00:00,water,3.327,L
2024-11-04 02:00:00,electricity,0.53,kWh
2024-11-04 02:00:00,water,3.435,L
2024-11-04 03:00:00,electricity,0.431,kWh
2024-11-04 03:00:00,water,2.721,L
2024-11-04 04:00:00,electricity,0.601,kWh
2024-11-04 04:00:00,water,2.757,L
2024-11-04 05:00:00,electricity,0.536,kWh
2024-11-04 05:00:00,water,3.257,L
2024-11-04 06:00:00,electricity,1.781,kWh
2024-11-04 06:00:00,water,45.82,L
2024-11-04 07:00:00,electricity,1.95,kWh
2024-11-04 07:00:00,water,41.295,L
2024-11-04 08:00:00,electricity,1.608,kWh
2024-11-04 08:00:00,water,43.098,L
2024-11-04 09:00:00,electricity,1.815,kWh
2024-11-04 09:00:00,water,44.619,L
2024-11-04 10:00:00,electricity,1.305,kWh
2024-11-04 10:00:00,water,14.62,L
2024-11-04 11:00:00,electricity,1.296,kWh
2024-11-04 11:00:00,water,19.654,L
2024-11-04 12:00:00,electricity,1.218,kWh
2024-11-04 12:00:00,water,16.966,L
2024-11-04 13:00:00,electricity,1.54,kWh
2024-11-04 13:00:00,water,11.987,L
2024-11-04 14:00:00,electricity,1.27,kWh
2024-11-04 14:00:00,water,17.948,L
2024-11-04 15:00:00,electricity,1.412,kWh
2024-11-04 15:00:00,water,16.398,L
2024-11-04 16:00:00,electricity,1.072,kWh
2024-11-04 16:00:00,water,21.648,L
2024-11-04 17:00:00,electricity,2.656,kWh
2024-11-04 17:00:00,water,34.865,L
2024-11-04 18:00:00,electricity,2.626,kWh
2024-11-04 18:00:00,water,32.561,L
2024-11-04 19:00:00,electricity,2.399,kWh
2024-11-04 19:00:00,water,39.786,L
2024-11-04 20:00:00,electricity,2.322,kWh
2024-11-04 20:00:00,water,34.528,L
2024-11-04 21:00:00,electricity,2.471,kWh
2024-11-04 21:00:00,water,20.395,L
2024-11-04 22:00:00,electricity,1.622,kWh
2024-11-04 22:00:00,water,23.876,L
2024-11-04 23:00:00,electricity,1.087,kWh
2024-11-04 23:00:00,water,19.691,L
2024-11-05 00:00:00,electricity,0.569,kWh
2024-11-05 00:00:00,water,2.475,L
2024-11-05 01:00:00,electricity,0.48,kWh
2024-11-05 01:00:00,water,3.621,L
2024-11-05 02:00:00,electricity,0.527,kWh
2024-11-05 02:00:00,water,3.209,L
2024-11-05 03:00:00,electricity,0.515,kWh
2024-11-05 03:00:00,water,2.905,L
2024-11-05 04:00:00,electricity,0.505,kWh
2024-11-05 04:00:00,water,2.999,L
2024-11-05 05:00:00,electricity,0.527,kWh
2024-11-05 05:00:00,water,3.182,L
2024-11-05 06:00:00,electricity,1.521,kWh
2024-11-05 06:00:00,water,50.256,L
2024-11-05 07:00:00,electricity,1.893,kWh
2024-11-05 07:00:00,water,40.918,L
2024-11-05 08:00:00,electricity,1.408,kWh
2024-11-05 08:00:00,water,46.977,L
2024-11-05 09:00:00,electricity,1.809,kWh
2024-11-05 09:00:00,water,42.264,L
2024-11-05 10:00:00,electricity,1.277,kWh
2024-11-05 10:00:00,water,17.592,L
2024-11-05 11:00:00,electricity,1.165,kWh
2024-11-05 11:00:00,water,18.347,L
2024-11-05 12:00:00,electricity,1.347,kWh
2024-11-05 12:00:00,water,88.036,L
2024-11-05 13:00:00,electricity,1.114,kWh
2024-11-05 13:00:00,water,19.589,L
2024-11-05 14:00:00,electricity,1.325,kWh
2024-11-05 14:00:00,water,19.052,L
2024-11-05 15:00:00,electricity,1.132,kWh
2024-11-05 15:00:00,water,14.742,L
2024-11-05 16:00:00,electricity,1.381,kWh
2024-11-05 16:00:00,water,15.067,L
2024-11-05 17:00:00,electricity,2.156,kWh
2024-11-05 17:00:00,water,35.836,L
2024-11-05 18:00:00,electricity,2.269,kWh
2024-11-05 18:00:00,water,45.729,L
2024-11-05 19:00:00,electricity,2.446,kWh
2024-11-05 19:00:00,water,33.668,L
2024-11-05 20:00:00,electricity,2.192,kWh
2024-11-05 20:00:00,water,36.563,L
2024-11-05 21:00:00,electricity,2.362,kWh
2024-11-05 21:00:00,water,21.052,L
2024-11-05 22:00:00,electricity,1.12,kWh
2024-11-05 22:00:00,water,21.004,L
2024-11-05 23:00:00,electricity,1.403,kWh
2024-11-05 23:00:00,water,22.981,L
2024-11-06 00:00:00,electricity,0.621,kWh
2024-11-06 00:00:00,water,3.504,L
2024-11-06 01:00:00,electricity,0.675,kWh
2024-11-06 01:00:00,water,3.164,L
2024-11-06 02:00:00,electricity,0.533,kWh
2024-11-06 02:00:00,water,2.711,L
2024-11-06 03:00:00,electricity,0.57,kWh
2024-11-06 03:00:00,water,3.991,L
2024-11-06 04:00:00,electricity,0.434,kWh
2024-11-06 04:00:00,water,3.028,L
2024-11-06 05:00:00,electricity,0.607,kWh
2024-11-06 05:00:00,water,2.792,L
2024-11-06 06:00:00,electricity,1.849,kWh
2024-11-06 06:00:00,water,52.625,L
2024-11-06 07:00:00,electricity,1.633,kWh
2024-11-06 07:00:00,water,42.467,L
2024-11-06 08:00:00,electricity,1.928,kWh
2024-11-06 08:00:00,water,53.98,L
2024-11-06 09:00:00,electricity,1.672,kWh
2024-11-06 09:00:00,water,40.299,L
2024-11-06 10:00:00,electricity,1.26,kWh
2024-11-06 10:00:00,water,21.089,L
2024-11-06 11:00:00,electricity,1.383,kWh
2024-11-06 11:00:00,water,18.434,L
2024-11-06 12:00:00,electricity,1.18,kWh
2024-11-06 12:00:00,water,20.789,L
2024-11-06 13:00:00,electricity,1.455,kWh
2024-11-06 13:00:00,water,22.108,L
2024-11-06 14:00:00,electricity,1.181,kWh
2024-11-06 14:00:00,water,15.554,L
2024-11-06 15:00:00,electricity,1.181,kWh
2024-11-06 15:00:00,water,20.756,L
2024-11-06 16:00:00,electricity,1.2,kWh
2024-11-06 16:00:00,water,14.957,L
2024-11-06 17:00:00,electricity,2.556,kWh
2024-11-06 17:00:00,water,32.788,L
2024-11-06 18:00:00,electricity,2.229,kWh
2024-11-06 18:00:00,water,33.885,L
2024-11-06 19:00:00,electricity,2.056,kWh
2024-11-06 19:00:00,water,39.766,L
2024-11-06 20:00:00,electricity,2.232,kWh
2024-11-06 20:00:00,water,37.649,L
2024-11-06 21:00:00,electricity,2.368,kWh
2024-11-06 21:00:00,water,22.049,L
2024-11-06 22:00:00,electricity,1.164,kWh
2024-11-06 22:00:00,water,22.895,L
2024-11-06 23:00:00,electricity,1.168,kWh
2024-11-06 23:00:00,water,24.096,L
2024-11-07 00:00:00,electricity,0.639,kWh
2024-11-07 00:00:00,water,3.241,L
2024-11-07 01:00:00,electricity,0.483,kWh
2024-11-07 01:00:00,water,3.394,L
2024-11-07 02:00:00,electricity,0.511,kWh
2024-11-07 02:00:00,water,3.655,L
2024-11-07 03:00:00,electricity,0.509,kWh
2024-11-07 03:00:00,water,2.992,L
2024-11-07 04:00:00,electricity,0.506,kWh
2024-11-07 04:00:00,water,2.812,L
2024-11-07 05:00:00,electricity,0.561,kWh
2024-11-07 05:00:00,water,3.221,L
2024-11-07 06:00:00,electricity,1.879,kWh
2024-11-07 06:00:00,water,38.821,L
2024-11-07 07:00:00,electricity,1.663,kWh
2024-11-07 07:00:00,water,41.335,L
2024-11-07 08:00:00,electricity,1.504,kWh
2024-11-07 08:00:00,water,50.397,L
2024-11-07 09:00:00,electricity,1.935,kWh
2024-11-07 09:00:00,water,44.33,L
2024-11-07 10:00:00,electricity,1.307,kWh
2024-11-07 10:00:00,water,15.39,L
2024-11-07 11:00:00,electricity,1.548,kWh
2024-11-07 11:00:00,water,14.782,L
2024-11-07 12:00:00,electricity,1.024,kWh
2024-11-07 12:00:00,water,18.105,L
2024-11-07 13:00:00,electricity,1.346,kWh
2024-11-07 13:00:00,water,20.466,L
2024-11-07 14:00:00,electricity,1.573,kWh
2024-11-07 14:00:00,water,20.438,L
2024-11-07 15:00:00,electricity,1.273,kWh
2024-11-07 15:00:00,water,18.24,L
2024-11-07 16:00:00,electricity,1.29,kWh
2024-11-07 16:00:00,water,22.339,L
2024-11-07 17:00:00,electricity,2.446,kWh
2024-11-07 17:00:00,water,37.028,L
2024-11-07 18:00:00,electricity,2.243,kWh
2024-11-07 18:00:00,water,36.876,L
2024-11-07 19:00:00,electricity,2.302,kWh
2024-11-07 19:00:00,water,25.947,L
2024-11-07 20:00:00,electricity,2.296,kWh
2024-11-07 20:00:00,water,35.487,L
2024-11-07 21:00:00,electricity,2.227,kWh
2024-11-07 21:00:00,water,24.8,L
2024-11-07 22:00:00,electricity,1.482,kWh
2024-11-07 22:00:00,water,26.723,L
2024-11-07 23:00:00,electricity,1.381,kWh
2024-11-07 23:00:00,water,20.258,L
2024-11-08 00:00:00,electricity,0.541,kWh
2024-11-08 00:00:00,water,3.166,L
2024-11-08 01:00:00,electricity,0.571,kWh
2024-11-08 01:00:00,water,3.377,L
2024-11-08 02:00:00,electricity,0.514,kWh
2024-11-08 02:00:00,water,3.004,L
2024-11-08 03:00:00,electricity,0.487,kWh
2024-11-08 03:00:00,water,2.178,L
2024-11-08 04:00:00,electricity,0.496,kWh
2024-11-08 04:00:00,water,3.089,L
2024-11-08 05:00:00,electricity,0.528,kWh
2024-11-08 05:00:00,water,3.274,L
2024-11-08 06:00:00,electricity,1.534,kWh
2024-11-08 06:00:00,water,39.884,L
2024-11-08 07:00:00,electricity,1.63,kWh
2024-11-08 07:00:00,water,43.628,L
2024-11-08 08:00:00,electricity,1.627,kWh
2024-11-08 08:00:00,water,38.76,L
2024-11-08 09:00:00,electricity,2.081,kWh
2024-11-08 09:00:00,water,31.121,L
2024-11-08 10:00:00,electricity,0.954,kWh
2024-11-08 10:00:00,water,20.218,L
2024-11-08 11:00:00,electricity,1.296,kWh
2024-11-08 11:00:00,water,17.992,L
2024-11-08 12:00:00,electricity,1.548,kWh
2024-11-08 12:00:00,water,21.451,L
2024-11-08 13:00:00,electricity,1.336,kWh
2024-11-08 13:00:00,water,19.852,L
2024-11-08 14:00:00,electricity,1.419,kWh
2024-11-08 14:00:00,water,17.235,L
2024-11-08 15:00:00,electricity,1.333,kWh
2024-11-08 15:00:00,water,17.82,L
2024-11-08 16:00:00,electricity,1.232,kWh
2024-11-08 16:00:00,water,19.223,L
2024-11-08 17:00:00,electricity,1.843,kWh
2024-11-08 17:00:00,water,41.851,L
2024-11-08 18:00:00,electricity,2.425,kWh
2024-11-08 18:00:00,water,38.952,L
2024-11-08 19:00:00,electricity,2.192,kWh
2024-11-08 19:00:00,water,42.475,L
2024-11-08 20:00:00,electricity,2.186,kWh
2024-11-08 20:00:00,water,36.165,L
2024-11-08 21:00:00,electricity,2.257,kWh
2024-11-08 21:00:00,water,19.808,L
2024-11-08 22:00:00,electricity,1.55,kWh
2024-11-08 22:00:00,water,22.325,L
2024-11-08 23:00:00,electricity,1.637,kWh
2024-11-08 23:00:00,water,23.054,L
2024-11-09 00:00:00,electricity,0.441,kWh
2024-11-09 00:00:00,water,3.338,L
2024-11-09 01:00:00,electricity,0.412,kWh
2024-11-09 01:00:00,water,3.274,L
2024-11-09 02:00:00,electricity,0.381,kWh
2024-11-09 02:00:00,water,4.109,L
2024-11-09 03:00:00,electricity,0.452,kWh
2024-11-09 03:00:00,water,3.71,L
2024-11-09 04:00:00,electricity,0.509,kWh
2024-11-09 04:00:00,water,3.822,L
2024-11-09 05:00:00,electricity,0.421,kWh
2024-11-09 05:00:00,water,3.732,L
2024-11-09 06:00:00,electricity,1.07,kWh
2024-11-09 06:00:00,water,69.175,L
2024-11-09 07:00:00,electricity,1.498,kWh
2024-11-09 07:00:00,water,67.358,L
2024-11-09 08:00:00,electricity,1.542,kWh
2024-11-09 08:00:00,water,49.814,L
2024-11-09 09:00:00,electricity,1.181,kWh
2024-11-09 09:00:00,water,54.76,L
2024-11-09 10:00:00,electricity,1.099,kWh
2024-11-09 10:00:00,water,25.787,L
2024-11-09 11:00:00,electricity,1.129,kWh
2024-11-09 11:00:00,water,25.09,L
2024-11-09 12:00:00,electricity,1.072,kWh
2024-11-09 12:00:00,water,23.284,L
2024-11-09 13:00:00,electricity,0.995,kWh
2024-11-09 13:00:00,water,20.206,L
2024-11-09 14:00:00,electricity,1.19,kWh
2024-11-09 14:00:00,water,21.483,L
2024-11-09 15:00:00,electricity,1.036,kWh
2024-11-09 15:00:00,water,21.949,L
2024-11-09 16:00:00,electricity,0.92,kWh
2024-11-09 16:00:00,water,24.178,L
2024-11-09 17:00:00,electricity,1.546,kWh
2024-11-09 17:00:00,water,58.717,L
2024-11-09 18:00:00,electricity,2.189,kWh
2024-11-09 18:00:00,water,44.732,L
2024-11-09 19:00:00,electricity,2.064,kWh
2024-11-09 19:00:00,water,42.748,L
2024-11-09 20:00:00,electricity,1.961,kWh
2024-11-09 20:00:00,water,48.115,L
2024-11-09 21:00:00,electricity,1.858,kWh
2024-11-09 21:00:00,water,32.871,L
2024-11-09 22:00:00,electricity,1.023,kWh
2024-11-09 22:00:00,water,24.171,L
2024-11-09 23:00:00,electricity,0.964,kWh
2024-11-09 23:00:00,water,34.352,L
2024-11-10 00:00:00,electricity,0.413,kWh
2024-11-10 00:00:00,water,3.819,L
2024-11-10 01:00:00,electricity,0.34,kWh
2024-11-10 01:00:00,water,3.556,L
2024-11-10 02:00:00,electricity,0.4,kWh
2024-11-10 02:00:00,water,3.151,L
2024-11-10 03:00:00,electricity,0.419,kWh
2024-11-10 03:00:00,water,4.231,L
2024-11-10 04:00:00,electricity,0.458,kWh
2024-11-10 04:00:00,water,3.82,L
2024-11-10 05:00:00,electricity,0.046,kWh
2024-11-10 05:00:00,water,3.98,L
2024-11-10 06:00:00,electricity,1.516,kWh
2024-11-10 06:00:00,water,52.176,L
2024-11-10 07:00:00,electricity,1.593,kWh
2024-11-10 07:00:00,water,56.26,L
2024-11-10 08:00:00,electricity,1.553,kWh
2024-11-10 08:00:00,water,55.084,L
2024-11-10 09:00:00,electricity,1.47,kWh
2024-11-10 09:00:00,water,57.794,L
2024-11-10 10:00:00,electricity,1.081,kWh
2024-11-10 10:00:00,water,21.52,L
2024-11-10 11:00:00,electricity,0.974,kWh
2024-11-10 11:00:00,water,19.092,L
2024-11-10 12:00:00,electricity,1.16,kWh
2024-11-10 12:00:00,water,31.062,L
2024-11-10 13:00:00,electricity,1.261,kWh
2024-11-10 13:00:00,water,19.572,L
2024-11-10 14:00:00,electricity,1.117,kWh
2024-11-10 14:00:00,water,23.91,L
2024-11-10 15:00:00,electricity,1.287,kWh
2024-11-10 15:00:00,water,18.424,L
2024-11-10 16:00:00,electricity,0.915,kWh
2024-11-10 16:00:00,water,17.792,L
2024-11-10 17:00:00,electricity,1.72,kWh
2024-11-10 17:00:00,water,49.322,L
2024-11-10 18:00:00,electricity,2.11,kWh
2024-11-10 18:00:00,water,49.77,L
2024-11-10 19:00:00,electricity,1.995,kWh
2024-11-10 19:00:00,water,56.13,L
2024-11-10 20:00:00,electricity,2.199,kWh
2024-11-10 20:00:00,water,51.087,L
2024-11-10 21:00:00,electricity,1.941,kWh
2024-11-10 21:00:00,water,28.724,L
2024-11-10 22:00:00,electricity,0.986,kWh
2024-11-10 22:00:00,water,25.917,L
2024-11-10 23:00:00,electricity,1.057,kWh
2024-11-10 23:00:00,water,34.512,L
2024-11-11 00:00:00,electricity,0.447,kWh
2024-11-11 00:00:00,water,3.334,L
2024-11-11 01:00:00,electricity,0.468,kWh
2024-11-11 01:00:00,water,2.551,L
2024-11-11 02:00:00,electricity,0.579,kWh
2024-11-11 02:00:00,water,3.014,L
2024-11-11 03:00:00,electricity,0.574,kWh
2024-11-11 03:00:00,water,3.052,L
2024-11-11 04:00:00,electricity,0.547,kWh
2024-11-11 04:00:00,water,2.876,L
2024-11-11 05:00:00,electricity,0.437,kWh
2024-11-11 05:00:00,water,3.278,L
2024-11-11 06:00:00,electricity,1.654,kWh
2024-11-11 06:00:00,water,49.491,L
2024-11-11 07:00:00,electricity,1.506,kWh
2024-11-11 07:00:00,water,43.971,L
2024-11-11 08:00:00,electricity,1.918,kWh
2024-11-11 08:00:00,water,43.483,L
2024-11-11 09:00:00,electricity,1.616,kWh
2024-11-11 09:00:00,water,53.094,L
2024-11-11 10:00:00,electricity,1.177,kWh
2024-11-11 10:00:00,water,20.015,L
2024-11-11 11:00:00,electricity,1.324,kWh
2024-11-11 11:00:00,water,18.156,L
2024-11-11 12:00:00,electricity,1.235,kWh
2024-11-11 12:00:00,water,14.481,L
2024-11-11 13:00:00,electricity,1.516,kWh
2024-11-11 13:00:00,water,18.743,L
2024-11-11 14:00:00,electricity,1.223,kWh
2024-11-11 14:00:00,water,19.508,L
2024-11-11 15:00:00,electricity,1.135,kWh
2024-11-11 15:00:00,water,12.05,L
2024-11-11 16:00:00,electricity,1.036,kWh
2024-11-11 16:00:00,water,18.544,L
2024-11-11 17:00:00,electricity,2.369,kWh
2024-11-11 17:00:00,water,35.625,L
2024-11-11 18:00:00,electricity,2.242,kWh
2024-11-11 18:00:00,water,36.506,L
2024-11-11 19:00:00,electricity,2.036,kWh
2024-11-11 19:00:00,water,33.417,L
2024-11-11 20:00:00,electricity,2.659,kWh
2024-11-11 20:00:00,water,36.833,L
2024-11-11 21:00:00,electricity,2.535,kWh
2024-11-11 21:00:00,water,26.258,L
2024-11-11 22:00:00,electricity,1.316,kWh
2024-11-11 22:00:00,water,21.295,L
2024-11-11 23:00:00,electricity,1.5,kWh
2024-11-11 23:00:00,water,25.107,L
2024-11-12 00:00:00,electricity,0.563,kWh
2024-11-12 00:00:00,water,2.71,L
2024-11-12 01:00:00,electricity,0.485,kWh
2024-11-12 01:00:00,water,3.273,L
2024-11-12 02:00:00,electricity,0.473,kWh
2024-11-12 02:00:00,water,3.001,L
2024-11-12 03:00:00,electricity,0.571,kWh
2024-11-12 03:00:00,water,3.127,L
2024-11-12 04:00:00,electricity,0.549,kWh
2024-11-12 04:00:00,water,3.003,L
2024-11-12 05:00:00,electricity,0.537,kWh
2024-11-12 05:00:00,water,3.231,L
2024-11-12 06:00:00,electricity,1.571,kWh
2024-11-12 06:00:00,water,31.135,L
2024-11-12 07:00:00,electricity,1.82,kWh
2024-11-12 07:00:00,water,37.333,L
2024-11-12 08:00:00,electricity,1.586,kWh
2024-11-12 08:00:00,water,47.252,L
2024-11-12 09:00:00,electricity,1.698,kWh
2024-11-12 09:00:00,water,33.965,L
2024-11-12 10:00:00,electricity,1.511,kWh
2024-11-12 10:00:00,water,16.854,L
2024-11-12 11:00:00,electricity,1.233,kWh
2024-11-12 11:00:00,water,17.883,L
2024-11-12 12:00:00,electricity,1.112,kWh
2024-11-12 12:00:00,water,16.211,L
2024-11-12 13:00:00,electricity,1.181,kWh
2024-11-12 13:00:00,water,16.506,L
2024-11-12 14:00:00,electricity,1.451,kWh
2024-11-12 14:00:00,water,18.587,L
2024-11-12 15:00:00,electricity,1.354,kWh
2024-11-12 15:00:00,water,20.18,L
2024-11-12 16:00:00,electricity,1.303,kWh
2024-11-12 16:00:00,water,15.93,L
2024-11-12 17:00:00,electricity,2.255,kWh
2024-11-12 17:00:00,water,34.912,L
2024-11-12 18:00:00,electricity,2.491,kWh
2024-11-12 18:00:00,water,34.209,L
2024-11-12 19:00:00,electricity,2.174,kWh
2024-11-12 19:00:00,water,26.604,L
2024-11-12 20:00:00,electricity,2.449,kWh
2024-11-12 20:00:00,water,38.138,L
2024-11-12 21:00:00,electricity,2.202,kWh
2024-11-12 21:00:00,water,25.024,L
2024-11-12 22:00:00,electricity,1.202,kWh
2024-11-12 22:00:00,water,25.245,L
2024-11-12 23:00:00,electricity,1.236,kWh
2024-11-12 23:00:00,water,20.149,L
2024-11-13 00:00:00,electricity,0.508,kWh
2024-11-13 00:00:00,water,2.549,L
2024-11-13 01:00:00,electricity,0.525,kWh
2024-11-13 01:00:00,water,3.008,L
2024-11-13 02:00:00,electricity,0.54,kWh
2024-11-13 02:00:00,water,3.299,L
2024-11-13 03:00:00,electricity,0.333,kWh
2024-11-13 03:00:00,water,3.056,L
2024-11-13 04:00:00,electricity,0.485,kWh
2024-11-13 04:00:00,water,3.104,L
2024-11-13 05:00:00,electricity,0.507,kWh
2024-11-13 05:00:00,water,3.411,L
2024-11-13 06:00:00,electricity,1.974,kWh
2024-11-13 06:00:00,water,41.009,L
2024-11-13 07:00:00,electricity,1.531,kWh
2024-11-13 07:00:00,water,43.812,L
2024-11-13 08:00:00,electricity,1.744,kWh
2024-11-13 08:00:00,water,53.827,L
2024-11-13 09:00:00,electricity,1.973,kWh
2024-11-13 09:00:00,water,43.937,L
2024-11-13 10:00:00,electricity,1.147,kWh
2024-11-13 10:00:00,water,15.263,L
2024-11-13 11:00:00,electricity,1.372,kWh
2024-11-13 11:00:00,water,16.554,L
2024-11-13 12:00:00,electricity,1.214,kWh
2024-11-13 12:00:00,water,15.974,L
2024-11-13 13:00:00,electricity,1.253,kWh
2024-11-13 13:00:00,water,18.771,L
2024-11-13 14:00:00,electricity,1.214,kWh
2024-11-13 14:00:00,water,16.065,L
2024-11-13 15:00:00,electricity,1.223,kWh
2024-11-13 15:00:00,water,18.585,L
2024-11-13 16:00:00,electricity,1.679,kWh
2024-11-13 16:00:00,water,16.41,L
2024-11-13 17:00:00,electricity,2.577,kWh
2024-11-13 17:00:00,water,27.945,L
2024-11-13 18:00:00,electricity,2.638,kWh
2024-11-13 18:00:00,water,38.88,L
2024-11-13 19:00:00,electricity,2.493,kWh
2024-11-13 19:00:00,water,38.168,L
2024-11-13 20:00:00,electricity,1.994,kWh
2024-11-13 20:00:00,water,39.83,L
2024-11-13 21:00:00,electricity,2.47,kWh
2024-11-13 21:00:00,water,20.683,L
2024-11-13 22:00:00,electricity,1.462,kWh
2024-11-13 22:00:00,water,20.395,L
2024-11-13 23:00:00,electricity,1.207,kWh
2024-11-13 23:00:00,water,23.584,L
2024-11-14 00:00:00,electricity,0.579,kWh
2024-11-14 00:00:00,water,3.547,L
2024-11-14 01:00:00,electricity,0.565,kWh
2024-11-14 01:00:00,water,3.004,L
2024-11-14 02:00:00,electricity,0.626,kWh
2024-11-14 02:00:00,water,3.153,L
2024-11-14 03:00:00,electricity,0.506,kWh
2024-11-14 03:00:00,water,2.884,L
2024-11-14 04:00:00,electricity,0.47,kWh
2024-11-14 04:00:00,water,2.444,L
2024-11-14 05:00:00,electricity,0.509,kWh
2024-11-14 05:00:00,water,3.348,L
2024-11-14 06:00:00,electricity,1.962,kWh
2024-11-14 06:00:00,water,49.905,L
2024-11-14 07:00:00,electricity,1.402,kWh
2024-11-14 07:00:00,water,48.838,L
2024-11-14 08:00:00,electricity,1.361,kWh
2024-11-14 08:00:00,water,44.017,L
2024-11-14 09:00:00,electricity,1.731,kWh
2024-11-14 09:00:00,water,48.224,L
2024-11-14 10:00:00,electricity,1.262,kWh
2024-11-14 10:00:00,water,19.931,L
2024-11-14 11:00:00,electricity,1.321,kWh
2024-11-14 11:00:00,water,21.5,L
2024-11-14 12:00:00,electricity,1.445,kWh
2024-11-14 12:00:00,water,20.135,L
2024-11-14 13:00:00,electricity,1.247,kWh
2024-11-14 13:00:00,water,18.138,L
2024-11-14 14:00:00,electricity,1.073,kWh
2024-11-14 14:00:00,water,15.174,L
2024-11-14 15:00:00,electricity,1.59,kWh
2024-11-14 15:00:00,water,18.336,L
2024-11-14 16:00:00,electricity,1.188,kWh
2024-11-14 16:00:00,water,18.554,L
2024-11-14 17:00:00,electricity,2.124,kWh
2024-11-14 17:00:00,water,40.691,L
2024-11-14 18:00:00,electricity,2.638,kWh
2024-11-14 18:00:00,water,43.593,L
2024-11-14 19:00:00,electricity,2.285,kWh
2024-11-14 19:00:00,water,37.072,L
2024-11-14 20:00:00,electricity,2.361,kWh
2024-11-14 20:00:00,water,46.954,L
2024-11-14 21:00:00,electricity,2.491,kWh
2024-11-14 21:00:00,water,17.75,L
2024-11-14 22:00:00,electricity,1.463,kWh
2024-11-14 22:00:00,water,23.632,L
2024-11-14 23:00:00,electricity,1.276,kWh
2024-11-14 23:00:00,water,20.344,L
2024-11-15 00:00:00,electricity,0.608,kWh
2024-11-15 00:00:00,water,2.313,L
2024-11-15 01:00:00,electricity,0.415,kWh
2024-11-15 01:00:00,water,2.927,L
2024-11-15 02:00:00,electricity,0.568,kWh
2024-11-15 02:00:00,water,2.475,L
2024-11-15 03:00:00,electricity,0.484,kWh
2024-11-15 03:00:00,water,2.942,L
2024-11-15 04:00:00,electricity,0.6,kWh
2024-11-15 04:00:00,water,3.013,L
2024-11-15 05:00:00,electricity,0.535,kWh
2024-11-15 05:00:00,water,3.403,L
2024-11-15 06:00:00,electricity,1.601,kWh
2024-11-15 06:00:00,water,36.859,L
2024-11-15 07:00:00,electricity,1.83,kWh
2024-11-15 07:00:00,water,49.906,L
2024-11-15 08:00:00,electricity,1.869,kWh
2024-11-15 08:00:00,water,45.53,L
2024-11-15 09:00:00,electricity,1.826,kWh
2024-11-15 09:00:00,water,50.556,L
2024-11-15 10:00:00,electricity,1.184,kWh
2024-11-15 10:00:00,water,17.067,L
2024-11-15 11:00:00,electricity,1.256,kWh
2024-11-15 11:00:00,water,15.122,L
2024-11-15 12:00:00,electricity,1.319,kWh
2024-11-15 12:00:00,water,15.37,L
2024-11-15 13:00:00,electricity,1.315,kWh
2024-11-15 13:00:00,water,15.21,L
2024-11-15 14:00:00,electricity,1.419,kWh
2024-11-15 14:00:00,water,19.032,L
2024-11-15 15:00:00,electricity,1.054,kWh
2024-11-15 15:00:00,water,21.19,L
2024-11-15 16:00:00,electricity,1.364,kWh
2024-11-15 16:00:00,water,16.78,L
2024-11-15 17:00:00,electricity,2.307,kWh
2024-11-15 17:00:00,water,40.331,L
2024-11-15 18:00:00,electricity,2.177,kWh
2024-11-15 18:00:00,water,30.645,L
2024-11-15 19:00:00,electricity,2.2,kWh
2024-11-15 19:00:00,water,38.311,L
2024-11-15 20:00:00,electricity,2.325,kWh
2024-11-15 20:00:00,water,40.509,L
2024-11-15 21:00:00,electricity,1.52,kWh
2024-11-15 21:00:00,water,18.59,L
2024-11-15 22:00:00,electricity,1.227,kWh
2024-11-15 22:00:00,water,21.95,L
2024-11-15 23:00:00,electricity,1.204,kWh
2024-11-15 23:00:00,water,24.433,L
2024-11-16 00:00:00,electricity,0.455,kWh
2024-11-16 00:00:00,water,2.527,L
2024-11-16 01:00:00,electricity,0.397,kWh
2024-11-16 01:00:00,water,4.525,L
2024-11-16 02:00:00,electricity,0.423,kWh
2024-11-16 02:00:00,water,4.066,L
2024-11-16 03:00:00,electricity,0.499,kWh
2024-11-16 03:00:00,water,4.235,L
2024-11-16 04:00:00,electricity,0.475,kWh
2024-11-16 04:00:00,water,3.707,L
2024-11-16 05:00:00,electricity,0.471,kWh
2024-11-16 05:00:00,water,3.094,L
2024-11-16 06:00:00,electricity,1.334,kWh
2024-11-16 06:00:00,water,62.249,L
2024-11-16 07:00:00,electricity,1.48,kWh
2024-11-16 07:00:00,water,57.92,L
2024-11-16 08:00:00,electricity,1.371,kWh
2024-11-16 08:00:00,water,58.725,L
2024-11-16 09:00:00,electricity,1.376,kWh
2024-11-16 09:00:00,water,66.135,L
2024-11-16 10:00:00,electricity,1.124,kWh
2024-11-16 10:00:00,water,25.54,L
2024-11-16 11:00:00,electricity,1.016,kWh
2024-11-16 11:00:00,water,28.795,L
2024-11-16 12:00:00,electricity,1.241,kWh
2024-11-16 12:00:00,water,23.832,L
2024-11-16 13:00:00,electricity,1.063,kWh
2024-11-16 13:00:00,water,21.459,L
2024-11-16 14:00:00,electricity,1.147,kWh
2024-11-16 14:00:00,water,22.871,L
2024-11-16 15:00:00,electricity,1.237,kWh
2024-11-16 15:00:00,water,24.567,L
2024-11-16 16:00:00,electricity,1.191,kWh
2024-11-16 16:00:00,water,26.253,L
2024-11-16 17:00:00,electricity,1.67,kWh
2024-11-16 17:00:00,water,40.168,L
2024-11-16 18:00:00,electricity,2.03,kWh
2024-11-16 18:00:00,water,48.8,L
2024-11-16 19:00:00,electricity,2.109,kWh
2024-11-16 19:00:00,water,58.166,L
2024-11-16 20:00:00,electricity,2.117,kWh
2024-11-16 20:00:00,water,47.345,L
2024-11-16 21:00:00,electricity,1.728,kWh
2024-11-16 21:00:00,water,32.518,L
2024-11-16 22:00:00,electricity,1.009,kWh
2024-11-16 22:00:00,water,30.981,L
2024-11-16 23:00:00,electricity,1.187,kWh
2024-11-16 23:00:00,water,32.605,L
2024-11-17 00:00:00,electricity,0.399,kWh
2024-11-17 00:00:00,water,3.521,L
2024-11-17 01:00:00,electricity,0.419,kWh
2024-11-17 01:00:00,water,3.523,L
2024-11-17 02:00:00,electricity,0.5,kWh
2024-11-17 02:00:00,water,3.909,L
2024-11-17 03:00:00,electricity,0.43,kWh
2024-11-17 03:00:00,water,3.183,L
2024-11-17 04:00:00,electricity,0.401,kWh
2024-11-17 04:00:00,water,3.774,L
2024-11-17 05:00:00,electricity,0.394,kWh
2024-11-17 05:00:00,water,4.018,L
2024-11-17 06:00:00,electricity,1.451,kWh
2024-11-17 06:00:00,water,71.028,L
2024-11-17 07:00:00,electricity,1.217,kWh
2024-11-17 07:00:00,water,61.327,L
2024-11-17 08:00:00,electricity,1.369,kWh
2024-11-17 08:00:00,water,62.889,L
2024-11-17 09:00:00,electricity,1.451,kWh
2024-11-17 09:00:00,water,66.675,L
2024-11-17 10:00:00,electricity,1.22,kWh
2024-11-17 10:00:00,water,20.691,L
2024-11-17 11:00:00,electricity,1.152,kWh
2024-11-17 11:00:00,water,22.936,L
2024-11-17 12:00:00,electricity,1.003,kWh
2024-11-17 12:00:00,water,30.211,L
2024-11-17 13:00:00,electricity,1.207,kWh
2024-11-17 13:00:00,water,23.178,L
2024-11-17 14:00:00,electricity,1.048,kWh
2024-11-17 14:00:00,water,26.535,L
2024-11-17 15:00:00,electricity,0.947,kWh
2024-11-17 15:00:00,water,26.106,L
2024-11-17 16:00:00,electricity,1.061,kWh
2024-11-17 16:00:00,water,19.249,L
2024-11-17 17:00:00,electricity,2.224,kWh
2024-11-17 17:00:00,water,50.566,L
2024-11-17 18:00:00,electricity,1.976,kWh
2024-11-17 18:00:00,water,49.608,L
2024-11-17 19:00:00,electricity,1.946,kWh
2024-11-17 19:00:00,water,50.68,L
2024-11-17 20:00:00,electricity,2.262,kWh
2024-11-17 20:00:00,water,44.338,L
2024-11-17 21:00:00,electricity,1.666,kWh
2024-11-17 21:00:00,water,25.33,L
2024-11-17 22:00:00,electricity,0.941,kWh
2024-11-17 22:00:00,water,27.579,L
2024-11-17 23:00:00,electricity,0.905,kWh
2024-11-17 23:00:00,water,28.907,L
2024-11-18 00:00:00,electricity,0.548,kWh
2024-11-18 00:00:00,water,3.427,L
2024-11-18 01:00:00,electricity,0.537,kWh
2024-11-18 01:00:00,water,3.654,L
2024-11-18 02:00:00,electricity,0.609,kWh
2024-11-18 02:00:00,water,3.503,L
2024-11-18 03:00:00,electricity,0.541,kWh
2024-11-18 03:00:00,water,3.31,L
2024-11-18 04:00:00,electricity,0.507,kWh
2024-11-18 04:00:00,water,2.638,L
2024-11-18 05:00:00,electricity,0.528,kWh
2024-11-18 05:00:00,water,2.853,L
2024-11-18 06:00:00,electricity,1.736,kWh
2024-11-18 06:00:00,water,46.134,L
2024-11-18 07:00:00,electricity,1.429,kWh
2024-11-18 07:00:00,water,41.585,L
2024-11-18 08:00:00,electricity,2.181,kWh
2024-11-18 08:00:00,water,48.117,L
2024-11-18 09:00:00,electricity,1.805,kWh
2024-11-18 09:00:00,water,48.891,L
2024-11-18 10:00:00,electricity,1.348,kWh
2024-11-18 10:00:00,water,19.158,L
2024-11-18 11:00:00,electricity,1.401,kWh
2024-11-18 11:00:00,water,20.214,L
2024-11-18 12:00:00,electricity,1.414,kWh
2024-11-18 12:00:00,water,16.046,L
2024-11-18 13:00:00,electricity,1.301,kWh
2024-11-18 13:00:00,water,20.015,L
2024-11-18 14:00:00,electricity,1.237,kWh
2024-11-18 14:00:00,water,16.497,L
2024-11-18 15:00:00,electricity,1.399,kWh
2024-11-18 15:00:00,water,15.968,L
2024-11-18 16:00:00,electricity,1.371,kWh
2024-11-18 16:00:00,water,19.149,L
2024-11-18 17:00:00,electricity,2.184,kWh
2024-11-18 17:00:00,water,42.971,L
2024-11-18 18:00:00,electricity,2.713,kWh
2024-11-18 18:00:00,water,39.696,L
2024-11-18 19:00:00,electricity,2.446,kWh
2024-11-18 19:00:00,water,37.594,L
2024-11-18 20:00:00,electricity,2.549,kWh
2024-11-18 20:00:00,water,38.896,L
2024-11-18 21:00:00,electricity,2.707,kWh
2024-11-18 21:00:00,water,22.868,L
2024-11-18 22:00:00,electricity,1.323,kWh
2024-11-18 22:00:00,water,19.46,L
2024-11-18 23:00:00,electricity,1.362,kWh
2024-11-18 23:00:00,water,19.145,L
2024-11-19 00:00:00,electricity,0.571,kWh
2024-11-19 00:00:00,water,2.972,L
2024-11-19 01:00:00,electricity,0.49,kWh
2024-11-19 01:00:00,water,3.029,L
2024-11-19 02:00:00,electricity,0.531,kWh
2024-11-19 02:00:00,water,3.004,L
2024-11-19 03:00:00,electricity,0.535,kWh
2024-11-19 03:00:00,water,3.243,L
2024-11-19 04:00:00,electricity,0.478,kWh
2024-11-19 04:00:00,water,2.922,L
2024-11-19 05:00:00,electricity,0.65,kWh
2024-11-19 05:00:00,water,3.203,L
2024-11-19 06:00:00,electricity,1.475,kWh
2024-11-19 06:00:00,water,44.219,L
2024-11-19 07:00:00,electricity,1.493,kWh
2024-11-19 07:00:00,water,54.846,L
2024-11-19 08:00:00,electricity,1.942,kWh
2024-11-19 08:00:00,water,45.436,L
2024-11-19 09:00:00,electricity,1.838,kWh
2024-11-19 09:00:00,water,57.64,L
2024-11-19 10:00:00,electricity,1.185,kWh
2024-11-19 10:00:00,water,18.76,L
2024-11-19 11:00:00,electricity,1.4,kWh
2024-11-19 11:00:00,water,17.538,L
2024-11-19 12:00:00,electricity,1.514,kWh
2024-11-19 12:00:00,water,16.057,L
2024-11-19 13:00:00,electricity,1.316,kWh
2024-11-19 13:00:00,water,14.883,L
2024-11-19 14:00:00,electricity,1.663,kWh
2024-11-19 14:00:00,water,15.858,L
2024-11-19 15:00:00,electricity,1.092,kWh
2024-11-19 15:00:00,water,16.1,L
2024-11-19 16:00:00,electricity,1.412,kWh
2024-11-19 16:00:00,water,18.853,L
2024-11-19 17:00:00,electricity,2.653,kWh
2024-11-19 17:00:00,water,35.132,L
2024-11-19 18:00:00,electricity,2.588,kWh
2024-11-19 18:00:00,water,38.341,L
2024-11-19 19:00:00,electricity,2.327,kWh
2024-11-19 19:00:00,water,43.269,L
2024-11-19 20:00:00,electricity,2.307,kWh
2024-11-19 20:00:00,water,37.105,L
2024-11-19 21:00:00,electricity,2.482,kWh
2024-11-19 21:00:00,water,28.114,L
2024-11-19 22:00:00,electricity,1.428,kWh
2024-11-19 22:00:00,water,19.325,L
2024-11-19 23:00:00,electricity,1.4,kWh
2024-11-19 23:00:00,water,22.093,L
2024-11-20 00:00:00,electricity,0.583,kWh
2024-11-20 00:00:00,water,2.806,L
2024-11-20 01:00:00,electricity,0.474,kWh
2024-11-20 01:00:00,water,3.337,L
2024-11-20 02:00:00,electricity,0.516,kWh
2024-11-20 02:00:00,water,2.194,L
2024-11-20 03:00:00,electricity,0.478,kWh
2024-11-20 03:00:00,water,2.48,L
2024-11-20 04:00:00,electricity,0.508,kWh
2024-11-20 04:00:00,water,2.961,L
2024-11-20 05:00:00,electricity,0.582,kWh
2024-11-20 05:00:00,water,3.558,L
2024-11-20 06:00:00,electricity,1.735,kWh
2024-11-20 06:00:00,water,46.22,L
2024-11-20 07:00:00,electricity,2.163,kWh
2024-11-20 07:00:00,water,37.702,L
2024-11-20 08:00:00,electricity,1.749,kWh
2024-11-20 08:00:00,water,38.535,L
2024-11-20 09:00:00,electricity,1.726,kWh
2024-11-20 09:00:00,water,54.034,L
2024-11-20 10:00:00,electricity,1.334,kWh
2024-11-20 10:00:00,water,16.658,L
2024-11-20 11:00:00,electricity,1.236,kWh
2024-11-20 11:00:00,water,15.963,L
2024-11-20 12:00:00,electricity,1.312,kWh
2024-11-20 12:00:00,water,21.191,L
2024-11-20 13:00:00,electricity,1.469,kWh
2024-11-20 13:00:00,water,20.184,L
2024-11-20 14:00:00,electricity,1.335,kWh
2024-11-20 14:00:00,water,20.752,L
2024-11-20 15:00:00,electricity,1.215,kWh
2024-11-20 15:00:00,water,15.948,L
2024-11-20 16:00:00,electricity,1.198,kWh
2024-11-20 16:00:00,water,14.706,L
2024-11-20 17:00:00,electricity,2.269,kWh
2024-11-20 17:00:00,water,38.099,L
2024-11-20 18:00:00,electricity,2.394,kWh
2024-11-20 18:00:00,water,39.008,L
2024-11-20 19:00:00,electricity,2.66,kWh
2024-11-20 19:00:00,water,39.141,L
2024-11-20 20:00:00,electricity,2.057,kWh
2024-11-20 20:00:00,water,44.152,L
2024-11-20 21:00:00,electricity,2.3,kWh
2024-11-20 21:00:00,water,17.819,L
2024-11-20 22:00:00,electricity,1.339,kWh
2024-11-20 22:00:00,water,24.821,L
2024-11-20 23:00:00,electricity,1.078,kWh
2024-11-20 23:00:00,water,19.539,L
2024-11-21 00:00:00,electricity,0.484,kWh
2024-11-21 00:00:00,water,3.308,L
2024-11-21 01:00:00,electricity,0.492,kWh
2024-11-21 01:00:00,water,2.829,L
2024-11-21 02:00:00,electricity,0.486,kWh
2024-11-21 02:00:00,water,2.707,L
2024-11-21 03:00:00,electricity,0.538,kWh
2024-11-21 03:00:00,water,2.78,L
2024-11-21 04:00:00,electricity,0.52,kWh
2024-11-21 04:00:00,water,2.48,L
2024-11-21 05:00:00,electricity,0.499,kWh
2024-11-21 05:00:00,water,3.015,L
2024-11-21 06:00:00,electricity,1.789,kWh
2024-11-21 06:00:00,water,40.828,L
2024-11-21 07:00:00,electricity,2.012,kWh
2024-11-21 07:00:00,water,49.246,L
2024-11-21 08:00:00,electricity,1.997,kWh
2024-11-21 08:00:00,water,48.456,L
2024-11-21 09:00:00,electricity,1.386,kWh
2024-11-21 09:00:00,water,54.116,L
2024-11-21 10:00:00,electricity,1.396,kWh
2024-11-21 10:00:00,water,18.791,L
2024-11-21 11:00:00,electricity,1.297,kWh
2024-11-21 11:00:00,water,19.125,L
2024-11-21 12:00:00,electricity,1.34,kWh
2024-11-21 12:00:00,water,21.024,L
2024-11-21 13:00:00,electricity,1.267,kWh
2024-11-21 13:00:00,water,16.644,L
2024-11-21 14:00:00,electricity,1.336,kWh
2024-11-21 14:00:00,water,14.785,L
2024-11-21 15:00:00,electricity,1.34,kWh
2024-11-21 15:00:00,water,18.432,L
2024-11-21 16:00:00,electricity,1.244,kWh
2024-11-21 16:00:00,water,14.927,L
2024-11-21 17:00:00,electricity,2.163,kWh
2024-11-21 17:00:00,water,48.543,L
2024-11-21 18:00:00,electricity,2.269,kWh
2024-11-21 18:00:00,water,44.05,L
2024-11-21 19:00:00,electricity,2.432,kWh
2024-11-21 19:00:00,water,47.238,L
2024-11-21 20:00:00,electricity,2.518,kWh
2024-11-21 20:00:00,water,37.781,L
2024-11-21 21:00:00,electricity,2.579,kWh
2024-11-21 21:00:00,water,23.987,L
2024-11-21 22:00:00,electricity,1.255,kWh
2024-11-21 22:00:00,water,21.259,L
2024-11-21 23:00:00,electricity,1.357,kWh
2024-11-21 23:00:00,water,24.884,L
2024-11-22 00:00:00,electricity,0.579,kWh
2024-11-22 00:00:00,water,2.562,L
2024-11-22 01:00:00,electricity,0.59,kWh
2024-11-22 01:00:00,water,2.084,L
2024-11-22 02:00:00,electricity,0.525,kWh
2024-11-22 02:00:00,water,2.715,L
2024-11-22 03:00:00,electricity,0.516,kWh
2024-11-22 03:00:00,water,2.476,L
2024-11-22 04:00:00,electricity,0.538,kWh
2024-11-22 04:00:00,water,3.532,L
2024-11-22 05:00:00,electricity,0.467,kWh
2024-11-22 05:00:00,water,3.654,L
2024-11-22 06:00:00,electricity,1.683,kWh
2024-11-22 06:00:00,water,37.424,L
2024-11-22 07:00:00,electricity,1.844,kWh
2024-11-22 07:00:00,water,51.975,L
2024-11-22 08:00:00,electricity,1.826,kWh
2024-11-22 08:00:00,water,50.137,L
2024-11-22 09:00:00,electricity,1.67,kWh
2024-11-22 09:00:00,water,36.523,L
2024-11-22 10:00:00,electricity,1.349,kWh
2024-11-22 10:00:00,water,17.157,L
2024-11-22 11:00:00,electricity,1.211,kWh
2024-11-22 11:00:00,water,16.747,L
2024-11-22 12:00:00,electricity,1.413,kWh
2024-11-22 12:00:00,water,19.616,L
2024-11-22 13:00:00,electricity,1.31,kWh
2024-11-22 13:00:00,water,15.346,L
2024-11-22 14:00:00,electricity,1.284,kWh
2024-11-22 14:00:00,water,17.786,L
2024-11-22 15:00:00,electricity,1.272,kWh
2024-11-22 15:00:00,water,16.518,L
2024-11-22 16:00:00,electricity,1.312,kWh
2024-11-22 16:00:00,water,19.022,L
2024-11-22 17:00:00,electricity,2.27,kWh
2024-11-22 17:00:00,water,36.524,L
2024-11-22 18:00:00,electricity,2.532,kWh
2024-11-22 18:00:00,water,35.091,L
2024-11-22 19:00:00,electricity,2.282,kWh
2024-11-22 19:00:00,water,36.54,L
2024-11-22 20:00:00,electricity,2.754,kWh
2024-11-22 20:00:00,water,46.662,L
2024-11-22 21:00:00,electricity,2.724,kWh
2024-11-22 21:00:00,water,21.374,L
2024-11-22 22:00:00,electricity,1.202,kWh
2024-11-22 22:00:00,water,19.689,L
2024-11-22 23:00:00,electricity,1.329,kWh
2024-11-22 23:00:00,water,24.075,L
2024-11-23 00:00:00,electricity,0.404,kWh
2024-11-23 00:00:00,water,3.833,L
2024-11-23 01:00:00,electricity,0.418,kWh
2024-11-23 01:00:00,water,3.238,L
2024-11-23 02:00:00,electricity,0.519,kWh
2024-11-23 02:00:00,water,4.944,L
2024-11-23 03:00:00,electricity,0.419,kWh
2024-11-23 03:00:00,water,3.735,L
2024-11-23 04:00:00,electricity,0.448,kWh
2024-11-23 04:00:00,water,3.723,L
2024-11-23 05:00:00,electricity,0.455,kWh
2024-11-23 05:00:00,water,3.975,L
2024-11-23 06:00:00,electricity,1.264,kWh
2024-11-23 06:00:00,water,70.645,L
2024-11-23 07:00:00,electricity,1.284,kWh
2024-11-23 07:00:00,water,46.708,L
2024-11-23 08:00:00,electricity,1.235,kWh
2024-11-23 08:00:00,water,60.437,L
2024-11-23 09:00:00,electricity,1.28,kWh
2024-11-23 09:00:00,water,73.153,L
2024-11-23 10:00:00,electricity,0.772,kWh
2024-11-23 10:00:00,water,23.761,L
2024-11-23 11:00:00,electricity,1.139,kWh
2024-11-23 11:00:00,water,19.931,L
2024-11-23 12:00:00,electricity,1.302,kWh
2024-11-23 12:00:00,water,21.664,L
2024-11-23 13:00:00,electricity,1.096,kWh
2024-11-23 13:00:00,water,23.981,L
2024-11-23 14:00:00,electricity,0.927,kWh
2024-11-23 14:00:00,water,27.137,L
2024-11-23 15:00:00,electricity,1.011,kWh
2024-11-23 15:00:00,water,22.447,L
2024-11-23 16:00:00,electricity,1.03,kWh
2024-11-23 16:00:00,water,25.721,L
2024-11-23 17:00:00,electricity,1.746,kWh
2024-11-23 17:00:00,water,40.353,L
2024-11-23 18:00:00,electricity,2.111,kWh
2024-11-23 18:00:00,water,40.304,L
2024-11-23 19:00:00,electricity,2.102,kWh
2024-11-23 19:00:00,water,45.926,L
2024-11-23 20:00:00,electricity,1.719,kWh
2024-11-23 20:00:00,water,57.162,L
2024-11-23 21:00:00,electricity,2.085,kWh
2024-11-23 21:00:00,water,29.492,L
2024-11-23 22:00:00,electricity,1.245,kWh
2024-11-23 22:00:00,water,30.267,L
2024-11-23 23:00:00,electricity,1.285,kWh
2024-11-23 23:00:00,water,30.226,L
2024-11-24 00:00:00,electricity,0.556,kWh
2024-11-24 00:00:00,water,4.419,L
2024-11-24 01:00:00,electricity,0.393,kWh
2024-11-24 01:00:00,water,3.614,L
2024-11-24 02:00:00,electricity,0.554,kWh
2024-11-24 02:00:00,water,4.222,L
2024-11-24 03:00:00,electricity,0.417,kWh
2024-11-24 03:00:00,water,3.511,L
2024-11-24 04:00:00,electricity,0.406,kWh
2024-11-24 04:00:00,water,4.828,L
2024-11-24 05:00:00,electricity,0.446,kWh
2024-11-24 05:00:00,water,3.525,L
2024-11-24 06:00:00,electricity,1.322,kWh
2024-11-24 06:00:00,water,52.306,L
2024-11-24 07:00:00,electricity,1.46,kWh
2024-11-24 07:00:00,water,62.359,L
2024-11-24 08:00:00,electricity,1.219,kWh
2024-11-24 08:00:00,water,59.06,L
2024-11-24 09:00:00,electricity,1.37,kWh
2024-11-24 09:00:00,water,60.795,L
2024-11-24 10:00:00,electricity,1.219,kWh
2024-11-24 10:00:00,water,24.038,L
2024-11-24 11:00:00,electricity,1.074,kWh
2024-11-24 11:00:00,water,20.338,L
2024-11-24 12:00:00,electricity,1.095,kWh
2024-11-24 12:00:00,water,27.93,L
2024-11-24 13:00:00,electricity,1.131,kWh
2024-11-24 13:00:00,water,25.909,L
2024-11-24 14:00:00,electricity,1.206,kWh
2024-11-24 14:00:00,water,27.216,L
2024-11-24 15:00:00,electricity,0.901,kWh
2024-11-24 15:00:00,water,21.916,L
2024-11-24 16:00:00,electricity,1.143,kWh
2024-11-24 16:00:00,water,24.57,L
2024-11-24 17:00:00,electricity,1.892,kWh
2024-11-24 17:00:00,water,49.905,L
2024-11-24 18:00:00,electricity,1.976,kWh
2024-11-24 18:00:00,water,55.349,L
2024-11-24 19:00:00,electricity,2.15,kWh
2024-11-24 19:00:00,water,55.537,L
2024-11-24 20:00:00,electricity,1.712,kWh
2024-11-24 20:00:00,water,49.879,L
2024-11-24 21:00:00,electricity,1.747,kWh
2024-11-24 21:00:00,water,23.922,L
2024-11-24 22:00:00,electricity,0.871,kWh
2024-11-24 22:00:00,water,35.497,L
2024-11-24 23:00:00,electricity,1.021,kWh
2024-11-24 23:00:00,water,31.202,L
2024-11-25 00:00:00,electricity,0.598,kWh
2024-11-25 00:00:00,water,2.781,L
2024-11-25 01:00:00,electricity,0.522,kWh
2024-11-25 01:00:00,water,3.146,L
2024-11-25 02:00:00,electricity,0.457,kWh
2024-11-25 02:00:00,water,2.456,L
2024-11-25 03:00:00,electricity,0.502,kWh
2024-11-25 03:00:00,water,3.38,L
2024-11-25 04:00:00,electricity,0.449,kWh
2024-11-25 04:00:00,water,2.47,L
2024-11-25 05:00:00,electricity,0.469,kWh
2024-11-25 05:00:00,water,2.92,L
2024-11-25 06:00:00,electricity,1.783,kWh
2024-11-25 06:00:00,water,46.32,L
2024-11-25 07:00:00,electricity,1.515,kWh
2024-11-25 07:00:00,water,50.61,L
2024-11-25 08:00:00,electricity,1.907,kWh
2024-11-25 08:00:00,water,45.575,L
2024-11-25 09:00:00,electricity,1.704,kWh
2024-11-25 09:00:00,water,48.429,L
2024-11-25 10:00:00,electricity,1.331,kWh
2024-11-25 10:00:00,water,17.939,L
2024-11-25 11:00:00,electricity,1.283,kWh
2024-11-25 11:00:00,water,17.93,L
2024-11-25 12:00:00,electricity,1.422,kWh
2024-11-25 12:00:00,water,18.185,L
2024-11-25 13:00:00,electricity,1.423,kWh
2024-11-25 13:00:00,water,17.592,L
2024-11-25 14:00:00,electricity,1.364,kWh
2024-11-25 14:00:00,water,14.357,L
2024-11-25 15:00:00,electricity,1.395,kWh
2024-11-25 15:00:00,water,16.34,L
2024-11-25 16:00:00,electricity,1.292,kWh
2024-11-25 16:00:00,water,18.529,L
2024-11-25 17:00:00,electricity,2.505,kWh
2024-11-25 17:00:00,water,36.379,L
2024-11-25 18:00:00,electricity,2.296,kWh
2024-11-25 18:00:00,water,36.799,L
2024-11-25 19:00:00,electricity,2.377,kWh
2024-11-25 19:00:00,water,36.045,L
2024-11-25 20:00:00,electricity,2.311,kWh
2024-11-25 20:00:00,water,33.614,L
2024-11-25 21:00:00,electricity,2.267,kWh
2024-11-25 21:00:00,water,21.169,L
2024-11-25 22:00:00,electricity,1.229,kWh
2024-11-25 22:00:00,water,21.672,L
2024-11-25 23:00:00,electricity,1.382,kWh
2024-11-25 23:00:00,water,22.514,L
2024-11-26 00:00:00,electricity,0.597,kWh
2024-11-26 00:00:00,water,3.142,L
2024-11-26 01:00:00,electricity,0.59,kWh
2024-11-26 01:00:00,water,2.935,L
2024-11-26 02:00:00,electricity,0.462,kWh
2024-11-26 02:00:00,water,2.629,L
2024-11-26 03:00:00,electricity,0.596,kWh
2024-11-26 03:00:00,water,2.497,L
2024-11-26 04:00:00,electricity,0.511,kWh
2024-11-26 04:00:00,water,3.935,L
2024-11-26 05:00:00,electricity,0.56,kWh
2024-11-26 05:00:00,water,2.593,L
2024-11-26 06:00:00,electricity,1.56,kWh
2024-11-26 06:00:00,water,42.199,L
2024-11-26 07:00:00,electricity,1.74,kWh
2024-11-26 07:00:00,water,47.792,L
2024-11-26 08:00:00,electricity,1.77,kWh
2024-11-26 08:00:00,water,46.949,L
2024-11-26 09:00:00,electricity,1.461,kWh
2024-11-26 09:00:00,water,47.813,L
2024-11-26 10:00:00,electricity,1.4,kWh
2024-11-26 10:00:00,water,17.044,L
2024-11-26 11:00:00,electricity,1.498,kWh
2024-11-26 11:00:00,water,18.515,L
2024-11-26 12:00:00,electricity,1.297,kWh
2024-11-26 12:00:00,water,18.133,L
2024-11-26 13:00:00,electricity,1.5,kWh
2024-11-26 13:00:00,water,17.326,L
2024-11-26 14:00:00,electricity,1.295,kWh
2024-11-26 14:00:00,water,18.53,L
2024-11-26 15:00:00,electricity,1.432,kWh
2024-11-26 15:00:00,water,20.28,L
2024-11-26 16:00:00,electricity,1.027,kWh
2024-11-26 16:00:00,water,17.952,L
2024-11-26 17:00:00,electricity,2.951,kWh
2024-11-26 17:00:00,water,37.43,L
2024-11-26 18:00:00,electricity,2.731,kWh
2024-11-26 18:00:00,water,42.307,L
2024-11-26 19:00:00,electricity,2.308,kWh
2024-11-26 19:00:00,water,41.826,L
2024-11-26 20:00:00,electricity,1.907,kWh
2024-11-26 20:00:00,water,44.628,L
2024-11-26 21:00:00,electricity,2.444,kWh
2024-11-26 21:00:00,water,17.758,L
2024-11-26 22:00:00,electricity,1.129,kWh
2024-11-26 22:00:00,water,24.944,L
2024-11-26 23:00:00,electricity,1.379,kWh
2024-11-26 23:00:00,water,24.124,L
2024-11-27 00:00:00,electricity,0.55,kWh
2024-11-27 00:00:00,water,2.681,L
2024-11-27 01:00:00,electricity,0.478,kWh
2024-11-27 01:00:00,water,3.091,L
2024-11-27 02:00:00,electricity,0.587,kWh
2024-11-27 02:00:00,water,3.378,L
2024-11-27 03:00:00,electricity,0.571,kWh
2024-11-27 03:00:00,water,2.702,L
2024-11-27 04:00:00,electricity,0.58,kWh
2024-11-27 04:00:00,water,3.159,L
2024-11-27 05:00:00,electricity,0.528,kWh
2024-11-27 05:00:00,water,3.314,L
2024-11-27 06:00:00,electricity,1.473,kWh
2024-11-27 06:00:00,water,39.216,L
2024-11-27 07:00:00,electricity,1.884,kWh
2024-11-27 07:00:00,water,44.232,L
2024-11-27 08:00:00,electricity,1.67,kWh
2024-11-27 08:00:00,water,46.625,L
2024-11-27 09:00:00,electricity,1.478,kWh
2024-11-27 09:00:00,water,40.701,L
2024-11-27 10:00:00,electricity,1.498,kWh
2024-11-27 10:00:00,water,16.101,L
2024-11-27 11:00:00,electricity,1.597,kWh
2024-11-27 11:00:00,water,17.708,L
2024-11-27 12:00:00,electricity,1.315,kWh
2024-11-27 12:00:00,water,19.732,L
2024-11-27 13:00:00,electricity,1.605,kWh
2024-11-27 13:00:00,water,19.39,L
2024-11-27 14:00:00,electricity,1.332,kWh
2024-11-27 14:00:00,water,16.139,L
2024-11-27 15:00:00,electricity,1.27,kWh
2024-11-27 15:00:00,water,19.409,L
2024-11-27 16:00:00,electricity,1.237,kWh
2024-11-27 16:00:00,water,16.194,L
2024-11-27 17:00:00,electricity,2.765,kWh
2024-11-27 17:00:00,water,30.254,L
2024-11-27 18:00:00,electricity,2.191,kWh
2024-11-27 18:00:00,water,35.848,L
2024-11-27 19:00:00,electricity,2.551,kWh
2024-11-27 19:00:00,water,42.553,L
2024-11-27 20:00:00,electricity,2.243,kWh
2024-11-27 20:00:00,water,40.452,L
2024-11-27 21:00:00,electricity,2.267,kWh
2024-11-27 21:00:00,water,22.496,L
2024-11-27 22:00:00,electricity,1.456,kWh
2024-11-27 22:00:00,water,21.375,L
2024-11-27 23:00:00,electricity,1.27,kWh
2024-11-27 23:00:00,water,21.448,L
2024-11-28 00:00:00,electricity,0.507,kWh
2024-11-28 00:00:00,water,3.039,L
2024-11-28 01:00:00,electricity,0.588,kWh
2024-11-28 01:00:00,water,2.615,L
2024-11-28 02:00:00,electricity,0.612,kWh
2024-11-28 02:00:00,water,2.875,L
2024-11-28 03:00:00,electricity,0.562,kWh
2024-11-28 03:00:00,water,2.922,L
2024-11-28 04:00:00,electricity,0.493,kWh
2024-11-28 04:00:00,water,2.514,L
2024-11-28 05:00:00,electricity,0.501,kWh
2024-11-28 05:00:00,water,2.698,L
2024-11-28 06:00:00,electricity,1.73,kWh
2024-11-28 06:00:00,water,47.217,L
2024-11-28 07:00:00,electricity,1.771,kWh
2024-11-28 07:00:00,water,45.051,L
2024-11-28 08:00:00,electricity,1.546,kWh
2024-11-28 08:00:00,water,43.333,L
2024-11-28 09:00:00,electricity,1.84,kWh
2024-11-28 09:00:00,water,40.078,L
2024-11-28 10:00:00,electricity,1.331,kWh
2024-11-28 10:00:00,water,21.406,L
2024-11-28 11:00:00,electricity,1.094,kWh
2024-11-28 11:00:00,water,16.19,L
2024-11-28 12:00:00,electricity,1.197,kWh
2024-11-28 12:00:00,water,18.543,L
2024-11-28 13:00:00,electricity,1.253,kWh
2024-11-28 13:00:00,water,16.946,L
2024-11-28 14:00:00,electricity,1.31,kWh
2024-11-28 14:00:00,water,18.078,L
2024-11-28 15:00:00,electricity,1.569,kWh
2024-11-28 15:00:00,water,18.988,L
2024-11-28 16:00:00,electricity,1.351,kWh
2024-11-28 16:00:00,water,15.04,L
2024-11-28 17:00:00,electricity,2.176,kWh
2024-11-28 17:00:00,water,37.47,L
2024-11-28 18:00:00,electricity,2.428,kWh
2024-11-28 18:00:00,water,42.858,L
2024-11-28 19:00:00,electricity,2.292,kWh
2024-11-28 19:00:00,water,45.427,L
2024-11-28 20:00:00,electricity,2.453,kWh
2024-11-28 20:00:00,water,36.915,L
2024-11-28 21:00:00,electricity,2.514,kWh
2024-11-28 21:00:00,water,22.613,L
2024-11-28 22:00:00,electricity,1.48,kWh
2024-11-28 22:00:00,water,28.471,L
2024-11-28 23:00:00,electricity,1.317,kWh
2024-11-28 23:00:00,water,25.564,L
2024-11-29 00:00:00,electricity,0.615,kWh
2024-11-29 00:00:00,water,2.778,L
2024-11-29 01:00:00,electricity,0.576,kWh
2024-11-29 01:00:00,water,2.777,L
2024-11-29 02:00:00,electricity,0.491,kWh
2024-11-29 02:00:00,water,3.344,L
2024-11-29 03:00:00,electricity,0.645,kWh
2024-11-29 03:00:00,water,2.636,L
2024-11-29 04:00:00,electricity,0.545,kWh
2024-11-29 04:00:00,water,3.392,L
2024-11-29 05:00:00,electricity,0.484,kWh
2024-11-29 05:00:00,water,3.12,L
2024-11-29 06:00:00,electricity,2.0,kWh
2024-11-29 06:00:00,water,47.796,L
2024-11-29 07:00:00,electricity,2.073,kWh
2024-11-29 07:00:00,water,43.614,L
2024-11-29 08:00:00,electricity,1.71,kWh
2024-11-29 08:00:00,water,41.599,L
2024-11-29 09:00:00,electricity,1.63,kWh
2024-11-29 09:00:00,water,52.895,L
2024-11-29 10:00:00,electricity,1.297,kWh
2024-11-29 10:00:00,water,17.467,L
2024-11-29 11:00:00,electricity,1.414,kWh
2024-11-29 11:00:00,water,17.112,L
2024-11-29 12:00:00,electricity,1.489,kWh
2024-11-29 12:00:00,water,17.827,L
2024-11-29 13:00:00,electricity,1.395,kWh
2024-11-29 13:00:00,water,18.417,L
2024-11-29 14:00:00,electricity,1.333,kWh
2024-11-29 14:00:00,water,15.773,L
2024-11-29 15:00:00,electricity,1.518,kWh
2024-11-29 15:00:00,water,16.78,L
2024-11-29 16:00:00,electricity,1.279,kWh
2024-11-29 16:00:00,water,16.665,L
2024-11-29 17:00:00,electricity,2.621,kWh
2024-11-29 17:00:00,water,41.304,L
2024-11-29 18:00:00,electricity,2.308,kWh
2024-11-29 18:00:00,water,33.513,L
2024-11-29 19:00:00,electricity,2.478,kWh
2024-11-29 19:00:00,water,29.599,L
2024-11-29 20:00:00,electricity,2.349,kWh
2024-11-29 20:00:00,water,28.648,L
2024-11-29 21:00:00,electricity,2.363,kWh
2024-11-29 21:00:00,water,18.53,L
2024-11-29 22:00:00,electricity,1.27,kWh
2024-11-29 22:00:00,water,26.176,L
2024-11-29 23:00:00,electricity,1.498,kWh
2024-11-29 23:00:00,water,22.544,L
2024-11-30 00:00:00,electricity,0.4,kWh
2024-11-30 00:00:00,water,4.135,L
2024-11-30 01:00:00,electricity,0.4,kWh
2024-11-30 01:00:00,water,4.151,L
2024-11-30 02:00:00,electricity,0.524,kWh
2024-11-30 02:00:00,water,3.926,L
2024-11-30 03:00:00,electricity,0.474,kWh
2024-11-30 03:00:00,water,3.865,L
2024-11-30 04:00:00,electricity,0.329,kWh
2024-11-30 04:00:00,water,4.389,L
2024-11-30 05:00:00,electricity,0.408,kWh
2024-11-30 05:00:00,water,3.968,L
2024-11-30 06:00:00,electricity,1.15,kWh
2024-11-30 06:00:00,water,68.322,L
2024-11-30 07:00:00,electricity,1.271,kWh
2024-11-30 07:00:00,water,62.858,L
2024-11-30 08:00:00,electricity,0.963,kWh
2024-11-30 08:00:00,water,54.163,L
2024-11-30 09:00:00,electricity,1.385,kWh
2024-11-30 09:00:00,water,55.01,L
2024-11-30 10:00:00,electricity,0.957,kWh
2024-11-30 10:00:00,water,21.357,L
2024-11-30 11:00:00,electricity,1.086,kWh
2024-11-30 11:00:00,water,26.819,L
2024-11-30 12:00:00,electricity,0.904,kWh
2024-11-30 12:00:00,water,22.263,L
2024-11-30 13:00:00,electricity,1.089,kWh
2024-11-30 13:00:00,water,21.158,L
2024-11-30 14:00:00,electricity,1.035,kWh
2024-11-30 14:00:00,water,24.298,L
2024-11-30 15:00:00,electricity,1.242,kWh
2024-11-30 15:00:00,water,23.127,L
2024-11-30 16:00:00,electricity,1.232,kWh
2024-11-30 16:00:00,water,24.227,L
2024-11-30 17:00:00,electricity,2.097,kWh
2024-11-30 17:00:00,water,59.805,L
2024-11-30 18:00:00,electricity,1.881,kWh
2024-11-30 18:00:00,water,54.091,L
2024-11-30 19:00:00,electricity,2.33,kWh
2024-11-30 19:00:00,water,48.908,L
2024-11-30 20:00:00,electricity,1.642,kWh
2024-11-30 20:00:00,water,40.511,L
2024-11-30 21:00:00,electricity,1.671,kWh
2024-11-30 21:00:00,water,27.495,L
2024-11-30 22:00:00,electricity,1.071,kWh
2024-11-30 22:00:00,water,31.746,L
2024-11-30 23:00:00,electricity,1.323,kWh
2024-11-30 23:00:00,water,25.14,L
2024-12-01 00:00:00,electricity,0.55,kWh
2024-12-01 00:00:00,water,4.902,L
2024-12-01 01:00:00,electricity,0.551,kWh
2024-12-01 01:00:00,water,3.907,L
2024-12-01 02:00:00,electricity,0.481,kWh
2024-12-01 02:00:00,water,3.923,L
2024-12-01 03:00:00,electricity,0.615,kWh
2024-12-01 03:00:00,water,3.588,L
2024-12-01 04:00:00,electricity,0.615,kWh
2024-12-01 04:00:00,water,4.132,L
2024-12-01 05:00:00,electricity,0.606,kWh
2024-12-01 05:00:00,water,3.358,L
2024-12-01 06:00:00,electricity,1.71,kWh
2024-12-01 06:00:00,water,73.698,L
2024-12-01 07:00:00,electricity,1.696,kWh
2024-12-01 07:00:00,water,67.748,L
2024-12-01 08:00:00,electricity,1.589,kWh
2024-12-01 08:00:00,water,65.41,L
2024-12-01 09:00:00,electricity,1.841,kWh
2024-12-01 09:00:00,water,48.739,L
2024-12-01 10:00:00,electricity,1.252,kWh
2024-12-01 10:00:00,water,23.977,L
2024-12-01 11:00:00,electricity,1.239,kWh
2024-12-01 11:00:00,water,26.795,L
2024-12-01 12:00:00,electricity,1.345,kWh
2024-12-01 12:00:00,water,25.065,L
2024-12-01 13:00:00,electricity,1.335,kWh
2024-12-01 13:00:00,water,20.586,L
2024-12-01 14:00:00,electricity,1.328,kWh
2024-12-01 14:00:00,water,21.575,L
2024-12-01 15:00:00,electricity,1.469,kWh
2024-12-01 15:00:00,water,22.131,L
2024-12-01 16:00:00,electricity,1.415,kWh
2024-12-01 16:00:00,water,21.706,L
2024-12-01 17:00:00,electricity,2.454,kWh
2024-12-01 17:00:00,water,57.693,L
2024-12-01 18:00:00,electricity,2.573,kWh
2024-12-01 18:00:00,water,37.512,L
2024-12-01 19:00:00,electricity,2.277,kWh
2024-12-01 19:00:00,water,52.587,L
2024-12-01 20:00:00,electricity,2.554,kWh
2024-12-01 20:00:00,water,41.19,L
2024-12-01 21:00:00,electricity,2.565,kWh
2024-12-01 21:00:00,water,25.876,L
2024-12-01 22:00:00,electricity,1.193,kWh
2024-12-01 22:00:00,water,22.196,L
2024-12-01 23:00:00,electricity,1.544,kWh
2024-12-01 23:00:00,water,27.323,L
2024-12-02 00:00:00,electricity,0.626,kWh
2024-12-02 00:00:00,water,3.544,L
2024-12-02 01:00:00,electricity,0.693,kWh
2024-12-02 01:00:00,water,3.095,L
2024-12-02 02:00:00,electricity,0.766,kWh
2024-12-02 02:00:00,water,2.569,L
2024-12-02 03:00:00,electricity,0.75,kWh
2024-12-02 03:00:00,water,3.366,L
2024-12-02 04:00:00,electricity,0.689,kWh
2024-12-02 04:00:00,water,3.443,L
2024-12-02 05:00:00,electricity,0.662,kWh
2024-12-02 05:00:00,water,3.037,L
2024-12-02 06:00:00,electricity,2.442,kWh
2024-12-02 06:00:00,water,55.988,L
2024-12-02 07:00:00,electricity,2.381,kWh
2024-12-02 07:00:00,water,49.436,L
2024-12-02 08:00:00,electricity,2.093,kWh
2024-12-02 08:00:00,water,48.686,L
2024-12-02 09:00:00,electricity,2.053,kWh
2024-12-02 09:00:00,water,40.662,L
2024-12-02 10:00:00,electricity,1.36,kWh
2024-12-02 10:00:00,water,19.355,L
2024-12-02 11:00:00,electricity,1.742,kWh
2024-12-02 11:00:00,water,18.468,L
2024-12-02 12:00:00,electricity,1.702,kWh
2024-12-02 12:00:00,water,19.123,L
2024-12-02 13:00:00,electricity,1.911,kWh
2024-12-02 13:00:00,water,16.521,L
2024-12-02 14:00:00,electricity,1.778,kWh
2024-12-02 14:00:00,water,18.277,L
2024-12-02 15:00:00,electricity,1.945,kWh
2024-12-02 15:00:00,water,16.236,L
2024-12-02 16:00:00,electricity,1.596,kWh
2024-12-02 16:00:00,water,13.362,L
2024-12-02 17:00:00,electricity,3.44,kWh
2024-12-02 17:00:00,water,41.992,L
2024-12-02 18:00:00,electricity,2.925,kWh
2024-12-02 18:00:00,water,30.739,L
2024-12-02 19:00:00,electricity,3.329,kWh
2024-12-02 19:00:00,water,37.982,L
2024-12-02 20:00:00,electricity,2.638,kWh
2024-12-02 20:00:00,water,38.999,L
2024-12-02 21:00:00,electricity,3.161,kWh
2024-12-02 21:00:00,water,23.382,L
2024-12-02 22:00:00,electricity,1.375,kWh
2024-12-02 22:00:00,water,21.736,L
2024-12-02 23:00:00,electricity,1.67,kWh
2024-12-02 23:00:00,water,23.232,L
2024-12-03 00:00:00,electricity,0.717,kWh
2024-12-03 00:00:00,water,3.17,L
2024-12-03 01:00:00,electricity,0.651,kWh
2024-12-03 01:00:00,water,3.265,L
2024-12-03 02:00:00,electricity,0.614,kWh
2024-12-03 02:00:00,water,3.624,L
2024-12-03 03:00:00,electricity,0.744,kWh
2024-12-03 03:00:00,water,3.084,L
2024-12-03 04:00:00,electricity,0.679,kWh
2024-12-03 04:00:00,water,3.023,L
2024-12-03 05:00:00,electricity,0.653,kWh
2024-12-03 05:00:00,water,2.674,L
2024-12-03 06:00:00,electricity,2.24,kWh
2024-12-03 06:00:00,water,47.354,L
2024-12-03 07:00:00,electricity,2.819,kWh
2024-12-03 07:00:00,water,48.604,L
2024-12-03 08:00:00,electricity,2.488,kWh
2024-12-03 08:00:00,water,43.962,L
2024-12-03 09:00:00,electricity,2.49,kWh
2024-12-03 09:00:00,water,47.941,L
2024-12-03 10:00:00,electricity,1.791,kWh
2024-12-03 10:00:00,water,17.368,L
2024-12-03 11:00:00,electricity,1.745,kWh
2024-12-03 11:00:00,water,19.449,L
2024-12-03 12:00:00,electricity,1.305,kWh
2024-12-03 12:00:00,water,19.971,L
2024-12-03 13:00:00,electricity,1.599,kWh
2024-12-03 13:00:00,water,19.941,L
2024-12-03 14:00:00,electricity,1.634,kWh
2024-12-03 14:00:00,water,18.255,L
2024-12-03 15:00:00,electricity,1.394,kWh
2024-12-03 15:00:00,water,15.754,L
2024-12-03 16:00:00,electricity,1.517,kWh
2024-12-03 16:00:00,water,16.678,L
2024-12-03 17:00:00,electricity,2.477,kWh
2024-12-03 17:00:00,water,40.178,L
2024-12-03 18:00:00,electricity,3.077,kWh
2024-12-03 18:00:00,water,48.52,L
2024-12-03 19:00:00,electricity,3.342,kWh
2024-12-03 19:00:00,water,35.967,L
2024-12-03 20:00:00,electricity,3.431,kWh
2024-12-03 20:00:00,water,39.551,L
2024-12-03 21:00:00,electricity,3.217,kWh
2024-12-03 21:00:00,water,20.999,L
2024-12-03 22:00:00,electricity,1.551,kWh
2024-12-03 22:00:00,water,19.87,L
2024-12-03 23:00:00,electricity,1.384,kWh
2024-12-03 23:00:00,water,20.674,L
2024-12-04 00:00:00,electricity,0.566,kWh
2024-12-04 00:00:00,water,2.25,L
2024-12-04 01:00:00,electricity,0.599,kWh
2024-12-04 01:00:00,water,3.487,L
2024-12-04 02:00:00,electricity,0.625,kWh
2024-12-04 02:00:00,water,2.197,L
2024-12-04 03:00:00,electricity,0.675,kWh
2024-12-04 03:00:00,water,2.905,L
2024-12-04 04:00:00,electricity,0.617,kWh
2024-12-04 04:00:00,water,2.576,L
2024-12-04 05:00:00,electricity,0.71,kWh
2024-12-04 05:00:00,water,2.682,L
2024-12-04 06:00:00,electricity,2.179,kWh
2024-12-04 06:00:00,water,52.433,L
2024-12-04 07:00:00,electricity,2.233,kWh
2024-12-04 07:00:00,water,46.086,L
2024-12-04 08:00:00,electricity,2.485,kWh
2024-12-04 08:00:00,water,39.787,L
2024-12-04 09:00:00,electricity,1.968,kWh
2024-12-04 09:00:00,water,41.817,L
2024-12-04 10:00:00,electricity,1.788,kWh
2024-12-04 10:00:00,water,16.347,L
2024-12-04 11:00:00,electricity,1.714,kWh
2024-12-04 11:00:00,water,17.906,L
2024-12-04 12:00:00,electricity,1.659,kWh
2024-12-04 12:00:00,water,18.373,L
2024-12-04 13:00:00,electricity,1.868,kWh
2024-12-04 13:00:00,water,22.094,L
2024-12-04 14:00:00,electricity,1.867,kWh
2024-12-04 14:00:00,water,13.861,L
2024-12-04 15:00:00,electricity,1.554,kWh
2024-12-04 15:00:00,water,17.925,L
2024-12-04 16:00:00,electricity,1.685,kWh
2024-12-04 16:00:00,water,17.318,L
2024-12-04 17:00:00,electricity,3.176,kWh
2024-12-04 17:00:00,water,41.759,L
2024-12-04 18:00:00,electricity,3.004,kWh
2024-12-04 18:00:00,water,39.097,L
2024-12-04 19:00:00,electricity,3.27,kWh
2024-12-04 19:00:00,water,40.157,L
2024-12-04 20:00:00,electricity,3.176,kWh
2024-12-04 20:00:00,water,39.053,L
2024-12-04 21:00:00,electricity,3.655,kWh
2024-12-04 21:00:00,water,19.984,L
2024-12-04 22:00:00,electricity,1.453,kWh
2024-12-04 22:00:00,water,25.77,L
2024-12-04 23:00:00,electricity,1.695,kWh
2024-12-04 23:00:00,water,24.656,L
2024-12-05 00:00:00,electricity,0.624,kWh
2024-12-05 00:00:00,water,3.33,L
2024-12-05 01:00:00,electricity,0.728,kWh
2024-12-05 01:00:00,water,3.455,L
2024-12-05 02:00:00,electricity,0.575,kWh
2024-12-05 02:00:00,water,3.15,L
2024-12-05 03:00:00,electricity,0.71,kWh
2024-12-05 03:00:00,water,3.533,L
2024-12-05 04:00:00,electricity,0.643,kWh
2024-12-05 04:00:00,water,3.136,L
2024-12-05 05:00:00,electricity,0.636,kWh
2024-12-05 05:00:00,water,2.921,L
2024-12-05 06:00:00,electricity,1.908,kWh
2024-12-05 06:00:00,water,44.964,L
2024-12-05 07:00:00,electricity,2.127,kWh
2024-12-05 07:00:00,water,44.871,L
2024-12-05 08:00:00,electricity,2.473,kWh
2024-12-05 08:00:00,water,42.195,L
2024-12-05 09:00:00,electricity,2.225,kWh
2024-12-05 09:00:00,water,53.812,L
2024-12-05 10:00:00,electricity,1.824,kWh
2024-12-05 10:00:00,water,18.64,L
2024-12-05 11:00:00,electricity,2.002,kWh
2024-12-05 11:00:00,water,18.205,L
2024-12-05 12:00:00,electricity,1.761,kWh
2024-12-05 12:00:00,water,18.839,L
2024-12-05 13:00:00,electricity,1.62,kWh
2024-12-05 13:00:00,water,24.436,L
2024-12-05 14:00:00,electricity,1.796,kWh
2024-12-05 14:00:00,water,15.555,L
2024-12-05 15:00:00,electricity,1.623,kWh
2024-12-05 15:00:00,water,16.175,L
2024-12-05 16:00:00,electricity,1.629,kWh
2024-12-05 16:00:00,water,15.018,L
2024-12-05 17:00:00,electricity,2.619,kWh
2024-12-05 17:00:00,water,36.453,L
2024-12-05 18:00:00,electricity,3.375,kWh
2024-12-05 18:00:00,water,38.605,L
2024-12-05 19:00:00,electricity,2.97,kWh
2024-12-05 19:00:00,water,35.406,L
2024-12-05 20:00:00,electricity,3.145,kWh
2024-12-05 20:00:00,water,35.071,L
2024-12-05 21:00:00,electricity,2.769,kWh
2024-12-05 21:00:00,water,22.884,L
2024-12-05 22:00:00,electricity,1.791,kWh
2024-12-05 22:00:00,water,21.144,L
2024-12-05 23:00:00,electricity,1.585,kWh
2024-12-05 23:00:00,water,23.337,L
2024-12-06 00:00:00,electricity,0.677,kWh
2024-12-06 00:00:00,water,3.401,L
2024-12-06 01:00:00,electricity,0.747,kWh
2024-12-06 01:00:00,water,3.244,L
2024-12-06 02:00:00,electricity,0.741,kWh
2024-12-06 02:00:00,water,3.317,L
2024-12-06 03:00:00,electricity,0.685,kWh
2024-12-06 03:00:00,water,3.391,L
2024-12-06 04:00:00,electricity,0.565,kWh
2024-12-06 04:00:00,water,3.102,L
2024-12-06 05:00:00,electricity,0.892,kWh
2024-12-06 05:00:00,water,2.943,L
2024-12-06 06:00:00,electricity,2.62,kWh
2024-12-06 06:00:00,water,40.83,L
2024-12-06 07:00:00,electricity,2.392,kWh
2024-12-06 07:00:00,water,42.888,L
2024-12-06 08:00:00,electricity,2.063,kWh
2024-12-06 08:00:00,water,42.172,L
2024-12-06 09:00:00,electricity,2.205,kWh
2024-12-06 09:00:00,water,48.951,L
2024-12-06 10:00:00,electricity,1.623,kWh
2024-12-06 10:00:00,water,18.749,L
2024-12-06 11:00:00,electricity,1.933,kWh
2024-12-06 11:00:00,water,19.505,L
2024-12-06 12:00:00,electricity,1.761,kWh
2024-12-06 12:00:00,water,15.494,L
2024-12-06 13:00:00,electricity,1.581,kWh
2024-12-06 13:00:00,water,21.093,L
2024-12-06 14:00:00,electricity,1.635,kWh
2024-12-06 14:00:00,water,17.078,L
2024-12-06 15:00:00,electricity,1.908,kWh
2024-12-06 15:00:00,water,15.624,L
2024-12-06 16:00:00,electricity,1.991,kWh
2024-12-06 16:00:00,water,17.051,L
2024-12-06 17:00:00,electricity,3.561,kWh
2024-12-06 17:00:00,water,48.677,L
2024-12-06 18:00:00,electricity,3.323,kWh
2024-12-06 18:00:00,water,35.755,L
2024-12-06 19:00:00,electricity,3.011,kWh
2024-12-06 19:00:00,water,36.037,L
2024-12-06 20:00:00,electricity,2.088,kWh
2024-12-06 20:00:00,water,36.636,L
2024-12-06 21:00:00,electricity,3.181,kWh
2024-12-06 21:00:00,water,22.099,L
2024-12-06 22:00:00,electricity,1.716,kWh
2024-12-06 22:00:00,water,20.39,L
2024-12-06 23:00:00,electricity,1.74,kWh
2024-12-06 23:00:00,water,22.887,L
2024-12-07 00:00:00,electricity,0.565,kWh
2024-12-07 00:00:00,water,4.403,L
2024-12-07 01:00:00,electricity,0.487,kWh
2024-12-07 01:00:00,water,4.047,L
2024-12-07 02:00:00,electricity,0.593,kWh
2024-12-07 02:00:00,water,3.38,L
2024-12-07 03:00:00,electricity,0.597,kWh
2024-12-07 03:00:00,water,3.739,L
2024-12-07 04:00:00,electricity,0.6,kWh
2024-12-07 04:00:00,water,3.642,L
2024-12-07 05:00:00,electricity,0.615,kWh
2024-12-07 05:00:00,water,3.925,L
2024-12-07 06:00:00,electricity,1.935,kWh
2024-12-07 06:00:00,water,67.84,L
2024-12-07 07:00:00,electricity,1.75,kWh
2024-12-07 07:00:00,water,57.455,L
2024-12-07 08:00:00,electricity,1.812,kWh
2024-12-07 08:00:00,water,57.881,L
2024-12-07 09:00:00,electricity,1.842,kWh
2024-12-07 09:00:00,water,70.979,L
2024-12-07 10:00:00,electricity,1.419,kWh
2024-12-07 10:00:00,water,25.86,L
2024-12-07 11:00:00,electricity,1.544,kWh
2024-12-07 11:00:00,water,25.012,L
2024-12-07 12:00:00,electricity,1.494,kWh
2024-12-07 12:00:00,water,28.898,L
2024-12-07 13:00:00,electricity,1.696,kWh
2024-12-07 13:00:00,water,24.775,L
2024-12-07 14:00:00,electricity,1.714,kWh
2024-12-07 14:00:00,water,17.822,L
2024-12-07 15:00:00,electricity,1.415,kWh
2024-12-07 15:00:00,water,25.738,L
2024-12-07 16:00:00,electricity,0.865,kWh
2024-12-07 16:00:00,water,18.93,L
2024-12-07 17:00:00,electricity,2.84,kWh
2024-12-07 17:00:00,water,51.394,L
2024-12-07 18:00:00,electricity,2.391,kWh
2024-12-07 18:00:00,water,38.725,L
2024-12-07 19:00:00,electricity,2.325,kWh
2024-12-07 19:00:00,water,46.019,L
2024-12-07 20:00:00,electricity,2.427,kWh
2024-12-07 20:00:00,water,46.622,L
2024-12-07 21:00:00,electricity,2.414,kWh
2024-12-07 21:00:00,water,26.547,L
2024-12-07 22:00:00,electricity,1.49,kWh
2024-12-07 22:00:00,water,28.026,L
2024-12-07 23:00:00,electricity,1.185,kWh
2024-12-07 23:00:00,water,32.874,L
2024-12-08 00:00:00,electricity,0.501,kWh
2024-12-08 00:00:00,water,3.566,L
2024-12-08 01:00:00,electricity,0.581,kWh
2024-12-08 01:00:00,water,4.155,L
2024-12-08 02:00:00,electricity,0.597,kWh
2024-12-08 02:00:00,water,3.448,L
2024-12-08 03:00:00,electricity,0.598,kWh
2024-12-08 03:00:00,water,3.811,L
2024-12-08 04:00:00,electricity,0.517,kWh
2024-12-08 04:00:00,water,4.052,L
2024-12-08 05:00:00,electricity,0.507,kWh
2024-12-08 05:00:00,water,3.434,L
2024-12-08 06:00:00,electricity,1.733,kWh
2024-12-08 06:00:00,water,49.292,L
2024-12-08 07:00:00,electricity,1.869,kWh
2024-12-08 07:00:00,water,61.953,L
2024-12-08 08:00:00,electricity,2.096,kWh
2024-12-08 08:00:00,water,66.384,L
2024-12-08 09:00:00,electricity,1.452,kWh
2024-12-08 09:00:00,water,57.945,L
2024-12-08 10:00:00,electricity,1.373,kWh
2024-12-08 10:00:00,water,22.116,L
2024-12-08 11:00:00,electricity,1.217,kWh
2024-12-08 11:00:00,water,23.837,L
2024-12-08 12:00:00,electricity,1.172,kWh
2024-12-08 12:00:00,water,23.556,L
2024-12-08 13:00:00,electricity,1.54,kWh
2024-12-08 13:00:00,water,24.082,L
2024-12-08 14:00:00,electricity,1.48,kWh
2024-12-08 14:00:00,water,16.301,L
2024-12-08 15:00:00,electricity,1.467,kWh
2024-12-08 15:00:00,water,20.398,L
2024-12-08 16:00:00,electricity,1.533,kWh
2024-12-08 16:00:00,water,21.027,L
2024-12-08 17:00:00,electricity,2.406,kWh
2024-12-08 17:00:00,water,49.633,L
2024-12-08 18:00:00,electricity,2.418,kWh
2024-12-08 18:00:00,water,49.837,L
2024-12-08 19:00:00,electricity,3.08,kWh
2024-12-08 19:00:00,water,52.472,L
2024-12-08 20:00:00,electricity,2.465,kWh
2024-12-08 20:00:00,water,50.257,L
2024-12-08 21:00:00,electricity,2.713,kWh
2024-12-08 21:00:00,water,24.684,L
2024-12-08 22:00:00,electricity,1.405,kWh
2024-12-08 22:00:00,water,34.329,L
2024-12-08 23:00:00,electricity,1.145,kWh
2024-12-08 23:00:00,water,33.714,L
2024-12-09 00:00:00,electricity,0.546,kWh
2024-12-09 00:00:00,water,2.547,L
2024-12-09 01:00:00,electricity,0.647,kWh
2024-12-09 01:00:00,water,3.12,L
2024-12-09 02:00:00,electricity,0.759,kWh
2024-12-09 02:00:00,water,2.786,L
2024-12-09 03:00:00,electricity,0.741,kWh
2024-12-09 03:00:00,water,3.05,L
2024-12-09 04:00:00,electricity,0.749,kWh
2024-12-09 04:00:00,water,3.379,L
2024-12-09 05:00:00,electricity,0.619,kWh
2024-12-09 05:00:00,water,3.767,L
2024-12-09 06:00:00,electricity,2.591,kWh
2024-12-09 06:00:00,water,49.057,L
2024-12-09 07:00:00,electricity,2.016,kWh
2024-12-09 07:00:00,water,46.593,L
2024-12-09 08:00:00,electricity,2.278,kWh
2024-12-09 08:00:00,water,43.165,L
2024-12-09 09:00:00,electricity,2.228,kWh
2024-12-09 09:00:00,water,45.984,L
2024-12-09 10:00:00,electricity,1.686,kWh
2024-12-09 10:00:00,water,20.937,L
2024-12-09 11:00:00,electricity,1.946,kWh
2024-12-09 11:00:00,water,17.903,L
2024-12-09 12:00:00,electricity,1.595,kWh
2024-12-09 12:00:00,water,16.086,L
2024-12-09 13:00:00,electricity,1.484,kWh
2024-12-09 13:00:00,water,14.501,L
2024-12-09 14:00:00,electricity,1.719,kWh
2024-12-09 14:00:00,water,19.108,L
2024-12-09 15:00:00,electricity,1.647,kWh
2024-12-09 15:00:00,water,18.534,L
2024-12-09 16:00:00,electricity,2.296,kWh
2024-12-09 16:00:00,water,16.605,L
2024-12-09 17:00:00,electricity,3.298,kWh
2024-12-09 17:00:00,water,42.117,L
2024-12-09 18:00:00,electricity,2.962,kWh
2024-12-09 18:00:00,water,35.602,L
2024-12-09 19:00:00,electricity,2.763,kWh
2024-12-09 19:00:00,water,36.894,L
2024-12-09 20:00:00,electricity,2.508,kWh
2024-12-09 20:00:00,water,37.425,L
2024-12-09 21:00:00,electricity,2.772,kWh
2024-12-09 21:00:00,water,21.552,L
2024-12-09 22:00:00,electricity,1.736,kWh
2024-12-09 22:00:00,water,23.137,L
2024-12-09 23:00:00,electricity,1.961,kWh
2024-12-09 23:00:00,water,25.609,L
2024-12-10 00:00:00,electricity,0.763,kWh
2024-12-10 00:00:00,water,2.589,L
2024-12-10 01:00:00,electricity,0.702,kWh
2024-12-10 01:00:00,water,3.176,L
2024-12-10 02:00:00,electricity,0.664,kWh
2024-12-10 02:00:00,water,3.062,L
2024-12-10 03:00:00,electricity,0.705,kWh
2024-12-10 03:00:00,water,3.055,L
2024-12-10 04:00:00,electricity,0.651,kWh
2024-12-10 04:00:00,water,3.314,L
2024-12-10 05:00:00,electricity,0.804,kWh
2024-12-10 05:00:00,water,3.018,L
2024-12-10 06:00:00,electricity,2.189,kWh
2024-12-10 06:00:00,water,47.593,L
2024-12-10 07:00:00,electricity,2.212,kWh
2024-12-10 07:00:00,water,48.866,L
2024-12-10 08:00:00,electricity,1.736,kWh
2024-12-10 08:00:00,water,42.276,L
2024-12-10 09:00:00,electricity,2.187,kWh
2024-12-10 09:00:00,water,46.616,L
2024-12-10 10:00:00,electricity,1.86,kWh
2024-12-10 10:00:00,water,17.458,L
2024-12-10 11:00:00,electricity,1.533,kWh
2024-12-10 11:00:00,water,17.713,L
2024-12-10 12:00:00,electricity,1.587,kWh
2024-12-10 12:00:00,water,17.304,L
2024-12-10 13:00:00,electricity,1.852,kWh
2024-12-10 13:00:00,water,19.018,L
2024-12-10 14:00:00,electricity,1.463,kWh
2024-12-10 14:00:00,water,18.176,L
2024-12-10 15:00:00,electricity,1.898,kWh
2024-12-10 15:00:00,water,18.852,L
2024-12-10 16:00:00,electricity,1.625,kWh
2024-12-10 16:00:00,water,17.962,L
2024-12-10 17:00:00,electricity,2.969,kWh
2024-12-10 17:00:00,water,30.281,L
2024-12-10 18:00:00,electricity,2.742,kWh
2024-12-10 18:00:00,water,37.641,L
2024-12-10 19:00:00,electricity,3.206,kWh
2024-12-10 19:00:00,water,37.786,L
2024-12-10 20:00:00,electricity,3.849,kWh
2024-12-10 20:00:00,water,38.592,L
2024-12-10 21:00:00,electricity,3.33,kWh
2024-12-10 21:00:00,water,20.897,L
2024-12-10 22:00:00,electricity,1.568,kWh
2024-12-10 22:00:00,water,19.272,L
2024-12-10 23:00:00,electricity,5.971,kWh
2024-12-10 23:00:00,water,24.186,L
2024-12-11 00:00:00,electricity,0.665,kWh
2024-12-11 00:00:00,water,2.902,L
2024-12-11 01:00:00,electricity,0.781,kWh
2024-12-11 01:00:00,water,3.062,L
2024-12-11 02:00:00,electricity,0.742,kWh
2024-12-11 02:00:00,water,2.899,L
2024-12-11 03:00:00,electricity,0.484,kWh
2024-12-11 03:00:00,water,2.998,L
2024-12-11 04:00:00,electricity,0.617,kWh
2024-12-11 04:00:00,water,2.838,L
2024-12-11 05:00:00,electricity,0.751,kWh
2024-12-11 05:00:00,water,2.651,L
2024-12-11 06:00:00,electricity,2.265,kWh
2024-12-11 06:00:00,water,47.558,L
2024-12-11 07:00:00,electricity,2.002,kWh
2024-12-11 07:00:00,water,41.743,L
2024-12-11 08:00:00,electricity,2.089,kWh
2024-12-11 08:00:00,water,45.885,L
2024-12-11 09:00:00,electricity,1.806,kWh
2024-12-11 09:00:00,water,47.216,L
2024-12-11 10:00:00,electricity,1.701,kWh
2024-12-11 10:00:00,water,16.732,L
2024-12-11 11:00:00,electricity,2.095,kWh
2024-12-11 11:00:00,water,15.4,L
2024-12-11 12:00:00,electricity,1.854,kWh
2024-12-11 12:00:00,water,23.24,L
2024-12-11 13:00:00,electricity,2.092,kWh
2024-12-11 13:00:00,water,16.86,L
2024-12-11 14:00:00,electricity,1.867,kWh
2024-12-11 14:00:00,water,19.347,L
2024-12-11 15:00:00,electricity,1.892,kWh
2024-12-11 15:00:00,water,22.189,L
2024-12-11 16:00:00,electricity,2.055,kWh
2024-12-11 16:00:00,water,19.706,L
2024-12-11 17:00:00,electricity,3.205,kWh
2024-12-11 17:00:00,water,36.148,L
2024-12-11 18:00:00,electricity,3.031,kWh
2024-12-11 18:00:00,water,37.198,L
2024-12-11 19:00:00,electricity,3.408,kWh
2024-12-11 19:00:00,water,33.753,L
2024-12-11 20:00:00,electricity,3.538,kWh
2024-12-11 20:00:00,water,41.468,L
2024-12-11 21:00:00,electricity,2.941,kWh
2024-12-11 21:00:00,water,24.029,L
2024-12-11 22:00:00,electricity,1.592,kWh
2024-12-11 22:00:00,water,21.111,L
2024-12-11 23:00:00,electricity,1.74,kWh
2024-12-11 23:00:00,water,19.686,L
2024-12-12 00:00:00,electricity,0.743,kWh
2024-12-12 00:00:00,water,2.524,L
2024-12-12 01:00:00,electricity,0.741,kWh
2024-12-12 01:00:00,water,3.355,L
2024-12-12 02:00:00,electricity,0.589,kWh
2024-12-12 02:00:00,water,3.043,L
2024-12-12 03:00:00,electricity,0.818,kWh
2024-12-12 03:00:00,water,3.077,L
2024-12-12 04:00:00,electricity,0.642,kWh
2024-12-12 04:00:00,water,2.704,L
2024-12-12 05:00:00,electricity,0.668,kWh
2024-12-12 05:00:00,water,2.473,L
2024-12-12 06:00:00,electricity,2.029,kWh
2024-12-12 06:00:00,water,50.198,L
2024-12-12 07:00:00,electricity,2.833,kWh
2024-12-12 07:00:00,water,45.227,L
2024-12-12 08:00:00,electricity,2.285,kWh
2024-12-12 08:00:00,water,49.899,L
2024-12-12 09:00:00,electricity,2.041,kWh
2024-12-12 09:00:00,water,42.916,L
2024-12-12 10:00:00,electricity,1.864,kWh
2024-12-12 10:00:00,water,17.488,L
2024-12-12 11:00:00,electricity,1.848,kWh
2024-12-12 11:00:00,water,19.541,L
2024-12-12 12:00:00,electricity,1.684,kWh
2024-12-12 12:00:00,water,19.582,L
2024-12-12 13:00:00,electricity,1.86,kWh
2024-12-12 13:00:00,water,19.723,L
2024-12-12 14:00:00,electricity,1.574,kWh
2024-12-12 14:00:00,water,17.362,L
2024-12-12 15:00:00,electricity,1.631,kWh
2024-12-12 15:00:00,water,19.327,L
2024-12-12 16:00:00,electricity,1.371,kWh
2024-12-12 16:00:00,water,20.396,L
2024-12-12 17:00:00,electricity,2.68,kWh
2024-12-12 17:00:00,water,37.029,L
2024-12-12 18:00:00,electricity,3.647,kWh
2024-12-12 18:00:00,water,35.189,L
2024-12-12 19:00:00,electricity,3.596,kWh
2024-12-12 19:00:00,water,43.542,L
2024-12-12 20:00:00,electricity,3.109,kWh
2024-12-12 20:00:00,water,34.555,L
2024-12-12 21:00:00,electricity,3.602,kWh
2024-12-12 21:00:00,water,24.2,L
2024-12-12 22:00:00,electricity,1.689,kWh
2024-12-12 22:00:00,water,22.342,L
2024-12-12 23:00:00,electricity,1.674,kWh
2024-12-12 23:00:00,water,17.528,L
2024-12-13 00:00:00,electricity,0.69,kWh
2024-12-13 00:00:00,water,3.406,L
2024-12-13 01:00:00,electricity,0.678,kWh
2024-12-13 01:00:00,water,2.007,L
2024-12-13 02:00:00,electricity,0.672,kWh
2024-12-13 02:00:00,water,2.286,L
2024-12-13 03:00:00,electricity,0.765,kWh
2024-12-13 03:00:00,water,3.19,L
2024-12-13 04:00:00,electricity,0.697,kWh
2024-12-13 04:00:00,water,3.19,L
2024-12-13 05:00:00,electricity,0.735,kWh
2024-12-13 05:00:00,water,2.77,L
2024-12-13 06:00:00,electricity,2.461,kWh
2024-12-13 06:00:00,water,45.798,L
2024-12-13 07:00:00,electricity,2.317,kWh
2024-12-13 07:00:00,water,31.33,L
2024-12-13 08:00:00,electricity,2.014,kWh
2024-12-13 08:00:00,water,48.818,L
2024-12-13 09:00:00,electricity,1.929,kWh
2024-12-13 09:00:00,water,46.349,L
2024-12-13 10:00:00,electricity,1.742,kWh
2024-12-13 10:00:00,water,17.901,L
2024-12-13 11:00:00,electricity,1.687,kWh
2024-12-13 11:00:00,water,18.045,L
2024-12-13 12:00:00,electricity,1.731,kWh
2024-12-13 12:00:00,water,19.065,L
2024-12-13 13:00:00,electricity,1.713,kWh
2024-12-13 13:00:00,water,17.938,L
2024-12-13 14:00:00,electricity,2.159,kWh
2024-12-13 14:00:00,water,13.952,L
2024-12-13 15:00:00,electricity,1.488,kWh
2024-12-13 15:00:00,water,22.744,L
2024-12-13 16:00:00,electricity,1.375,kWh
2024-12-13 16:00:00,water,20.594,L
2024-12-13 17:00:00,electricity,3.191,kWh
2024-12-13 17:00:00,water,31.718,L
2024-12-13 18:00:00,electricity,2.973,kWh
2024-12-13 18:00:00,water,35.947,L
2024-12-13 19:00:00,electricity,3.186,kWh
2024-12-13 19:00:00,water,36.438,L
2024-12-13 20:00:00,electricity,3.269,kWh
2024-12-13 20:00:00,water,42.355,L
2024-12-13 21:00:00,electricity,3.485,kWh
2024-12-13 21:00:00,water,16.67,L
2024-12-13 22:00:00,electricity,1.457,kWh
2024-12-13 22:00:00,water,21.153,L
2024-12-13 23:00:00,electricity,1.62,kWh
2024-12-13 23:00:00,water,17.746,L
2024-12-14 00:00:00,electricity,0.586,kWh
2024-12-14 00:00:00,water,3.767,L
2024-12-14 01:00:00,electricity,0.605,kWh
2024-12-14 01:00:00,water,3.679,L
2024-12-14 02:00:00,electricity,0.685,kWh
2024-12-14 02:00:00,water,3.937,L
2024-12-14 03:00:00,electricity,0.615,kWh
2024-12-14 03:00:00,water,3.617,L
2024-12-14 04:00:00,electricity,0.558,kWh
2024-12-14 04:00:00,water,3.549,L
2024-12-14 05:00:00,electricity,0.512,kWh
2024-12-14 05:00:00,water,4.19,L
2024-12-14 06:00:00,electricity,1.722,kWh
2024-12-14 06:00:00,water,61.692,L
2024-12-14 07:00:00,electricity,1.717,kWh
2024-12-14 07:00:00,water,62.371,L
2024-12-14 08:00:00,electricity,1.945,kWh
2024-12-14 08:00:00,water,57.258,L
2024-12-14 09:00:00,electricity,1.872,kWh
2024-12-14 09:00:00,water,54.486,L
2024-12-14 10:00:00,electricity,1.218,kWh
2024-12-14 10:00:00,water,23.066,L
2024-12-14 11:00:00,electricity,1.343,kWh
2024-12-14 11:00:00,water,24.807,L
2024-12-14 12:00:00,electricity,1.527,kWh
2024-12-14 12:00:00,water,17.288,L
2024-12-14 13:00:00,electricity,1.453,kWh
2024-12-14 13:00:00,water,24.507,L
2024-12-14 14:00:00,electricity,1.484,kWh
2024-12-14 14:00:00,water,24.268,L
2024-12-14 15:00:00,electricity,1.458,kWh
2024-12-14 15:00:00,water,23.575,L
2024-12-14 16:00:00,electricity,1.632,kWh
2024-12-14 16:00:00,water,22.981,L
2024-12-14 17:00:00,electricity,2.587,kWh
2024-12-14 17:00:00,water,33.738,L
2024-12-14 18:00:00,electricity,2.43,kWh
2024-12-14 18:00:00,water,46.177,L
2024-12-14 19:00:00,electricity,2.296,kWh
2024-12-14 19:00:00,water,59.218,L
2024-12-14 20:00:00,electricity,2.59,kWh
2024-12-14 20:00:00,water,48.825,L
2024-12-14 21:00:00,electricity,1.91,kWh
2024-12-14 21:00:00,water,28.171,L
2024-12-14 22:00:00,electricity,1.378,kWh
2024-12-14 22:00:00,water,29.309,L
2024-12-14 23:00:00,electricity,1.375,kWh
2024-12-14 23:00:00,water,30.495,L
2024-12-15 00:00:00,electricity,0.485,kWh
2024-12-15 00:00:00,water,4.208,L
2024-12-15 01:00:00,electricity,0.509,kWh
2024-12-15 01:00:00,water,3.793,L
2024-12-15 02:00:00,electricity,0.607,kWh
2024-12-15 02:00:00,water,4.099,L
2024-12-15 03:00:00,electricity,0.575,kWh
2024-12-15 03:00:00,water,4.685,L
2024-12-15 04:00:00,electricity,0.567,kWh
2024-12-15 04:00:00,water,4.371,L
2024-12-15 05:00:00,electricity,0.579,kWh
2024-12-15 05:00:00,water,4.995,L
2024-12-15 06:00:00,electricity,1.842,kWh
2024-12-15 06:00:00,water,53.889,L
2024-12-15 07:00:00,electricity,2.052,kWh
2024-12-15 07:00:00,water,70.267,L
2024-12-15 08:00:00,electricity,1.848,kWh
2024-12-15 08:00:00,water,52.949,L
2024-12-15 09:00:00,electricity,1.559,kWh
2024-12-15 09:00:00,water,60.982,L
2024-12-15 10:00:00,electricity,1.633,kWh
2024-12-15 10:00:00,water,25.457,L
2024-12-15 11:00:00,electricity,1.456,kWh
2024-12-15 11:00:00,water,21.966,L
2024-12-15 12:00:00,electricity,1.321,kWh
2024-12-15 12:00:00,water,23.647,L
2024-12-15 13:00:00,electricity,1.228,kWh
2024-12-15 13:00:00,water,25.957,L
2024-12-15 14:00:00,electricity,1.46,kWh
2024-12-15 14:00:00,water,21.406,L
2024-12-15 15:00:00,electricity,1.388,kWh
2024-12-15 15:00:00,water,28.088,L
2024-12-15 16:00:00,electricity,1.625,kWh
2024-12-15 16:00:00,water,19.512,L
2024-12-15 17:00:00,electricity,2.44,kWh
2024-12-15 17:00:00,water,60.097,L
2024-12-15 18:00:00,electricity,2.316,kWh
2024-12-15 18:00:00,water,54.608,L
2024-12-15 19:00:00,electricity,2.754,kWh
2024-12-15 19:00:00,water,48.225,L
2024-12-15 20:00:00,electricity,2.761,kWh
2024-12-15 20:00:00,water,46.394,L
2024-12-15 21:00:00,electricity,2.57,kWh
2024-12-15 21:00:00,water,27.47,L
2024-12-15 22:00:00,electricity,1.499,kWh
2024-12-15 22:00:00,water,28.773,L
2024-12-15 23:00:00,electricity,1.399,kWh
2024-12-15 23:00:00,water,29.08,L
2024-12-16 00:00:00,electricity,0.702,kWh
2024-12-16 00:00:00,water,3.452,L
2024-12-16 01:00:00,electricity,0.766,kWh
2024-12-16 01:00:00,water,3.709,L
2024-12-16 02:00:00,electricity,0.729,kWh
2024-12-16 02:00:00,water,3.072,L
2024-12-16 03:00:00,electricity,0.675,kWh
2024-12-16 03:00:00,water,2.696,L
2024-12-16 04:00:00,electricity,0.779,kWh
2024-12-16 04:00:00,water,2.804,L
2024-12-16 05:00:00,electricity,0.524,kWh
2024-12-16 05:00:00,water,2.934,L
2024-12-16 06:00:00,electricity,2.689,kWh
2024-12-16 06:00:00,water,39.437,L
2024-12-16 07:00:00,electricity,1.85,kWh
2024-12-16 07:00:00,water,38.634,L
2024-12-16 08:00:00,electricity,2.091,kWh
2024-12-16 08:00:00,water,56.324,L
2024-12-16 09:00:00,electricity,2.222,kWh
2024-12-16 09:00:00,water,46.634,L
2024-12-16 10:00:00,electricity,1.691,kWh
2024-12-16 10:00:00,water,16.2,L
2024-12-16 11:00:00,electricity,1.889,kWh
2024-12-16 11:00:00,water,19.764,L
2024-12-16 12:00:00,electricity,1.534,kWh
2024-12-16 12:00:00,water,15.455,L
2024-12-16 13:00:00,electricity,1.761,kWh
2024-12-16 13:00:00,water,15.633,L
2024-12-16 14:00:00,electricity,1.617,kWh
2024-12-16 14:00:00,water,16.265,L
2024-12-16 15:00:00,electricity,1.767,kWh
2024-12-16 15:00:00,water,21.574,L
2024-12-16 16:00:00,electricity,1.705,kWh
2024-12-16 16:00:00,water,17.454,L
2024-12-16 17:00:00,electricity,3.118,kWh
2024-12-16 17:00:00,water,26.512,L
2024-12-16 18:00:00,electricity,2.919,kWh
2024-12-16 18:00:00,water,42.945,L
2024-12-16 19:00:00,electricity,2.931,kWh
2024-12-16 19:00:00,water,36.121,L
2024-12-16 20:00:00,electricity,3.178,kWh
2024-12-16 20:00:00,water,29.178,L
2024-12-16 21:00:00,electricity,3.38,kWh
2024-12-16 21:00:00,water,21.645,L
2024-12-16 22:00:00,electricity,1.613,kWh
2024-12-16 22:00:00,water,23.907,L
2024-12-16 23:00:00,electricity,1.567,kWh
2024-12-16 23:00:00,water,23.591,L
2024-12-17 00:00:00,electricity,0.729,kWh
2024-12-17 00:00:00,water,3.647,L
2024-12-17 01:00:00,electricity,0.684,kWh
2024-12-17 01:00:00,water,2.693,L
2024-12-17 02:00:00,electricity,0.743,kWh
2024-12-17 02:00:00,water,3.017,L
2024-12-17 03:00:00,electricity,0.624,kWh
2024-12-17 03:00:00,water,2.748,L
2024-12-17 04:00:00,electricity,0.564,kWh
2024-12-17 04:00:00,water,2.445,L
2024-12-17 05:00:00,electricity,0.65,kWh
2024-12-17 05:00:00,water,3.319,L
2024-12-17 06:00:00,electricity,2.06,kWh
2024-12-17 06:00:00,water,47.502,L
2024-12-17 07:00:00,electricity,2.213,kWh
2024-12-17 07:00:00,water,46.532,L
2024-12-17 08:00:00,electricity,2.089,kWh
2024-12-17 08:00:00,water,47.305,L
2024-12-17 09:00:00,electricity,2.396,kWh
2024-12-17 09:00:00,water,41.298,L
2024-12-17 10:00:00,electricity,1.667,kWh
2024-12-17 10:00:00,water,15.828,L
2024-12-17 11:00:00,electricity,1.742,kWh
2024-12-17 11:00:00,water,18.081,L
2024-12-17 12:00:00,electricity,1.743,kWh
2024-12-17 12:00:00,water,20.508,L
2024-12-17 13:00:00,electricity,1.749,kWh
2024-12-17 13:00:00,water,21.473,L
2024-12-17 14:00:00,electricity,1.712,kWh
2024-12-17 14:00:00,water,19.718,L
2024-12-17 15:00:00,electricity,1.804,kWh
2024-12-17 15:00:00,water,18.063,L
2024-12-17 16:00:00,electricity,1.579,kWh
2024-12-17 16:00:00,water,18.583,L
2024-12-17 17:00:00,electricity,3.521,kWh
2024-12-17 17:00:00,water,37.552,L
2024-12-17 18:00:00,electricity,3.016,kWh
2024-12-17 18:00:00,water,32.883,L
2024-12-17 19:00:00,electricity,2.684,kWh
2024-12-17 19:00:00,water,37.611,L
2024-12-17 20:00:00,electricity,3.147,kWh
2024-12-17 20:00:00,water,31.493,L
2024-12-17 21:00:00,electricity,2.826,kWh
2024-12-17 21:00:00,water,22.165,L
2024-12-17 22:00:00,electricity,1.83,kWh
2024-12-17 22:00:00,water,26.917,L
2024-12-17 23:00:00,electricity,2.095,kWh
2024-12-17 23:00:00,water,24.722,L
2024-12-18 00:00:00,electricity,0.632,kWh
2024-12-18 00:00:00,water,2.668,L
2024-12-18 01:00:00,electricity,0.709,kWh
2024-12-18 01:00:00,water,2.974,L
2024-12-18 02:00:00,electricity,0.566,kWh
2024-12-18 02:00:00,water,2.7,L
2024-12-18 03:00:00,electricity,0.718,kWh
2024-12-18 03:00:00,water,2.977,L
2024-12-18 04:00:00,electricity,0.626,kWh
2024-12-18 04:00:00,water,3.375,L
2024-12-18 05:00:00,electricity,0.644,kWh
2024-12-18 05:00:00,water,3.235,L
2024-12-18 06:00:00,electricity,1.985,kWh
2024-12-18 06:00:00,water,58.414,L
2024-12-18 07:00:00,electricity,2.394,kWh
2024-12-18 07:00:00,water,51.439,L
2024-12-18 08:00:00,electricity,2.456,kWh
2024-12-18 08:00:00,water,46.102,L
2024-12-18 09:00:00,electricity,2.236,kWh
2024-12-18 09:00:00,water,48.657,L
2024-12-18 10:00:00,electricity,1.568,kWh
2024-12-18 10:00:00,water,17.563,L
2024-12-18 11:00:00,electricity,1.989,kWh
2024-12-18 11:00:00,water,15.565,L
2024-12-18 12:00:00,electricity,1.587,kWh
2024-12-18 12:00:00,water,20.82,L
2024-12-18 13:00:00,electricity,1.345,kWh
2024-12-18 13:00:00,water,20.179,L
2024-12-18 14:00:00,electricity,1.795,kWh
2024-12-18 14:00:00,water,17.479,L
2024-12-18 15:00:00,electricity,1.526,kWh
2024-12-18 15:00:00,water,18.592,L
2024-12-18 16:00:00,electricity,1.886,kWh
2024-12-18 16:00:00,water,20.68,L
2024-12-18 17:00:00,electricity,2.971,kWh
2024-12-18 17:00:00,water,41.309,L
2024-12-18 18:00:00,electricity,3.275,kWh
2024-12-18 18:00:00,water,30.916,L
2024-12-18 19:00:00,electricity,3.522,kWh
2024-12-18 19:00:00,water,38.596,L
2024-12-18 20:00:00,electricity,2.715,kWh
2024-12-18 20:00:00,water,36.746,L
2024-12-18 21:00:00,electricity,2.914,kWh
2024-12-18 21:00:00,water,25.505,L
2024-12-18 22:00:00,electricity,1.703,kWh
2024-12-18 22:00:00,water,25.284,L
2024-12-18 23:00:00,electricity,1.98,kWh
2024-12-18 23:00:00,water,26.06,L
2024-12-19 00:00:00,electricity,0.641,kWh
2024-12-19 00:00:00,water,2.598,L
2024-12-19 01:00:00,electricity,0.646,kWh
2024-12-19 01:00:00,water,2.718,L
2024-12-19 02:00:00,electricity,0.719,kWh
2024-12-19 02:00:00,water,3.401,L
2024-12-19 03:00:00,electricity,0.647,kWh
2024-12-19 03:00:00,water,2.787,L
2024-12-19 04:00:00,electricity,0.697,kWh
2024-12-19 04:00:00,water,2.452,L
2024-12-19 05:00:00,electricity,0.58,kWh
2024-12-19 05:00:00,water,3.192,L
2024-12-19 06:00:00,electricity,2.725,kWh
2024-12-19 06:00:00,water,42.045,L
2024-12-19 07:00:00,electricity,1.93,kWh
2024-12-19 07:00:00,water,54.665,L
2024-12-19 08:00:00,electricity,2.159,kWh
2024-12-19 08:00:00,water,46.599,L
2024-12-19 09:00:00,electricity,2.224,kWh
2024-12-19 09:00:00,water,45.865,L
2024-12-19 10:00:00,electricity,2.044,kWh
2024-12-19 10:00:00,water,17.202,L
2024-12-19 11:00:00,electricity,1.489,kWh
2024-12-19 11:00:00,water,21.436,L
2024-12-19 12:00:00,electricity,2.056,kWh
2024-12-19 12:00:00,water,18.774,L
2024-12-19 13:00:00,electricity,1.846,kWh
2024-12-19 13:00:00,water,17.118,L
2024-12-19 14:00:00,electricity,1.788,kWh
2024-12-19 14:00:00,water,16.285,L
2024-12-19 15:00:00,electricity,1.547,kWh
2024-12-19 15:00:00,water,17.841,L
2024-12-19 16:00:00,electricity,1.814,kWh
2024-12-19 16:00:00,water,15.888,L
2024-12-19 17:00:00,electricity,2.865,kWh
2024-12-19 17:00:00,water,42.13,L
2024-12-19 18:00:00,electricity,3.48,kWh
2024-12-19 18:00:00,water,29.362,L
2024-12-19 19:00:00,electricity,2.789,kWh
2024-12-19 19:00:00,water,36.872,L
2024-12-19 20:00:00,electricity,3.054,kWh
2024-12-19 20:00:00,water,40.246,L
2024-12-19 21:00:00,electricity,2.917,kWh
2024-12-19 21:00:00,water,23.424,L
2024-12-19 22:00:00,electricity,1.547,kWh
2024-12-19 22:00:00,water,20.563,L
2024-12-19 23:00:00,electricity,1.843,kWh
2024-12-19 23:00:00,water,24.283,L
2024-12-20 00:00:00,electricity,0.723,kWh
2024-12-20 00:00:00,water,2.681,L
2024-12-20 01:00:00,electricity,0.769,kWh
2024-12-20 01:00:00,water,2.992,L
2024-12-20 02:00:00,electricity,0.564,kWh
2024-12-20 02:00:00,water,3.235,L
2024-12-20 03:00:00,electricity,0.759,kWh
2024-12-20 03:00:00,water,3.167,L
2024-12-20 04:00:00,electricity,0.858,kWh
2024-12-20 04:00:00,water,2.757,L
2024-12-20 05:00:00,electricity,0.655,kWh
2024-12-20 05:00:00,water,3.431,L
2024-12-20 06:00:00,electricity,2.654,kWh
2024-12-20 06:00:00,water,45.468,L
2024-12-20 07:00:00,electricity,2.172,kWh
2024-12-20 07:00:00,water,49.012,L
2024-12-20 08:00:00,electricity,1.925,kWh
2024-12-20 08:00:00,water,53.257,L
2024-12-20 09:00:00,electricity,2.163,kWh
2024-12-20 09:00:00,water,51.035,L
2024-12-20 10:00:00,electricity,1.896,kWh
2024-12-20 10:00:00,water,20.419,L
2024-12-20 11:00:00,electricity,1.572,kWh
2024-12-20 11:00:00,water,18.416,L
2024-12-20 12:00:00,electricity,1.613,kWh
2024-12-20 12:00:00,water,19.715,L
2024-12-20 13:00:00,electricity,1.818,kWh
2024-12-20 13:00:00,water,18.461,L
2024-12-20 14:00:00,electricity,1.717,kWh
2024-12-20 14:00:00,water,15.388,L
2024-12-20 15:00:00,electricity,1.816,kWh
2024-12-20 15:00:00,water,18.654,L
2024-12-20 16:00:00,electricity,1.757,kWh
2024-12-20 16:00:00,water,18.554,L
2024-12-20 17:00:00,electricity,3.237,kWh
2024-12-20 17:00:00,water,40.127,L
2024-12-20 18:00:00,electricity,2.955,kWh
2024-12-20 18:00:00,water,36.924,L
2024-12-20 19:00:00,electricity,3.16,kWh
2024-12-20 19:00:00,water,34.073,L
2024-12-20 20:00:00,electricity,2.802,kWh
2024-12-20 20:00:00,water,40.454,L
2024-12-20 21:00:00,electricity,3.487,kWh
2024-12-20 21:00:00,water,18.954,L
2024-12-20 22:00:00,electricity,1.607,kWh
2024-12-20 22:00:00,water,26.439,L
2024-12-20 23:00:00,electricity,1.91,kWh
2024-12-20 23:00:00,water,21.875,L
2024-12-21 00:00:00,electricity,0.548,kWh
2024-12-21 00:00:00,water,4.015,L
2024-12-21 01:00:00,electricity,0.573,kWh
2024-12-21 01:00:00,water,4.161,L
2024-12-21 02:00:00,electricity,0.534,kWh
2024-12-21 02:00:00,water,4.176,L
2024-12-21 03:00:00,electricity,0.505,kWh
2024-12-21 03:00:00,water,3.241,L
2024-12-21 04:00:00,electricity,0.464,kWh
2024-12-21 04:00:00,water,4.286,L
2024-12-21 05:00:00,electricity,0.502,kWh
2024-12-21 05:00:00,water,4.042,L
2024-12-21 06:00:00,electricity,1.766,kWh
2024-12-21 06:00:00,water,54.04,L
2024-12-21 07:00:00,electricity,1.864,kWh
2024-12-21 07:00:00,water,53.237,L
2024-12-21 08:00:00,electricity,2.01,kWh
2024-12-21 08:00:00,water,56.155,L
2024-12-21 09:00:00,electricity,1.744,kWh
2024-12-21 09:00:00,water,49.383,L
2024-12-21 10:00:00,electricity,1.28,kWh
2024-12-21 10:00:00,water,28.236,L
2024-12-21 11:00:00,electricity,1.201,kWh
2024-12-21 11:00:00,water,27.573,L
2024-12-21 12:00:00,electricity,1.471,kWh
2024-12-21 12:00:00,water,24.668,L
2024-12-21 13:00:00,electricity,1.598,kWh
2024-12-21 13:00:00,water,22.773,L
2024-12-21 14:00:00,electricity,1.582,kWh
2024-12-21 14:00:00,water,22.847,L
2024-12-21 15:00:00,electricity,1.504,kWh
2024-12-21 15:00:00,water,25.529,L
2024-12-21 16:00:00,electricity,1.494,kWh
2024-12-21 16:00:00,water,28.336,L
2024-12-21 17:00:00,electricity,2.956,kWh
2024-12-21 17:00:00,water,45.413,L
2024-12-21 18:00:00,electricity,2.611,kWh
2024-12-21 18:00:00,water,42.212,L
2024-12-21 19:00:00,electricity,2.69,kWh
2024-12-21 19:00:00,water,57.804,L
2024-12-21 20:00:00,electricity,2.446,kWh
2024-12-21 20:00:00,water,38.295,L
2024-12-21 21:00:00,electricity,2.183,kWh
2024-12-21 21:00:00,water,25.71,L
2024-12-21 22:00:00,electricity,1.308,kWh
2024-12-21 22:00:00,water,28.384,L
2024-12-21 23:00:00,electricity,1.403,kWh
2024-12-21 23:00:00,water,23.773,L
2024-12-22 00:00:00,electricity,0.565,kWh
2024-12-22 00:00:00,water,4.42,L
2024-12-22 01:00:00,electricity,0.67,kWh
2024-12-22 01:00:00,water,4.301,L
2024-12-22 02:00:00,electricity,0.566,kWh
2024-12-22 02:00:00,water,3.631,L
2024-12-22 03:00:00,electricity,0.628,kWh
2024-12-22 03:00:00,water,4.499,L
2024-12-22 04:00:00,electricity,0.537,kWh
2024-12-22 04:00:00,water,4.578,L
2024-12-22 05:00:00,electricity,0.544,kWh
2024-12-22 05:00:00,water,3.847,L
2024-12-22 06:00:00,electricity,1.583,kWh
2024-12-22 06:00:00,water,55.336,L
2024-12-22 07:00:00,electricity,1.69,kWh
2024-12-22 07:00:00,water,74.362,L
2024-12-22 08:00:00,electricity,1.921,kWh
2024-12-22 08:00:00,water,63.563,L
2024-12-22 09:00:00,electricity,1.827,kWh
2024-12-22 09:00:00,water,60.299,L
2024-12-22 10:00:00,electricity,1.536,kWh
2024-12-22 10:00:00,water,27.229,L
2024-12-22 11:00:00,electricity,1.429,kWh
2024-12-22 11:00:00,water,24.248,L
2024-12-22 12:00:00,electricity,1.355,kWh
2024-12-22 12:00:00,water,21.98,L
2024-12-22 13:00:00,electricity,1.706,kWh
2024-12-22 13:00:00,water,23.625,L
2024-12-22 14:00:00,electricity,1.391,kWh
2024-12-22 14:00:00,water,26.317,L
2024-12-22 15:00:00,electricity,1.567,kWh
2024-12-22 15:00:00,water,17.806,L
2024-12-22 16:00:00,electricity,1.348,kWh
2024-12-22 16:00:00,water,22.591,L
2024-12-22 17:00:00,electricity,2.707,kWh
2024-12-22 17:00:00,water,56.841,L
2024-12-22 18:00:00,electricity,2.762,kWh
2024-12-22 18:00:00,water,45.756,L
2024-12-22 19:00:00,electricity,2.58,kWh
2024-12-22 19:00:00,water,57.795,L
2024-12-22 20:00:00,electricity,1.932,kWh
2024-12-22 20:00:00,water,57.026,L
2024-12-22 21:00:00,electricity,2.532,kWh
2024-12-22 21:00:00,water,29.02,L
2024-12-22 22:00:00,electricity,1.577,kWh
2024-12-22 22:00:00,water,27.254,L
2024-12-22 23:00:00,electricity,1.478,kWh
2024-12-22 23:00:00,water,28.241,L
2024-12-23 00:00:00,electricity,0.717,kWh
2024-12-23 00:00:00,water,3.959,L
2024-12-23 01:00:00,electricity,0.568,kWh
2024-12-23 01:00:00,water,3.675,L
2024-12-23 02:00:00,electricity,0.637,kWh
2024-12-23 02:00:00,water,3.045,L
2024-12-23 03:00:00,electricity,0.715,kWh
2024-12-23 03:00:00,water,2.781,L
2024-12-23 04:00:00,electricity,0.715,kWh
2024-12-23 04:00:00,water,3.042,L
2024-12-23 05:00:00,electricity,0.77,kWh
2024-12-23 05:00:00,water,3.088,L
2024-12-23 06:00:00,electricity,2.198,kWh
2024-12-23 06:00:00,water,38.286,L
2024-12-23 07:00:00,electricity,2.321,kWh
2024-12-23 07:00:00,water,45.432,L
2024-12-23 08:00:00,electricity,2.234,kWh
2024-12-23 08:00:00,water,52.141,L
2024-12-23 09:00:00,electricity,2.011,kWh
2024-12-23 09:00:00,water,35.283,L
2024-12-23 10:00:00,electricity,1.329,kWh
2024-12-23 10:00:00,water,19.785,L
2024-12-23 11:00:00,electricity,1.79,kWh
2024-12-23 11:00:00,water,20.97,L
2024-12-23 12:00:00,electricity,1.746,kWh
2024-12-23 12:00:00,water,16.789,L
2024-12-23 13:00:00,electricity,1.61,kWh
2024-12-23 13:00:00,water,21.659,L
2024-12-23 14:00:00,electricity,1.438,kWh
2024-12-23 14:00:00,water,16.509,L
2024-12-23 15:00:00,electricity,1.824,kWh
2024-12-23 15:00:00,water,18.953,L
2024-12-23 16:00:00,electricity,1.67,kWh
2024-12-23 16:00:00,water,17.337,L
2024-12-23 17:00:00,electricity,3.261,kWh
2024-12-23 17:00:00,water,36.119,L
2024-12-23 18:00:00,electricity,3.665,kWh
2024-12-23 18:00:00,water,34.722,L
2024-12-23 19:00:00,electricity,2.427,kWh
2024-12-23 19:00:00,water,40.644,L
2024-12-23 20:00:00,electricity,2.873,kWh
2024-12-23 20:00:00,water,41.32,L
2024-12-23 21:00:00,electricity,3.024,kWh
2024-12-23 21:00:00,water,22.326,L
2024-12-23 22:00:00,electricity,1.966,kWh
2024-12-23 22:00:00,water,18.828,L
2024-12-23 23:00:00,electricity,1.435,kWh
2024-12-23 23:00:00,water,23.589,L
2024-12-24 00:00:00,electricity,0.819,kWh
2024-12-24 00:00:00,water,3.152,L
2024-12-24 01:00:00,electricity,0.696,kWh
2024-12-24 01:00:00,water,2.922,L
2024-12-24 02:00:00,electricity,0.68,kWh
2024-12-24 02:00:00,water,3.672,L
2024-12-24 03:00:00,electricity,0.673,kWh
2024-12-24 03:00:00,water,2.437,L
2024-12-24 04:00:00,electricity,0.656,kWh
2024-12-24 04:00:00,water,2.202,L
2024-12-24 05:00:00,electricity,0.758,kWh
2024-12-24 05:00:00,water,2.737,L
2024-12-24 06:00:00,electricity,1.992,kWh
2024-12-24 06:00:00,water,48.836,L
2024-12-24 07:00:00,electricity,2.308,kWh
2024-12-24 07:00:00,water,39.298,L
2024-12-24 08:00:00,electricity,2.145,kWh
2024-12-24 08:00:00,water,39.703,L
2024-12-24 09:00:00,electricity,2.061,kWh
2024-12-24 09:00:00,water,50.136,L
2024-12-24 10:00:00,electricity,2.16,kWh
2024-12-24 10:00:00,water,18.999,L
2024-12-24 11:00:00,electricity,1.788,kWh
2024-12-24 11:00:00,water,18.814,L
2024-12-24 12:00:00,electricity,1.821,kWh
2024-12-24 12:00:00,water,19.688,L
2024-12-24 13:00:00,electricity,1.911,kWh
2024-12-24 13:00:00,water,17.082,L
2024-12-24 14:00:00,electricity,1.472,kWh
2024-12-24 14:00:00,water,17.181,L
2024-12-24 15:00:00,electricity,2.017,kWh
2024-12-24 15:00:00,water,19.749,L
2024-12-24 16:00:00,electricity,1.285,kWh
2024-12-24 16:00:00,water,15.095,L
2024-12-24 17:00:00,electricity,2.851,kWh
2024-12-24 17:00:00,water,27.858,L
2024-12-24 18:00:00,electricity,2.947,kWh
2024-12-24 18:00:00,water,35.55,L
2024-12-24 19:00:00,electricity,3.268,kWh
2024-12-24 19:00:00,water,41.689,L
2024-12-24 20:00:00,electricity,3.156,kWh
2024-12-24 20:00:00,water,38.65,L
2024-12-24 21:00:00,electricity,3.037,kWh
2024-12-24 21:00:00,water,24.815,L
2024-12-24 22:00:00,electricity,1.714,kWh
2024-12-24 22:00:00,water,17.056,L
2024-12-24 23:00:00,electricity,1.548,kWh
2024-12-24 23:00:00,water,23.352,L
2024-12-25 00:00:00,electricity,0.584,kWh
2024-12-25 00:00:00,water,3.235,L
2024-12-25 01:00:00,electricity,0.736,kWh
2024-12-25 01:00:00,water,2.514,L
2024-12-25 02:00:00,electricity,0.734,kWh
2024-12-25 02:00:00,water,3.31,L
2024-12-25 03:00:00,electricity,0.795,kWh
2024-12-25 03:00:00,water,2.96,L
2024-12-25 04:00:00,electricity,0.632,kWh
2024-12-25 04:00:00,water,4.106,L
2024-12-25 05:00:00,electricity,0.734,kWh
2024-12-25 05:00:00,water,2.216,L
2024-12-25 06:00:00,electricity,2.168,kWh
2024-12-25 06:00:00,water,52.393,L
2024-12-25 07:00:00,electricity,2.496,kWh
2024-12-25 07:00:00,water,42.872,L
2024-12-25 08:00:00,electricity,2.459,kWh
2024-12-25 08:00:00,water,36.267,L
2024-12-25 09:00:00,electricity,2.278,kWh
2024-12-25 09:00:00,water,42.154,L
2024-12-25 10:00:00,electricity,1.658,kWh
2024-12-25 10:00:00,water,18.599,L
2024-12-25 11:00:00,electricity,1.881,kWh
2024-12-25 11:00:00,water,20.241,L
2024-12-25 12:00:00,electricity,1.827,kWh
2024-12-25 12:00:00,water,21.719,L
2024-12-25 13:00:00,electricity,1.599,kWh
2024-12-25 13:00:00,water,21.071,L
2024-12-25 14:00:00,electricity,1.488,kWh
2024-12-25 14:00:00,water,15.915,L
2024-12-25 15:00:00,electricity,1.666,kWh
2024-12-25 15:00:00,water,20.441,L
2024-12-25 16:00:00,electricity,1.976,kWh
2024-12-25 16:00:00,water,18.845,L
2024-12-25 17:00:00,electricity,3.443,kWh
2024-12-25 17:00:00,water,34.554,L
2024-12-25 18:00:00,electricity,2.745,kWh
2024-12-25 18:00:00,water,36.546,L
2024-12-25 19:00:00,electricity,2.728,kWh
2024-12-25 19:00:00,water,34.306,L
2024-12-25 20:00:00,electricity,3.483,kWh
2024-12-25 20:00:00,water,37.667,L
2024-12-25 21:00:00,electricity,2.738,kWh
2024-12-25 21:00:00,water,20.53,L
2024-12-25 22:00:00,electricity,1.803,kWh
2024-12-25 22:00:00,water,19.724,L
2024-12-25 23:00:00,electricity,1.61,kWh
2024-12-25 23:00:00,water,23.794,L
2024-12-26 00:00:00,electricity,0.797,kWh
2024-12-26 00:00:00,water,3.226,L
2024-12-26 01:00:00,electricity,0.634,kWh
2024-12-26 01:00:00,water,2.932,L
2024-12-26 02:00:00,electricity,0.765,kWh
2024-12-26 02:00:00,water,3.492,L
2024-12-26 03:00:00,electricity,0.699,kWh
2024-12-26 03:00:00,water,2.906,L
2024-12-26 04:00:00,electricity,0.704,kWh
2024-12-26 04:00:00,water,2.891,L
2024-12-26 05:00:00,electricity,0.551,kWh
2024-12-26 05:00:00,water,3.238,L
2024-12-26 06:00:00,electricity,1.739,kWh
2024-12-26 06:00:00,water,44.285,L
2024-12-26 07:00:00,electricity,2.182,kWh
2024-12-26 07:00:00,water,45.458,L
2024-12-26 08:00:00,electricity,2.286,kWh
2024-12-26 08:00:00,water,31.39,L
2024-12-26 09:00:00,electricity,1.98,kWh
2024-12-26 09:00:00,water,45.09,L
2024-12-26 10:00:00,electricity,1.529,kWh
2024-12-26 10:00:00,water,14.053,L
2024-12-26 11:00:00,electricity,1.812,kWh
2024-12-26 11:00:00,water,15.363,L
2024-12-26 12:00:00,electricity,1.813,kWh
2024-12-26 12:00:00,water,15.116,L
2024-12-26 13:00:00,electricity,1.692,kWh
2024-12-26 13:00:00,water,15.748,L
2024-12-26 14:00:00,electricity,1.85,kWh
2024-12-26 14:00:00,water,16.814,L
2024-12-26 15:00:00,electricity,1.515,kWh
2024-12-26 15:00:00,water,16.949,L
2024-12-26 16:00:00,electricity,1.655,kWh
2024-12-26 16:00:00,water,19.435,L
2024-12-26 17:00:00,electricity,3.598,kWh
2024-12-26 17:00:00,water,38.501,L
2024-12-26 18:00:00,electricity,3.11,kWh
2024-12-26 18:00:00,water,28.945,L
2024-12-26 19:00:00,electricity,3.128,kWh
2024-12-26 19:00:00,water,37.875,L
2024-12-26 20:00:00,electricity,3.801,kWh
2024-12-26 20:00:00,water,38.932,L
2024-12-26 21:00:00,electricity,2.657,kWh
2024-12-26 21:00:00,water,21.613,L
2024-12-26 22:00:00,electricity,1.853,kWh
2024-12-26 22:00:00,water,22.336,L
2024-12-26 23:00:00,electricity,2.002,kWh
2024-12-26 23:00:00,water,23.014,L
2024-12-27 00:00:00,electricity,0.664,kWh
2024-12-27 00:00:00,water,3.275,L
2024-12-27 01:00:00,electricity,0.745,kWh
2024-12-27 01:00:00,water,2.433,L
2024-12-27 02:00:00,electricity,0.619,kWh
2024-12-27 02:00:00,water,2.912,L
2024-12-27 03:00:00,electricity,0.639,kWh
2024-12-27 03:00:00,water,3.543,L
2024-12-27 04:00:00,electricity,0.713,kWh
2024-12-27 04:00:00,water,3.51,L
2024-12-27 05:00:00,electricity,0.741,kWh
2024-12-27 05:00:00,water,3.306,L
2024-12-27 06:00:00,electricity,2.481,kWh
2024-12-27 06:00:00,water,47.899,L
2024-12-27 07:00:00,electricity,2.581,kWh
2024-12-27 07:00:00,water,53.935,L
2024-12-27 08:00:00,electricity,2.216,kWh
2024-12-27 08:00:00,water,55.356,L
2024-12-27 09:00:00,electricity,2.497,kWh
2024-12-27 09:00:00,water,44.303,L
2024-12-27 10:00:00,electricity,1.657,kWh
2024-12-27 10:00:00,water,15.906,L
2024-12-27 11:00:00,electricity,1.871,kWh
2024-12-27 11:00:00,water,17.416,L
2024-12-27 12:00:00,electricity,1.752,kWh
2024-12-27 12:00:00,water,24.689,L
2024-12-27 13:00:00,electricity,1.792,kWh
2024-12-27 13:00:00,water,14.61,L
2024-12-27 14:00:00,electricity,1.789,kWh
2024-12-27 14:00:00,water,16.984,L
2024-12-27 15:00:00,electricity,1.441,kWh
2024-12-27 15:00:00,water,14.949,L
2024-12-27 16:00:00,electricity,1.523,kWh
2024-12-27 16:00:00,water,18.269,L
2024-12-27 17:00:00,electricity,3.12,kWh
2024-12-27 17:00:00,water,32.088,L
2024-12-27 18:00:00,electricity,2.568,kWh
2024-12-27 18:00:00,water,37.011,L
2024-12-27 19:00:00,electricity,3.346,kWh
2024-12-27 19:00:00,water,28.725,L
2024-12-27 20:00:00,electricity,3.358,kWh
2024-12-27 20:00:00,water,40.279,L
2024-12-27 21:00:00,electricity,3.19,kWh
2024-12-27 21:00:00,water,25.8,L
2024-12-27 22:00:00,electricity,1.524,kWh
2024-12-27 22:00:00,water,21.463,L
2024-12-27 23:00:00,electricity,1.953,kWh
2024-12-27 23:00:00,water,22.135,L
2024-12-28 00:00:00,electricity,0.676,kWh
2024-12-28 00:00:00,water,3.824,L
2024-12-28 01:00:00,electricity,0.57,kWh
2024-12-28 01:00:00,water,3.985,L
2024-12-28 02:00:00,electricity,0.59,kWh
2024-12-28 02:00:00,water,3.882,L
2024-12-28 03:00:00,electricity,0.573,kWh
2024-12-28 03:00:00,water,4.259,L
2024-12-28 04:00:00,electricity,0.591,kWh
2024-12-28 04:00:00,water,4.477,L
2024-12-28 05:00:00,electricity,0.555,kWh
2024-12-28 05:00:00,water,3.519,L
2024-12-28 06:00:00,electricity,1.819,kWh
2024-12-28 06:00:00,water,56.329,L
2024-12-28 07:00:00,electricity,1.991,kWh
2024-12-28 07:00:00,water,64.829,L
2024-12-28 08:00:00,electricity,2.253,kWh
2024-12-28 08:00:00,water,48.52,L
2024-12-28 09:00:00,electricity,1.57,kWh
2024-12-28 09:00:00,water,44.666,L
2024-12-28 10:00:00,electricity,1.389,kWh
2024-12-28 10:00:00,water,24.035,L
2024-12-28 11:00:00,electricity,1.238,kWh
2024-12-28 11:00:00,water,24.794,L
2024-12-28 12:00:00,electricity,1.628,kWh
2024-12-28 12:00:00,water,21.372,L
2024-12-28 13:00:00,electricity,1.321,kWh
2024-12-28 13:00:00,water,21.775,L
2024-12-28 14:00:00,electricity,1.201,kWh
2024-12-28 14:00:00,water,21.265,L
2024-12-28 15:00:00,electricity,1.494,kWh
2024-12-28 15:00:00,water,20.966,L
2024-12-28 16:00:00,electricity,1.649,kWh
2024-12-28 16:00:00,water,25.347,L
2024-12-28 17:00:00,electricity,2.695,kWh
2024-12-28 17:00:00,water,41.844,L
2024-12-28 18:00:00,electricity,2.579,kWh
2024-12-28 18:00:00,water,47.197,L
2024-12-28 19:00:00,electricity,2.631,kWh
2024-12-28 19:00:00,water,43.454,L
2024-12-28 20:00:00,electricity,2.885,kWh
2024-12-28 20:00:00,water,40.237,L
2024-12-28 21:00:00,electricity,2.306,kWh
2024-12-28 21:00:00,water,32.304,L
2024-12-28 22:00:00,electricity,1.388,kWh
2024-12-28 22:00:00,water,27.425,L
2024-12-28 23:00:00,electricity,1.34,kWh
2024-12-28 23:00:00,water,29.911,L
2024-12-29 00:00:00,electricity,0.496,kWh
2024-12-29 00:00:00,water,3.194,L
2024-12-29 01:00:00,electricity,0.543,kWh
2024-12-29 01:00:00,water,3.553,L
2024-12-29 02:00:00,electricity,0.624,kWh
2024-12-29 02:00:00,water,4.254,L
2024-12-29 03:00:00,electricity,0.593,kWh
2024-12-29 03:00:00,water,5.111,L
2024-12-29 04:00:00,electricity,0.598,kWh
2024-12-29 04:00:00,water,2.975,L
2024-12-29 05:00:00,electricity,0.57,kWh
2024-12-29 05:00:00,water,3.806,L
2024-12-29 06:00:00,electricity,1.921,kWh
2024-12-29 06:00:00,water,61.394,L
2024-12-29 07:00:00,electricity,1.679,kWh
2024-12-29 07:00:00,water,54.175,L
2024-12-29 08:00:00,electricity,1.769,kWh
2024-12-29 08:00:00,water,64.464,L
2024-12-29 09:00:00,electricity,1.86,kWh
2024-12-29 09:00:00,water,52.416,L
2024-12-29 10:00:00,electricity,1.443,kWh
2024-12-29 10:00:00,water,23.832,L
2024-12-29 11:00:00,electricity,1.449,kWh
2024-12-29 11:00:00,water,21.934,L
2024-12-29 12:00:00,electricity,1.385,kWh
2024-12-29 12:00:00,water,26.824,L
2024-12-29 13:00:00,electricity,1.351,kWh
2024-12-29 13:00:00,water,21.501,L
2024-12-29 14:00:00,electricity,1.847,kWh
2024-12-29 14:00:00,water,22.412,L
2024-12-29 15:00:00,electricity,1.531,kWh
2024-12-29 15:00:00,water,26.055,L
2024-12-29 16:00:00,electricity,1.462,kWh
2024-12-29 16:00:00,water,20.513,L
2024-12-29 17:00:00,electricity,2.468,kWh
2024-12-29 17:00:00,water,49.152,L
2024-12-29 18:00:00,electricity,2.413,kWh
2024-12-29 18:00:00,water,38.088,L
2024-12-29 19:00:00,electricity,2.494,kWh
2024-12-29 19:00:00,water,42.386,L
2024-12-29 20:00:00,electricity,2.601,kWh
2024-12-29 20:00:00,water,50.985,L
2024-12-29 21:00:00,electricity,2.052,kWh
2024-12-29 21:00:00,water,25.773,L
2024-12-29 22:00:00,electricity,1.184,kWh
2024-12-29 22:00:00,water,27.339,L
2024-12-29 23:00:00,electricity,1.315,kWh
2024-12-29 23:00:00,water,30.981,L
2024-12-30 00:00:00,electricity,0.701,kWh
2024-12-30 00:00:00,water,2.791,L
2024-12-30 01:00:00,electricity,0.67,kWh
2024-12-30 01:00:00,water,3.296,L
2024-12-30 02:00:00,electricity,0.788,kWh
2024-12-30 02:00:00,water,3.078,L
2024-12-30 03:00:00,electricity,0.585,kWh
2024-12-30 03:00:00,water,3.157,L
2024-12-30 04:00:00,electricity,0.635,kWh
2024-12-30 04:00:00,water,3.447,L
2024-12-30 05:00:00,electricity,0.791,kWh
2024-12-30 05:00:00,water,3.115,L
2024-12-30 06:00:00,electricity,2.26,kWh
2024-12-30 06:00:00,water,53.31,L
2024-12-30 07:00:00,electricity,2.428,kWh
2024-12-30 07:00:00,water,49.921,L
2024-12-30 08:00:00,electricity,2.688,kWh
2024-12-30 08:00:00,water,42.173,L
2024-12-30 09:00:00,electricity,2.076,kWh
2024-12-30 09:00:00,water,51.983,L
2024-12-30 10:00:00,electricity,1.699,kWh
2024-12-30 10:00:00,water,18.57,L
2024-12-30 11:00:00,electricity,1.669,kWh
2024-12-30 11:00:00,water,17.147,L
2024-12-30 12:00:00,electricity,1.381,kWh
2024-12-30 12:00:00,water,18.601,L
2024-12-30 13:00:00,electricity,1.663,kWh
2024-12-30 13:00:00,water,20.403,L
2024-12-30 14:00:00,electricity,1.867,kWh
2024-12-30 14:00:00,water,18.983,L
2024-12-30 15:00:00,electricity,1.809,kWh
2024-12-30 15:00:00,water,21.936,L
2024-12-30 16:00:00,electricity,1.822,kWh
2024-12-30 16:00:00,water,20.347,L
2024-12-30 17:00:00,electricity,2.973,kWh
2024-12-30 17:00:00,water,39.854,L
2024-12-30 18:00:00,electricity,2.886,kWh
2024-12-30 18:00:00,water,32.883,L
2024-12-30 19:00:00,electricity,3.481,kWh
2024-12-30 19:00:00,water,36.691,L
2024-12-30 20:00:00,electricity,2.935,kWh
2024-12-30 20:00:00,water,37.822,L
2024-12-30 21:00:00,electricity,3.18,kWh
2024-12-30 21:00:00,water,24.381,L
2024-12-30 22:00:00,electricity,1.744,kWh
2024-12-30 22:00:00,water,24.221,L
2024-12-30 23:00:00,electricity,1.967,kWh
2024-12-30 23:00:00,water,22.958,L
